{"type":"Topology","transform":{"scale":[0.0001035493692762398,0.00007257754386420754],"translate":[-73.72788416550618,40.98016358774158]},"arcs":[[[9335,3612],[13,85],[11,74],[24,23],[14,5],[69,0],[70,8],[3,-19],[-10,-33],[-18,-1],[-24,-22],[0,-18],[-41,-33],[-56,-31],[-14,-10],[-24,-32],[-7,-11],[-10,15]],[[7192,9086],[115,13],[69,10],[38,10],[122,17],[86,15],[4,-55],[31,-312],[14,-136],[-4,-10],[-38,-227],[-45,-269],[-28,-159],[-10,-38],[173,29],[21,0],[104,21],[118,18],[3,0],[184,29],[45,-9],[-3,-6],[55,-49],[21,-60],[21,-4],[14,-32],[3,-45],[52,-15],[28,-2],[48,-17],[14,3],[4,-5],[27,-14],[56,-9],[-10,38],[-4,81],[-28,193],[80,24],[121,27],[-17,-119],[35,26],[-4,-115],[11,-7],[38,-17],[21,1],[86,111],[7,-4],[42,63],[38,90],[208,39],[114,19],[149,21]],[[9421,8249],[21,-271],[7,-162],[3,-15],[4,-29],[14,-214],[3,-20],[21,-407],[14,-201],[90,31],[-14,-163],[0,-4],[-34,-482],[-11,-24],[-59,-182],[80,19],[166,37],[122,28],[169,44],[77,16],[38,0],[73,22],[41,4],[128,34],[-10,-26],[17,-19],[21,3],[24,1],[-13,-57],[27,2],[42,-25],[-28,-49],[-34,-52],[-14,-40],[7,-10],[3,-15],[17,-5],[7,-16],[18,0],[31,-28],[38,-19],[52,0],[0,-58],[17,-17],[-3,-46],[21,-33],[24,-14],[14,-15],[-11,-26],[35,-49],[42,-27],[20,-41],[35,-35],[-14,-25],[-3,-49],[24,-59],[28,-41],[-4,-41],[11,-44],[-21,-3],[7,-25],[-4,-27],[-24,-10],[-3,-75],[0,-46],[10,-21],[-10,-29],[13,-43],[0,-53],[-13,-12],[0,-21],[-18,-53],[7,-11],[-10,-36],[3,-50],[25,-11],[3,-23],[28,9],[34,-8],[25,-22],[17,-3],[35,38],[14,-7],[27,-55],[11,-17],[24,-2],[21,23],[7,-2],[7,-17],[3,-60],[-24,-35],[-14,-13],[21,-19],[21,7],[0,-18],[-14,0],[-21,-17],[28,-26],[-4,-9],[4,-25],[31,-13],[14,-21],[-7,-13],[17,1],[35,-21],[3,-21],[24,-24],[28,-17],[-10,-6],[17,-13],[-7,-11],[7,-19],[24,-4],[18,-24],[10,-33],[0,-6],[7,-12],[28,-16],[34,-52],[4,-24],[21,-19],[38,-1],[21,17],[27,-20],[-20,-40],[17,-20],[17,-32],[-24,-28],[7,-58],[-14,-43],[3,-25],[14,-30],[94,-76]],[[11508,3784],[-4,-54],[-69,-30],[-31,29],[-229,233],[-3,4],[0,1],[-118,50],[-17,-5],[-56,-17],[-69,-19],[-31,11],[-28,17],[-35,-4],[-3,0],[-21,5],[-69,16],[0,-1],[-18,-4],[-118,-35],[-97,-29],[-121,-15],[-7,-2],[-35,-11],[-27,49],[-11,6],[-34,16],[-18,-54],[-3,-7],[-24,10],[-18,8],[-21,-20],[-41,-45],[14,-103],[-73,39],[-4,-29],[-3,-38],[0,-20],[-45,-61],[-4,-3],[-27,-16],[-14,-8],[-7,0],[-59,-2],[-87,-4],[-27,62],[24,28],[-14,44],[-97,68],[-101,-61],[-45,38],[21,49],[-14,4],[-38,11],[-104,-52],[0,52],[-7,48],[-21,18],[-27,0],[-146,-55],[-52,34],[-80,-8],[-45,-84],[-90,-13],[-3,-1],[-52,-37],[-11,-8],[-41,-58],[-73,-23],[-7,76],[-38,20],[10,47],[4,24],[-49,39],[-3,-8],[-28,-53],[-21,-62],[-34,-86],[-45,37],[-14,78],[-56,0],[-7,-5],[-17,-11],[-7,-74],[-28,-33],[-55,-26],[-17,-8],[-191,-36],[-4,-1],[-135,15],[-52,30],[-34,20],[-7,14],[20,61],[4,2],[59,35],[17,10],[0,2],[0,2],[11,47],[-25,52],[0,4],[-10,25],[-80,60],[4,18],[10,68],[-17,87],[-4,7],[0,124],[-10,43],[-4,13],[-52,7],[-83,-102],[-45,-85],[-7,-12],[0,-4],[-10,-6],[-45,-24],[0,29],[-35,-4],[-14,5],[-3,-16],[0,-2],[-4,-9],[4,-22],[3,-6],[14,-15],[0,-3],[0,-50],[4,-5],[13,-16],[42,-47],[3,-4],[7,-10],[4,-3],[10,-10],[11,-12],[-28,-29],[-10,-10],[-4,-4],[-42,-33],[-13,-7],[-21,-13],[-11,-2],[-17,-6],[-3,-1],[-111,-36],[-35,-36],[-28,-7],[-17,-5],[-45,-84],[-42,-83],[-41,-78],[-31,-7],[-4,2],[-21,15],[-7,2],[-31,11],[-3,1],[0,-1],[-7,-9],[-11,-19],[-3,-32],[-28,-63],[-17,-39],[-4,-1],[-3,-1],[-49,-12],[-20,-11],[-21,-11],[-21,-11],[-14,-62],[-3,-8],[-14,-70],[-52,-58],[-7,-7],[-14,-16],[-45,-3],[-4,0],[0,10],[-3,22],[-21,11],[-3,1],[-66,4],[-42,-19],[-17,-24],[-4,-8],[-17,-28],[-62,107],[-11,1],[-34,5],[-14,2],[-42,-24],[-41,-23],[-66,-124],[-66,-25],[-7,-3],[-59,-22],[-3,-1],[-7,-8],[-18,-19],[-41,-48],[-11,-11],[-24,-40],[-21,-34],[-7,-10],[-38,-59],[-17,-21],[-24,-29],[-18,4],[-10,-12],[-11,-15],[-3,-6],[-21,-41]],[[5986,2598],[-41,37],[-73,59],[-14,26],[-7,18],[-3,55],[10,63],[7,15],[41,56],[11,12],[45,94],[14,52],[-4,17],[-10,35],[3,75],[0,10],[18,59],[-21,96],[0,29],[7,28],[21,42],[27,57],[32,48],[79,63],[21,25],[38,73],[4,39],[-11,76],[0,72],[-7,89],[18,66],[31,68],[21,19],[24,22],[35,18],[38,21],[24,26],[35,78],[3,38],[-28,46],[-72,64],[-21,29],[-14,53],[-31,21],[-31,9],[-14,11],[-38,65],[-25,24],[-34,22],[-174,124],[-10,8],[-49,87],[-17,41],[-7,31],[-10,22],[-18,18],[-93,63],[-21,38],[-14,100],[-76,90],[-35,34],[-59,89],[-17,41],[3,52],[-24,6],[-52,-9],[-48,11],[-11,-8],[-7,3],[-76,83],[-21,29],[-45,76],[4,32],[24,36],[3,57],[-17,31],[-35,23],[-62,16],[-31,24],[-17,36],[-59,65],[-39,31],[-62,87],[-24,7],[-56,11],[-3,-8],[-31,-9],[-56,-41],[-10,0],[-14,1],[-38,50],[0,85],[-21,49],[-7,4],[-28,-12],[-31,-17],[-55,-54],[-21,-7],[-31,8],[-21,16],[-14,23],[-14,94],[-28,61],[-34,50],[-42,14],[-48,-14],[-45,-18],[-35,-30],[-24,-11],[-42,21],[-17,50],[-7,47],[10,35],[0,32],[14,55],[0,39],[-14,34],[-10,11],[-21,8],[-21,-4],[-52,-32]],[[4031,6733],[-21,15],[-79,98],[-18,52],[-38,42],[-3,14],[0,15],[21,50],[-21,43],[14,36],[24,35],[14,35],[7,44],[17,22],[108,11],[516,83],[21,1],[28,5],[69,7],[218,-38],[111,-16],[14,-3],[24,-4],[326,56],[146,24],[-4,13],[-66,438],[-20,138],[190,10],[135,42],[7,3],[11,3],[294,106],[45,16],[18,5],[27,65],[25,60],[17,34],[21,49],[24,16],[24,10],[132,14],[59,2],[7,9],[-28,57],[-3,101],[14,20],[-4,54],[14,8],[76,41],[135,76],[14,-1],[156,-15],[-27,180],[176,27],[194,145]],[[3511,1499],[25,-20],[13,-25],[14,13],[21,6],[28,6],[-4,-26],[-7,-29],[-27,-21],[-21,1],[-38,21],[-56,72],[52,2]],[[3224,1202],[17,47],[38,34],[45,-11],[17,-4],[7,-21],[-24,-17],[-3,-3],[-25,-40],[-34,-28],[21,-45],[20,-18],[-3,-18],[-11,-2],[-45,44],[-31,41],[11,41]],[[3002,1016],[118,114],[48,3],[7,-19],[-17,-47],[-7,-54],[-42,-19],[-34,10],[-122,-75],[49,87]],[[1106,120],[17,16],[17,11],[14,0],[7,-6],[-7,-10],[-14,-12],[-27,-19],[-7,20]],[[939,7],[11,41],[27,-8],[28,22],[11,-1],[7,-29],[-7,-6],[-7,1],[-18,-13],[-14,10],[-10,-6],[-10,-11],[-14,-7],[-4,7]],[[794,218],[10,23],[4,9],[14,-6],[24,-45],[10,-8],[7,1],[7,-12],[3,-14],[-20,-12],[3,-25],[-14,-4],[-7,19],[-10,14],[-21,54],[-10,6]],[[1768,5322],[10,108],[0,12],[4,20],[0,3],[10,174],[0,11],[10,207],[0,10],[35,385],[4,27],[0,28],[3,25],[0,19],[7,141],[3,24],[0,27],[0,3],[0,6],[0,20],[7,87],[4,99],[3,73],[0,6],[0,7],[4,16],[0,12],[0,1],[0,10],[17,260],[0,2],[14,254],[3,42],[4,96],[28,374],[13,239],[46,663],[10,295],[17,352]],[[2024,9460],[21,-11],[56,7],[34,-9],[0,-25],[28,-31],[48,-37],[11,-2],[28,32],[10,-1],[21,-71],[14,-38],[55,-80],[-21,-5],[-14,-20],[-17,11],[-38,-24],[-24,-32],[3,-27],[-7,-27],[-10,-4],[55,-180],[118,-335],[56,-172],[183,-566],[11,-62],[34,-105],[45,-135],[7,-37],[21,-117],[-24,-64],[7,-8],[10,-69],[-3,-29],[10,-25],[7,-60],[7,-60],[17,18],[87,75],[52,18],[73,37],[31,21],[114,76],[153,79],[17,-32],[0,-20],[-24,-26],[-10,-36],[17,-18],[48,-22],[28,-24],[21,-39],[14,-136],[111,-53],[48,-44],[80,-32],[28,-23],[76,-20],[31,-13],[49,-42],[48,-44],[132,-28],[24,19]],[[5986,2598],[-24,-124],[35,-58],[55,-19],[-17,-37],[-77,-9],[-20,-6],[-167,-49],[-72,31],[-260,108],[-73,30],[14,81],[-49,18],[-17,6],[-38,-18],[-4,-1],[-24,-12],[0,-10],[-17,-61],[-160,-16],[-107,-117],[-28,-113],[-45,7],[-66,9],[-62,18],[-4,1],[0,-3],[-3,-8],[-25,-69],[-45,-137],[-3,-3],[-187,-145],[-59,16],[-56,15],[-34,59],[-84,51],[-3,2],[-94,-30],[-10,-25],[0,-2],[0,-4],[-21,-44],[-66,-51],[-20,-37],[-32,34],[-55,-2],[-14,0],[-14,-1],[-24,-19],[-56,-48],[-17,-17],[-3,1],[0,1],[-52,22],[-104,-57],[-32,-17],[-24,-66],[-41,31],[-108,46],[0,-60],[4,-16],[24,-59],[-38,-25],[-132,-2],[31,-68],[-14,-23],[-24,14],[-38,20],[-45,-49],[0,-18],[-7,-59],[-49,-3],[-41,57],[-4,-2],[-27,-51],[-21,-15],[3,-78],[-10,-61],[-45,0],[-87,-93],[-107,-117],[-18,12],[-31,-15],[-24,4],[-28,24],[-31,-3],[-35,-4],[-3,-3],[-80,-107],[-90,31],[-76,-97],[-11,-115],[-121,55],[-17,58],[-18,55],[-20,-19],[-97,-84],[0,-89],[-108,62],[0,0],[-41,-13],[-18,-6],[0,-1],[4,-14],[14,-62],[6,-3],[32,-26],[3,-3],[-21,-48],[-17,-44],[-14,-41],[-3,-7],[-63,-40],[-3,12],[-17,64],[10,95],[-24,40],[-18,2],[-10,1],