{"type":"Topology","transform":{"scale":[0.00010354168045527895,0.00007257557528203275],"translate":[-75.78848830894933,38.45100037356238]},"arcs":[[[638,5221],[319,16],[27,3],[32,0],[974,46],[263,14],[21,24],[21,18],[21,32],[45,32],[27,-7],[14,11],[38,55],[-3,31],[10,7],[142,74],[25,72],[14,41],[65,152],[14,54],[25,25],[20,12],[18,-10],[21,14],[17,3],[7,13],[10,38],[14,29],[28,9],[10,15],[24,43],[4,38],[-4,47],[21,63],[11,3],[7,10],[27,-1],[18,16],[20,4],[66,39],[49,36],[48,-26],[35,5],[42,16],[27,16],[35,9],[21,5],[3,0],[32,1],[58,-32],[18,17],[21,4],[17,11],[38,3],[10,12],[14,-3],[4,21],[17,-2],[14,-16],[14,18],[-14,16],[17,18],[38,0],[21,-7],[0,-15],[18,5],[6,9],[-3,37],[28,-11],[10,-14],[0,-14],[17,2],[4,3],[10,19],[-20,52],[10,30],[24,8],[7,19],[-17,35],[7,26],[14,30],[7,37],[-25,-10],[-24,27],[31,20],[11,25],[-11,52],[-10,18],[0,26],[24,30],[28,17],[17,24],[4,18],[0,21],[24,15],[17,-29],[63,17],[10,39],[0,35],[7,8],[38,-18],[45,12],[42,-25],[-4,-28],[21,-50],[14,7],[35,43],[7,0],[13,-24],[18,-23],[3,-25],[24,-33],[14,-28],[25,-7],[7,10],[3,21],[31,52],[7,25],[11,0],[10,-8],[7,-45],[-11,-55],[46,-16],[34,15],[18,21],[10,25],[21,-3],[21,-20],[17,0],[14,9],[24,30],[10,22],[18,3],[24,-11],[31,-34],[4,-13],[-11,-30],[25,-19]],[[4604,6819],[0,-3],[3,-14],[-42,-68],[-3,-5],[-7,-59],[-3,-23],[48,-121],[80,-158],[107,-136],[122,-151],[65,-117],[45,-41],[56,-48],[298,-456],[49,-52],[211,-236],[142,-228],[4,-2],[284,-213],[17,-15],[239,-109],[201,10],[101,51],[3,1],[52,27],[35,73],[4,50],[-56,82],[14,33],[52,-28],[28,-93],[69,-345],[17,-304],[11,-163],[0,-1],[10,-85],[4,-31],[24,-180],[3,-32],[14,-101],[4,-40],[10,-90],[17,-128],[46,-376],[3,-395],[31,-323],[7,-4],[4,-3],[3,-6],[7,-4],[0,-12],[3,-90],[32,-512],[7,-109],[7,-117],[0,-13],[3,-75],[7,-113],[0,-6],[7,-87],[3,-58],[0,-14],[0,-6],[11,-155],[17,-304],[4,-118],[0,-143],[3,-153],[0,-70],[-31,0],[-4,0],[-7,0],[-10,0],[-101,0],[-3,0],[-3,0],[-7,0],[-35,0],[-4,0],[-20,0],[-4,0],[-3,0],[-122,0],[-24,0],[-14,0],[-506,-1],[-416,-3],[-3,0],[-191,1],[-128,2],[-83,1],[-56,0],[-35,0],[-156,2],[-76,1],[-121,1],[-565,4],[-94,1],[-138,1],[-149,1],[-219,0],[-10,1],[-156,4],[-135,2],[-35,1],[-4,0],[-145,4],[-326,10],[-14,0],[-204,6],[-25,1],[-180,7],[-14,0],[-104,3],[-28,2],[-27,0],[-38,2],[-45,1],[-70,2],[-28,1],[-3,1],[-7,0],[-7,0],[-31,1],[-10,1],[-4,0],[-93,4],[-73,5],[-7,0],[-7,0],[-4,0],[-55,-1],[-38,1],[-45,6],[0,1],[-316,14],[-170,6],[-142,6],[-27,2],[-250,15],[-21,1],[-24,445],[-4,57],[-13,203],[-7,149],[-14,284],[0,0],[-14,249],[-17,336],[-7,96],[-18,312],[0,21],[-3,70],[-4,66],[-7,126],[0,2],[-48,862],[-4,105],[-45,827],[-27,499],[0,1],[-18,278],[-3,108]],[[274,11655],[97,8],[38,1],[302,25],[260,-29],[31,-5],[17,-32],[28,-29],[21,1],[31,-28],[14,7],[27,-1],[11,6],[21,-13],[14,3],[52,15],[55,-8],[17,11],[14,-5],[21,22],[14,38],[14,13],[34,31],[7,24],[11,5],[69,5],[14,-3],[45,42],[14,-4],[21,31],[7,22],[20,11],[14,18],[35,-5],[17,-19],[25,8],[10,5],[14,-7],[28,-9],[24,43],[7,-29],[10,-14],[24,4],[4,18],[21,-3],[7,2],[17,4],[7,-21],[14,21],[3,18],[18,7],[27,-10],[0,-18],[28,-15],[35,35],[62,31],[35,75],[21,64],[-11,42],[7,30],[42,44],[20,2],[39,18],[24,27],[7,17],[-7,18],[-21,19],[10,31],[-3,18],[-21,9],[-7,22],[18,21],[13,34],[11,-10],[3,-22],[18,-18],[24,-5],[7,7],[-4,54],[-10,10],[-14,-4],[-10,22],[14,21],[17,13],[17,-2],[18,-13],[0,-16],[27,-13],[11,8],[7,26],[17,15],[17,-6],[7,-27],[31,-19],[14,11],[0,27],[25,17],[31,-16],[14,18],[-14,29],[0,21],[27,18],[25,1],[17,-15],[17,19],[28,13],[7,47],[35,18]],[[2666,12603],[7,-7],[62,-83],[14,-6],[59,-36],[35,-21],[24,-37],[-4,-10],[-20,-63],[0,0],[10,-15],[14,-21],[14,-16],[104,-52],[-4,-34],[101,-79],[86,-36],[49,-48],[24,-87],[45,-40],[90,-30],[11,-32],[7,-23],[0,-45],[-4,-96],[4,-2],[17,-32],[10,-25],[0,-38],[4,-32],[28,-31],[27,-34],[111,-163],[38,-58],[42,-60],[35,-93],[-7,-45],[-18,-99],[4,-18],[10,-51],[28,-48],[-28,-209],[4,-2],[7,-13],[76,-90],[-14,-92],[35,-87],[-11,-159],[-17,-33],[-24,-38],[-80,-164],[-17,-75],[7,-63],[-7,-72],[-4,-42],[-28,-41],[11,-79],[45,-185],[-4,-160],[80,-323],[-31,-282],[7,-124],[3,-36],[0,-2],[14,-16],[4,-1],[41,-89],[-3,-8],[0,-10],[80,-92],[76,-33],[38,-55],[45,-26],[108,-139],[20,-16],[118,-94],[49,-67],[218,-438],[31,-102],[35,-182],[-10,-228],[0,-24],[7,-47]],[[638,5221],[0,1],[-4,43],[-10,187],[0,1],[-3,14],[-4,108],[-10,173],[0,15],[-21,361],[-31,519],[-18,327],[0,7],[-55,997],[-11,159],[0,33],[-20,376],[-4,49],[-3,73],[-14,205],[-4,69],[-10,151],[-3,59],[0,3],[-4,71],[-14,317],[0,1],[-17,295],[-11,115],[-3,57],[-3,7],[-4,81],[-10,217],[-32,641],[0,2],[-10,165],[-31,535]],[[2153,14658],[38,79],[14,-63],[-21,-46],[-49,-56],[18,86]],[[2212,16243],[3,-11],[-3,-67],[10,-95],[14,-71],[-4,-40],[7,-35],[7,-12],[-59,-8],[-55,117],[-35,118],[-3,18],[3,21],[7,23],[69,43],[39,-1]],[[2011,15824],[24,-20],[21,-15],[17,-16],[10,-18],[21,-5],[45,-48],[14,-17],[-21,-31],[-10,-18],[-10,-8],[-32,9],[-31,31],[-28,52],[-10,39],[0,36],[-10,29]],[[0,17515],[142,0],[73,216],[3,3],[52,126],[4,5],[10,18],[45,93],[14,28],[14,26],[69,115],[49,69],[0,0],[28,39],[90,116],[21,23],[13,16],[42,44],[21,25],[107,104],[45,42],[149,117],[42,27],[7,4],[132,82],[41,26],[205,99],[66,25],[170,53],[208,44],[10,1],[10,2],[4,1],[128,14],[7,0],[83,7],[187,-7],[101,-3],[7,-1],[7,0],[197,-26],[4,0],[190,-41],[0,-1],[56,-19],[114,-39],[56,-23],[28,-11],[0,-1],[90,-37],[0,-1],[31,-16],[3,-1],[45,-25],[14,-5],[35,-23],[121,-76],[4,-1],[31,-19],[55,-35],[77,-61],[48,-39],[94,-76],[-298,-155],[-18,-10],[-38,-41],[-80,-84],[-3,-4],[3,-4],[11,-5],[-28,-74],[-69,-44],[-45,-70],[3,-52],[-24,-86],[0,0],[-31,-99],[-11,-24],[-14,-35],[-20,-53],[-7,-31],[-7,-29],[0,-33],[-18,-55],[0,-55],[0,-2],[4,-30],[-7,-47],[-14,-16],[-24,10],[-14,14],[-21,3],[-31,-13],[-28,-51],[-10,-29],[-38,-105],[-77,-42],[-3,-3],[-24,-16],[-18,-34],[-7,-109],[0,-7],[-149,69],[-45,21],[-3,-5],[-31,-52],[-63,-94],[-100,-161],[0,-1],[-4,-2],[-14,-23],[-7,-11],[-38,-60],[-45,-71],[-10,-15],[-66,-2],[-135,-59],[-38,-17],[-45,-75],[-84,-141],[-110,-185],[-14,-14],[0,-9],[-7,-27],[-7,-32],[3,-18],[11,-23],[-4,-6],[24,-33],[-20,-38],[0,-8],[-4,-9],[18,-119],[0,-2],[69,-103],[10,-13],[28,1],[21,1],[14,-18],[48,-59],[0,-4],[42,-36],[7,-5],[0,-6],[3,-13],[7,-6],[139,-148],[10,-6],[73,-69],[-10,-22],[-4,-11],[-10,-19],[-35,-247],[-3,-20],[-7,-164],[-21,-140],[-4,-14],[-17,-48],[-17,-47],[-45,-73],[-52,-85],[-14,-18],[0,-9],[0,-5],[0,-69],[-52,-154],[0,-16],[10,-144],[21,-76],[7,-17],[87,-138],[7,-19],[6,-21],[56,-35],[21,-39],[-4,-28],[-3,-22],[152,-118],[167,-191],[27,-97],[118,-246],[18,-51],[7,-86],[52,-45],[27,-169],[4,-6]],[[274,11655],[0,4],[-4,57],[-38,661],[-14,247],[-7,138],[0,5],[-31,530],[-24,405],[-14,274],[-14,215],[-10,185],[-31,556],[0,12],[0,13],[-14,189],[-14,304],[-4,66],[-10,185],[-3,78],[-7,141],[-7,75],[-7,136],[-7,122],[0,50],[0,4],[-4,41],[0,21],[0,1],[-3,58],[-4,73],[0,8],[-3,71],[0,54],[0,16],[0,166],[0,128],[0,12],[0,4],[0,170],[0,12],[0,68],[0,3],[0,268],[0,34]]],"objects":{"SC_DE.geo":{"type":"GeometryCollection","geometries":[{"arcs":[[0,1]],"type":"Polygon","properties":{"parent":"DE","name":"Sussex","countyFIPS":"10005"},"id":"Sussex"},{"arcs":[[2,3,-1,4]],"type":"Polygon","properties":{"parent":"DE","name":"Kent","countyFIPS":"10001"},"id":"Kent"},{"arcs":[[[5]],[[6]],[[7]],[[8,-3,9]]],"type":"MultiPolygon","properties":{"parent":"DE","name":"New Castle","countyFIPS":"10003"},"id":"New Castle"}]}}}