{"type":"Topology","transform":{"scale":[0.00010355225474812617,0.00007257374625807554],"translate":[-71.86289563923366,41.14634056348656]},"arcs":[[[2412,192],[25,33],[0,79],[10,46],[14,16],[3,34],[21,93],[42,15],[38,28],[21,44],[17,42],[4,102],[34,-32],[0,3],[35,48],[48,43],[21,78],[18,27],[0,65],[3,127],[-10,86],[31,-46],[38,-34],[24,-10],[21,4],[31,-10],[24,-36],[14,-33],[25,-35],[17,-51],[-14,-64],[-21,-52],[-34,-55],[-28,-71],[-21,-99],[0,-54],[17,-64],[32,-54],[17,-20],[7,-5],[10,-12],[31,5],[0,-1],[18,-58],[24,-32],[55,-26],[-10,-20],[17,-29],[-17,-19],[0,-35],[-14,-52],[-48,-27],[-42,-2],[-48,-15],[-45,-20],[-25,5],[-66,-16],[-31,-9],[-17,21],[-42,-12],[-24,-2],[-62,-24],[-18,14],[-45,-6],[-111,96],[-14,88]],[[24,2396],[28,8],[55,53],[39,68],[31,13],[79,76],[56,72],[10,16],[-3,58],[-14,64],[-42,32],[-10,21],[-10,69],[0,43],[0,6],[0,25],[20,21],[7,7],[25,26],[3,9],[0,2],[4,9],[-4,28],[-7,37],[14,29],[7,15],[-10,17],[-18,33],[4,39],[3,26],[-24,34],[-28,13],[-3,8],[-35,58],[0,7],[0,14],[10,33],[-6,55],[-14,17],[-4,19],[7,39],[4,16],[27,31],[25,2],[27,-9],[59,38],[35,12],[7,27],[34,30],[32,8],[38,-7],[59,-38],[31,10],[21,-26],[38,16],[0,3],[3,131],[4,148],[3,72],[11,298],[3,153],[14,422],[10,290],[7,262],[14,361],[11,343]],[[711,6208],[384,25],[7,-3],[21,3],[849,1],[56,1],[97,26],[149,0],[45,2],[45,-2],[693,16],[232,10],[18,0],[215,0],[24,1],[111,1],[-4,14],[-7,127],[-20,7],[-7,35],[17,19],[3,34],[28,23],[7,28],[31,9],[77,67],[-11,41],[28,34],[17,-5],[14,18],[28,14],[7,24],[34,-4],[7,-22],[28,-17],[14,-30],[0,-40],[28,-8],[-4,13],[18,7],[13,34],[-10,25],[3,24],[11,3],[17,24],[11,34],[31,27],[-7,34],[17,5],[7,20],[42,22],[27,29],[39,-10],[48,46],[62,14],[46,-8],[38,-7]],[[4385,6993],[0,-33],[10,-236],[4,-14],[41,-81],[-3,-26],[-49,-50],[7,-31],[52,-57],[-17,-51],[-25,-9],[-3,0],[-24,-11],[-25,11],[-48,-86],[28,-32],[104,5],[0,-32],[-4,-156],[-66,-36],[-3,-2],[-83,-11],[-4,-1],[-93,-30],[-7,-2],[-87,-83],[7,56],[-21,49],[-55,-24],[21,-59],[-25,-7],[0,-14],[4,-41],[24,-16],[7,-3],[52,-34],[-52,-41],[7,-35],[41,-22],[25,-16],[17,-11],[10,-10],[14,-17],[18,-17],[17,-39],[-31,-75],[24,-42],[38,34],[7,-9],[7,-9],[-21,-37],[-14,-26],[35,-67],[52,-35],[-3,-56],[20,-27],[4,-5],[-4,-26],[11,-66],[0,-94],[-42,-169],[-21,-75],[7,-74],[21,-15],[-21,-30],[4,-88],[24,-21],[3,-57],[-10,-73],[-10,-14],[-14,-24],[-17,38],[-46,-1],[-31,-27],[0,-68],[7,-63],[31,-31],[11,-39],[-11,-26],[-34,-15],[-18,-50],[11,-29],[-24,-31],[-46,-47],[0,-29],[-6,-5],[-14,-11],[-18,19],[-7,23],[-59,-41],[-55,-62],[0,-1],[-7,-8],[-3,-4],[7,-35],[0,-2],[-4,-32],[7,-78],[0,-7],[21,-56],[0,-13],[0,-29],[-4,-70],[-24,-23],[-7,-40],[-28,-27],[-31,-25],[-3,-42],[-11,-34],[-34,-11],[-18,-19],[-10,-24],[-45,-79],[-90,-197],[14,-81],[24,-49],[-4,-18],[-3,-12],[-35,17],[-31,1],[-14,11],[4,28],[-59,54],[-21,42],[-55,40],[-101,14],[-66,18],[-24,2],[-21,2],[-17,1],[-49,-5],[-17,-11],[-17,-11],[-21,-23],[-35,-4],[-41,15],[-63,5],[-104,-28],[-104,-27],[-125,-33],[-83,-40],[-31,-1],[-21,-4],[-62,-12],[-97,-13],[-73,-24],[-14,-7],[-21,-9],[-48,-22],[-52,-42],[-4,0],[-41,4],[-437,-177],[-55,-18],[-28,-8],[-28,-32],[-21,-23],[-34,-37],[-104,-44],[-18,3],[-27,3],[-35,7],[-49,-5],[-13,0],[-153,-50],[-21,-16],[-27,-20],[-91,42],[-17,2],[-3,0],[-32,3],[-69,-12],[-121,-31],[-101,-28],[-159,-41],[-21,-7],[-3,0],[-39,-14],[-138,-50],[-21,-10],[-90,-41],[-118,-77],[0,1],[-24,42],[-28,5],[3,15],[4,79],[17,50]],[[5553,6879],[14,27],[48,10],[31,-13],[14,-50],[4,-44],[34,-27],[7,-20],[-48,13],[-66,-3],[-14,-13],[-3,16],[3,32],[-28,36],[4,36]],[[5421,6053],[28,-10],[7,-24],[3,-19],[4,-28],[-18,0],[-17,12],[-3,33],[-4,36]],[[5158,4767],[17,11],[14,-42],[3,-34],[-10,-52],[-14,-11],[-14,57],[4,71]],[[5019,4836],[17,44],[14,-23],[14,-37],[0,-17],[-45,0],[0,33]],[[4991,5383],[11,13],[17,-29],[7,-46],[0,-48],[-21,2],[-14,6],[-3,63],[3,39]],[[4915,6905],[10,25],[25,-3],[14,30],[13,22],[11,7],[21,-7],[10,13],[-7,15],[-21,7],[-38,24],[-14,21],[4,16],[27,20],[14,29],[-20,27],[38,23],[7,-40],[3,-36],[59,-48],[3,-13],[-17,-27],[11,-58],[31,-47],[24,-51],[-10,-27],[-28,1],[14,32],[-7,22],[-14,13],[-17,-14],[-39,-20],[-17,-24],[11,-36],[27,-3],[14,-36],[31,-12],[14,-25],[38,-19],[38,-18],[94,-4],[17,-20],[11,-28],[59,-23],[7,-31],[31,-72],[3,-79],[0,-47],[-7,-24],[18,-33],[-21,-14],[-14,-44],[-14,-30],[0,-24],[-17,-35],[-38,-95],[-25,-48],[-7,-18],[-48,-30],[-42,-33],[-52,24],[-45,77],[-10,121],[31,154],[24,14],[18,30],[-4,28],[31,69],[11,111],[-18,30],[-13,-2],[-49,43],[-35,27],[-72,15],[-25,-15],[-31,36],[-14,70],[-10,26],[3,53],[-10,38]],[[6444,7286],[13,-4],[28,-9],[0,2],[69,-18],[28,-7],[52,-15],[0,-39],[-3,-1],[0,-6],[3,0],[132,-34],[80,-20],[79,-19],[101,-31],[7,0],[17,-6],[0,-19],[-17,-241],[0,0],[0,-32],[-11,-142],[0,-3],[-45,-62],[-10,-108],[7,-119],[0,-4],[0,-28],[21,-22],[10,-13],[56,-119],[3,-9],[0,-13],[38,-406],[7,-106],[42,-454],[17,-341],[-83,-16],[-52,-23],[-21,-9],[-14,-17],[-28,-39],[7,-55],[14,-34],[-34,-31],[-32,0],[-7,-37],[-24,-20],[-17,-17],[-35,12],[-48,-10],[-25,-27],[-10,-32],[-42,-4],[-27,-42],[0,-61],[14,-34],[-18,-12],[-31,12],[-17,-22],[-25,13],[-24,-14],[-55,7],[-73,-54],[-10,36],[-18,29],[0,50],[42,26],[0,53],[3,54],[21,54],[-3,83],[-87,103],[-4,52],[-10,13],[-14,26],[-41,11],[55,209],[-14,37],[-24,28],[0,59],[-24,42],[-11,34],[31,164],[-17,37],[-55,27],[-11,6],[-21,11],[0,91],[21,29],[-7,32],[-62,22],[0,37],[21,10],[34,2],[21,1],[24,2],[18,110],[3,140],[-59,34],[-3,32],[52,63],[0,47],[38,5],[14,24],[-7,32],[-31,31],[-45,130],[0,113],[3,22],[0,43],[-38,35],[-7,-5],[-28,-19],[-34,-15],[-125,-21],[-4,0],[-10,-8],[-3,-1],[-25,-16],[-3,-2],[-4,-169],[-3,-32],[-10,-136],[-4,-48],[-7,-52],[31,-73],[28,-64],[28,-14],[-14,-24],[0,-135],[-21,-87],[14,-53],[31,-14],[0,-21],[0,-4],[-10,-40],[-18,-58],[18,-44],[-18,-81],[18,-46],[55,-30],[11,-28],[-14,-93],[-35,-93],[-3,-10],[-28,-43],[-45,-74],[0,-53],[-56,-103],[-7,-55],[11,-47],[41,-21],[39,14],[7,3],[3,-44],[-3,-52],[-21,6],[-11,-57],[-3,-14],[-42,-36],[-7,-8],[-10,8],[-7,10],[3,43],[14,72],[-66,63],[-48,23],[-69,18],[-25,-9],[-3,-1],[-11,-57],[-55,-58],[-21,3],[-52,109],[-27,6],[-7,1],[-52,-12],[-32,-24],[-3,-5],[-14,-10],[-3,-29],[0,-39],[-7,-55],[0,-33],[14,-67],[-14,-6],[-32,-13],[-3,-6],[-31,-50],[14,-46],[-4,-8],[-14,-58],[0,-7],[-62,-47],[-4,-4],[-13,9],[13,42],[-13,19],[-42,-27],[-10,18],[-14,3],[-18,3],[-10,-9],[-38,-46],[-49,12],[-34,-41],[-28,-9],[-3,9],[-14,42],[-45,20],[-25,-18],[-41,-27],[-4,-1],[-45,-19],[-24,106],[-10,38],[-35,12],[17,58],[7,3],[24,20],[45,32],[7,5],[49,23],[59,71],[52,82],[17,-52],[-17,-90],[3,-28],[118,84],[4,1],[41,15],[24,9],[-6,68],[-7,73],[-14,2],[-18,3],[-13,41],[-4,45],[0,69],[0,5],[0,46],[-45,16],[-28,47],[4,76],[24,18],[10,29],[-38,23],[-3,1],[34,45],[4,7],[35,17],[27,-50],[0,-4],[49,7],[31,29],[0,1],[-52,64],[-17,41],[66,93],[45,40],[0,49],[-32,15],[7,40],[35,92],[14,35],[0,3],[17,49],[25,35],[45,64],[20,59],[56,25],[3,1],[32,53],[10,31],[-17,47],[-32,-1],[32,123],[3,10],[45,6],[7,15],[62,180],[11,111],[-18,39],[-10,22],[35,63],[66,17],[38,30],[21,80],[31,33],[24,25],[21,18],[45,15],[10,-6],[28,-14],[55,0],[32,26],[10,42],[66,52],[17,49],[14,49],[17,19],[11,-26],[21,-104],[0,-46],[7,-51],[24,0],[21,0],[10,44],[28,150],[41,105],[77,197]],[[4790,7088],[21,-3],[24,-5],[14,13],[59,-18],[10,-26],[-6,-25],[-11,-30],[-10,-25],[-18,-12],[-17,-18],[-24,17],[-14,65],[-7,23],[-17,19],[-4,25]],[[4738,6249],[28,31],[14,26],[7,27],[17,10],[21,0],[-7,-17],[7,-26],[-14,-29],[-45,-45],[-21,-12],[-17,2],[10,33]],[[4464,4335],[14,41],[31,11],[14,34],[-14,58],[-17,33],[11,70],[-14,83],[7,29],[-25,25],[-7,21],[11,36],[24,4],[10,-14],[35,-5],[35,14],[21,3],[24,10],[-7,30],[0,14],[14,55],[41,54],[0,9],[0,8],[-38,28],[-17,36],[-59,52],[-17,42],[7,95],[31,137],[17,37],[14,26],[-10,94],[10,34],[10,116],[7,20],[21,8],[4,60],[20,64],[52,75],[18,6],[17,4],[62,-43],[7,-72],[11,-17],[17,-111],[-3,-118],[-18,-54],[-24,-34],[0,-24],[7,-58],[14,-40],[10,-84],[0,-39],[-17,-69],[-21,-27],[-3,-36],[3,-1],[4,-27],[17,-26],[21,0],[14,8],[20,-27],