{"type":"Topology","transform":{"scale":[0.00007718136404382901,0.00006308948020664377],"translate":[-77.11998602897226,38.79145393793938]},"arcs":[[[1504,2366],[83,0],[0,-41],[42,-68],[-83,-27],[-42,136]],[[960,1755],[0,-15]],[[960,1740],[-41,15],[41,0]],[[960,1645],[42,-25],[0,-29]],[[1002,1591],[-42,0]],[[960,1591],[0,29]],[[960,1620],[0,25]],[[1294,2312],[127,108],[40,-28]],[[1461,2392],[0,-176]],[[1461,2216],[-125,-15],[-42,56],[0,55]],[[1255,1591],[39,15]],[[1294,1606],[84,-15]],[[1378,1591],[-42,-53],[-81,0]],[[1255,1538],[0,53]],[[919,1658],[41,-13]],[[960,1620],[-41,0]],[[919,1620],[0,38]],[[836,1606],[0,52],[41,-27],[-41,-25]],[[543,1918],[84,0],[0,-108],[-84,11],[0,97]],[[1294,1265],[42,-27],[0,-150],[-42,-40],[0,217]],[[1085,2883],[42,12],[0,54],[85,0],[0,-66],[-42,-14],[-85,14]],[[960,2162],[42,14],[210,0]],[[1212,2176],[0,-287]],[[1212,1889],[-127,0]],[[1085,1889],[-125,0]],[[960,1889],[0,83],[-41,39],[0,151],[41,0]],[[1421,1482],[0,-41]],[[1421,1441],[-43,41],[0,14],[43,-14]],[[1212,1523],[-85,-41],[0,41],[85,0]],[[1294,939],[42,109],[125,68],[43,95]],[[1504,1211],[42,-41],[-42,-68]],[[1504,1102],[0,-40],[-43,-82],[0,-83],[-83,42],[43,28],[0,95],[-85,-41],[0,-41],[-42,-41]],[[1085,1889],[0,-134]],[[1085,1755],[-125,0]],[[960,1755],[0,27],[0,107]],[[919,1877],[41,12]],[[960,1740],[0,-12],[0,-15],[-41,-55]],[[919,1620],[0,-29]],[[919,1591],[-83,15]],[[836,1606],[41,-68]],[[877,1538],[-84,-42]],[[793,1496],[-42,54],[-42,14]],[[709,1564],[-41,164]],[[668,1728],[168,41],[41,81],[42,27]],[[1255,1523],[39,0],[0,-14],[-39,0],[0,14]],[[1127,1672],[43,0]],[[1170,1672],[0,-14],[-43,0],[0,14]],[[1212,1889],[0,-190]],[[1212,1699],[-42,-27]],[[1170,1672],[-43,0]],[[1127,1672],[-42,27]],[[1085,1699],[0,56]],[[1212,1631],[43,0],[0,-11],[-43,11]],[[1504,1225],[0,40],[125,-14],[210,109]],[[1839,1360],[82,-41],[168,0],[42,-27],[83,0],[126,-67]],[[2340,1225],[-85,-82],[-82,-81],[-84,-55],[-168,-190]],[[1921,817],[-82,-13],[-42,68],[-42,40],[-168,109],[0,-54],[-83,-14],[0,149]],[[1504,1211],[0,14]],[[919,1591],[41,0]],[[1002,1591],[42,0]],[[1044,1591],[83,0],[128,0]],[[1378,1591],[0,-12]],[[1378,1579],[43,-56]],[[1421,1523],[0,-41]],[[1421,1441],[0,-244]],[[1421,1197],[40,41]],[[1461,1238],[43,-13]],[[1294,939],[0,-13]],[[1294,926],[-124,299],[-85,108],[-125,108],[-83,97]],[[1212,1441],[43,0],[0,41],[-43,0],[0,-41]],[[1212,1523],[43,0]],[[1255,1523],[0,15]],[[1255,1538],[-43,-15]],[[793,1496],[84,-95],[83,-54],[-41,-28],[-83,70],[0,12],[-43,0],[-42,137],[-42,26]],[[0,2271],[375,339]],[[375,2610],[42,13],[168,0]],[[585,2623],[42,-79],[0,-205],[82,-14],[0,-163]],[[709,2162],[-209,0],[-166,-13],[-42,-14],[0,-83],[-83,-66]],[[209,1986],[-126,135],[-42,69],[0,40],[-41,41]],[[1629,2094],[0,27]],[[1629,2121],[126,0],[42,41],[0,244],[42,55]],[[1839,2461],[250,-245],[208,-205]],[[2297,2011],[0,-25]],[[2297,1986],[-419,25],[-81,-11],[-127,-55],[-124,-41],[0,55],[41,93],[42,42]],[[919,2420],[41,27],[0,109],[42,26],[0,111]],[[1002,2693],[83,93],[419,0]],[[1504,2786],[0,-27],[83,-66],[125,-111]],[[1712,2582],[-166,-38],[0,-83],[-42,-14],[0,-81]],[[1504,2366],[-43,26]],[[1294,2312],[-167,0],[-42,27],[-166,-68],[0,-28]],[[919,2243],[0,69],[-42,13],[0,54],[42,41]],[[709,2162],[0,-81],[-82,13],[0,-42],[41,-41],[125,0],[0,-39],[43,-54],[83,-41]],[[668,1728],[-41,0],[-127,27],[-125,27],[-41,28],[-125,120],[0,56]],[[375,2623],[461,450],[41,27]],[[877,3100],[167,-68],[0,-27],[-84,-14],[84,-54],[0,-83],[-84,-12],[0,-42],[-41,-53],[83,-54]],[[919,2420],[-42,27],[0,97],[-41,0],[-43,38],[0,55],[-166,14],[-42,-28]],[[375,2610],[0,13]],[[1504,1564],[0,-68],[-43,27]],[[1461,1523],[43,41]],[[2046,1564],[0,149],[43,56],[0,52],[84,138],[82,0],[42,27]],[[2297,2011],[43,-25],[42,-56],[334,-324],[0,-15],[-125,-109],[0,-14],[-251,-230],[0,-13]],[[1839,1360],[39,14],[128,108],[40,82]],[[1212,2176],[82,0],[84,-41],[43,14]],[[1421,2149],[0,-518],[40,-11],[0,-29],[-83,-12]],[[1294,1606],[0,66],[-82,27]],[[1421,1523],[40,0]],[[1504,1564],[42,0],[500,0]],[[1461,1238],[-40,13],[0,-54]],[[1921,817],[-82,-69],[0,-12],[-210,-151],[-83,-108],[-291,-258],[0,68],[-43,15],[0,312],[43,41],[0,120],[39,97],[0,54]],[[1085,1699],[-41,-54],[0,-54]],[[960,3166],[84,56],[168,-163],[124,-135],[168,-138]],[[877,3100],[83,66]],[[1712,2582],[127,-121]],[[1629,2121],[-42,-40],[-41,0],[-85,68],[-40,0]],[[1421,2149],[40,13],[0,54]],[[960,2162],[0,54],[-41,27]],[[10,2261],[94,92],[93,100],[46,33],[0,9],[46,32],[47,59],[46,33],[46,67],[48,25],[0,16],[45,25],[48,33],[46,76],[46,24],[0,9],[47,25],[46,49],[94,100],[0,17],[45,8],[0,9],[48,57],[46,51],[46,16],[47,-50],[46,-34],[46,-32],[48,-50],[45,-75],[48,-26],[0,-16],[46,-17],[0,-23],[46,-34],[48,-34],[0,-8],[45,-67],[48,0],[0,-17],[0,-24],[46,-25],[46,-66],[47,-34],[46,-16],[0,-26],[94,-91],[0,-8],[45,-50],[48,0],[46,-67],[0,-17],[46,-40],[47,-26],[46,-33],[0,-9],[0,-8],[0,-16],[186,-150],[0,-25],[93,-84],[47,-40],[0,-8],[46,-42],[93,-51],[46,-50],[47,-82],[47,-8],[0,-18],[0,-8],[0,-16],[0,-17],[0,-17],[-47,-16],[-47,-58],[0,-8],[-46,-17],[0,-8],[0,-9],[-47,-25],[0,-8],[-46,-67],[-46,-49],[-47,-16],[0,-9],[-46,-51],[-47,-50],[-47,-33],[-46,-41],[-47,-41],[-46,-59],[-46,-50],[-47,-17],[0,-25],[0,-15],[-92,-51],[0,-25],[-93,-92],[-48,-32],[-46,-25],[0,-26],[-46,-24],[0,-26],[-47,-16],[-46,-42],[0,-33],[-46,-16],[0,-8],[0,-9],[-93,-67],[-233,-224],[-140,-158],[-47,-25],[0,25],[0,25],[0,58],[0,33],[0,8],[0,9],[47,83],[0,34],[0,74],[0,8],[0,26],[-47,66],[0,25],[47,116],[-47,58],[0,26],[-46,0],[0,-8],[0,16],[0,66],[0,17],[0,8],[46,0],[0,-17],[93,17],[0,166],[0,100],[-93,116],[0,25],[0,34],[0,50],[0,17],[-46,25],[0,7],[0,17],[-46,-8],[46,-32],[-46,-26],[0,-8],[-48,42],[0,32],[-45,58],[0,17],[-48,0],[-46,133],[-46,50],[-47,117],[0,16],[0,8],[-46,0],[-46,17],[-48,0],[-45,8],[-94,33],[-46,25],[-93,76],[0,8],[-46,32],[0,50],[0,42],[-48,17],[-45,83],[-48,58],[0,9],[-46,50],[0,24]]],"objects":{"SC_ZipDC.geo":{"type":"GeometryCollection","geometries":[{"arcs":[[0]],"type":"Polygon","properties":{"name":"20064","parent":"DC"},"id":20064},{"arcs":[[1,2]],"type":"Polygon","properties":{"name":"20427","parent":"DC"},"id":20427},{"arcs":[[3,4,5,6]],"type":"Polygon","properties":{"name":"20245","parent":"DC"},"id":20245},{"type":null,"properties":{"name":"20390","parent":"DC"},"id":20390},{"arcs":[[7,8,9]],"type":"Polygon","properties":{"name":"20317","parent":"DC"},"id":20317},{"arcs":[[10,11,12,13]],"type":"Polygon","properties":{"name":"20565","parent":"DC"},"id":20565},{"arcs":[[14,-7,15,16]],"type":"Polygon","properties":{"name":"20520","parent":"DC"},"id":20520},{"arcs":[[17]],"type":"Polygon","properties":{"name":"20566","parent":"DC"},"id":20566},{"arcs":[[18]],"type":"Polygon","properties":{"name":"20057","parent":"DC"},"id":20057},{"arcs":[[19]],"type":"Polygon","properties":{"name":"20319","parent":"DC"},"id":20319},{"arcs":[[20]],"type":"Polygon","properties":{"name":"20307","parent":"DC"},"id":20307},{"arcs":[[21,22,23,24,25]],"type":"Polygon","properties":{"name":"20009","parent":"DC"},"id":20009},{"arcs":[[26,27]],"type":"Polygon","properties":{"name":"20053","parent":"DC"},"id":20053},{"arcs":[[28]],"type":"Polygon","properties":{"name":"20228","parent":"DC"},"id":20228},{"arcs":[[29,30,31]],"type":"Polygon","properties":{"name":"20373","parent":"DC"},"id":20373},{"arcs":[[-25,32,33,34]],"type":"Polygon","properties":{"name":"20036","parent":"DC"},"id":20036},{"arcs":[[35,-35,-3,36,-17,37,38,39,40,41,42,43],[-18]],"type":"Polygon","properties":{"name":"20037","parent":"DC"},"id":20037},{"arcs":[[44]],"type":"Polygon","properties":{"name":"20202","parent":"DC"},"id":20202},{"arcs":[[45,46]],"type":"Polygon","properties":{"name":"20045","parent":"DC"},"id":20045},{"arcs":[[-24,47,48,49,50,51,-33]],"type":"Polygon","properties":{"name":"20005","parent":"DC"},"id":20005},{"arcs":[[52]],"type":"Polygon","properties":{"name":"20535","parent":"DC"},"id":20535},{"arcs":[[53,54,55,56,-31,57]],"type":"Polygon","properties":{"name":"20020","parent":"DC"},