{"type":"Topology","transform":{"scale":[0.0009118704559900079,0.0008700087411555004],"translate":[11.717621290000125,-34.82016676559276]},"arcs":[[[14852,19569],[-46,-98],[0,-31],[39,-109],[46,-76],[31,-33],[69,-49],[24,-41],[34,-91],[35,-57],[26,-86],[14,-23],[72,-76],[53,-41],[51,-76],[33,-27],[42,-20],[27,-27],[12,-39],[7,-84],[39,-87],[137,-123],[31,-90],[-26,-93],[14,-49],[26,-45],[34,-43],[24,-52],[106,-296],[28,-41],[42,-26],[49,-13],[58,-2],[32,-22],[14,-23],[-16,-39],[14,-18],[58,-19],[30,-47],[21,-19],[84,-26],[65,-48],[16,-49],[35,-25],[65,-22],[44,-49],[19,-11],[88,-12],[125,-62],[40,-8],[72,-4],[37,-18],[28,-40],[25,-14],[82,-10],[35,-33],[55,-142],[19,-135],[-16,-165],[41,21],[38,4],[125,0],[88,-10],[61,10],[39,-16],[44,-3],[35,-22],[5,-66],[-21,-82],[25,-90],[3,-46],[-17,-94],[-18,-33],[-5,-66],[9,-63],[-16,-87],[10,-41],[53,-68],[77,-55],[60,-82],[39,-47],[12,-44],[28,-39],[32,-65],[-11,-46],[14,-37],[21,-4],[35,-57],[32,-17],[63,-4],[83,-14],[130,-2],[84,-23],[91,-45],[23,-6],[97,27],[84,-17],[42,-33],[51,-14],[160,-74],[33,-8],[67,-4],[95,-35],[21,-35],[-44,-80],[-5,-50],[10,-47],[20,-45],[33,-33],[42,-23],[39,-6],[105,2],[37,-59],[84,-70]],[[19337,14522],[-21,-8],[-91,16],[-28,-4],[-60,-37],[-133,-6],[-69,-72],[-26,-33],[10,-80],[-42,-70],[-21,-14],[-72,4],[-16,-37],[-17,-12],[-93,-23],[-79,-45],[-39,-13],[-51,5],[-61,-29],[-69,16],[-91,-6],[-42,-10],[-39,-23],[-56,-59],[-60,-19],[-35,-41],[-9,-74],[-33,-14],[-25,-37],[-61,-23],[7,-37],[-18,-49],[-33,-27],[-76,-33],[9,-76],[-19,-31],[-37,-26],[-86,-29],[7,-21],[-56,-12],[19,-35],[-16,-10],[-17,-45],[-23,-19],[-44,39],[-56,-39],[-44,13],[-9,-31],[-21,-23],[-19,-41],[7,-25],[-23,-45],[-44,-22],[-46,0],[-33,-31],[-56,8],[-25,-27],[-12,35],[-42,-51],[-37,-31],[-83,-33],[-19,-39],[-30,-12],[-23,16],[-17,-12],[21,-29],[-30,-6],[-39,-43],[-19,-4],[9,-60],[-35,-10],[-13,27],[-24,-4],[-46,-105],[7,-21],[-33,-55],[5,-54],[-79,-306],[-2,-51],[-21,-101],[-12,-20],[-39,-27],[-98,-31],[-97,-94],[-72,-46],[-58,-57],[-40,-97],[-72,-69],[-86,12],[-51,-8],[-290,-87],[-54,-32],[-55,2],[-45,-15],[-9,-33],[12,-84],[0,-47],[-12,-37],[-32,-70],[-3,-43],[-32,-56],[-23,-76],[-98,-205],[-35,-150],[-60,-136],[-23,-69],[-142,-105],[-79,-39],[-228,-23],[-139,31],[-42,-6],[-49,-23],[-65,-47],[-88,-27],[-32,-2],[-68,15],[-79,-9],[-39,9],[-58,37],[-133,47],[-72,-19],[-55,9],[-47,32],[-76,85],[-49,26],[-56,0],[-139,-32],[4,24],[-34,19],[-59,-15],[-37,35],[-48,35],[-42,54],[-33,12],[-39,49],[-61,17],[-23,24],[-116,89],[-58,28],[-42,48],[-25,14],[-51,-16],[-38,4],[-48,18],[-61,10],[-53,-4],[-54,-14],[-81,-37],[-25,-17],[-19,27],[-26,4],[-25,-12],[-44,-43],[-12,-29],[-39,-20],[-49,-83],[-35,-22],[-35,-107],[23,-37],[-25,-21],[5,-32],[-12,-39],[-63,-79],[-7,-41],[28,-41],[-63,-74],[21,-35],[-9,-71],[-21,-23],[-42,-21],[3,-35],[-44,-65],[-49,-43],[-37,-70],[-19,-8],[-51,10],[-35,-6],[-23,-19],[-37,-51],[-58,-54],[-44,-18],[-49,-8],[-65,-72],[-58,-132],[-42,-61],[-54,-54],[-65,-37],[-69,-14],[-107,-2],[-63,-15],[-14,-12],[10,-70],[-5,-43],[-33,-39],[-60,-39],[-49,-10],[-65,16],[-93,2],[-55,25],[-75,2],[-107,-25],[-46,4],[-95,-26],[-35,0],[-144,31],[-91,43],[-62,-6],[-79,-50],[-96,-45],[-18,43],[-35,31],[-21,39],[-11,43],[-7,76],[25,78],[2,27],[-30,55],[-4,29],[23,109],[32,23],[47,76],[65,74],[44,86],[49,64],[2,18],[-39,68],[-5,22],[2,83],[-9,98],[-30,70],[-33,39],[-32,99],[-40,20],[-9,25],[0,45],[-28,17],[37,34],[-9,31],[-49,41],[9,50],[19,33],[-42,-7],[-18,66],[-51,27],[-14,47],[-21,33],[9,23],[-39,41],[-3,30],[-39,19],[-12,16],[12,35],[-89,156],[-141,111],[-84,50],[-56,14],[-30,33],[-55,43],[-54,72]],[[9062,11572],[0,396],[0,395],[0,394],[0,200],[-2,197],[0,394],[0,397],[0,345],[0,446],[255,0],[514,0],[320,0],[14,41],[0,312],[-2,66],[0,332],[0,265],[-3,66],[0,354],[0,287],[-2,144],[0,431],[0,288],[-2,142],[0,287],[0,288],[-3,144],[0,376],[0,406],[56,5],[184,6],[329,16],[425,84],[93,17],[372,74],[90,16],[279,56],[93,16],[281,56],[223,18],[77,8],[41,-2],[21,-12],[5,-33],[19,-6],[0,-35],[27,-54],[35,-39],[5,-43],[37,4],[40,-43],[39,-14],[28,-45],[-9,-19],[37,-39],[9,-24],[-14,-25],[26,-64],[9,-49],[32,-10],[40,12],[39,41],[40,14],[102,111],[30,19],[19,29],[65,51],[2,41],[37,27],[24,-8],[23,24],[30,13],[49,43],[42,6],[37,27],[51,65],[39,19],[44,0],[31,-15],[21,7],[32,55],[33,25],[62,-9],[54,-84],[37,-35],[76,13],[82,100],[56,39],[27,37],[45,19],[6,16],[54,31],[42,6],[109,37],[28,-20],[39,-5],[30,19],[12,-23],[33,0],[37,15],[37,37],[44,0],[72,-15]],[[18932,6794],[65,-15],[10,-35],[21,-24],[62,-21],[91,-88],[81,-13],[33,-12],[4,-66],[45,-41],[20,-59],[31,-39],[14,-58],[23,-27],[-26,-43],[0,-35],[-28,-30],[-93,-35],[-23,-21],[-7,-53],[7,-29],[-4,-66],[-12,-14],[-84,-23],[-32,-24],[-54,-95],[-7,-86],[33,-39],[16,-60],[-7,-10],[-55,-19],[-256,-150],[-72,-26],[-72,-15],[-97,-35],[-38,0],[-53,21],[-37,-2],[-74,-35],[-54,6],[-49,-20],[-28,-50],[-46,-47],[-65,-14],[-40,-31],[-2,-23],[42,-31],[2,-26],[-21,-41],[-95,-66],[-7,-14],[19,-42],[-23,-69],[-38,-27],[-14,-35],[5,-60],[-28,11],[-127,10],[-47,18],[-39,25],[-42,-12],[-86,16],[-33,19],[-58,61],[-67,48],[-14,39],[-53,59],[-10,25],[-39,16],[-28,31],[-9,29],[-26,8],[-23,-10],[-54,8],[3,19],[-26,61],[0,33],[23,53],[7,35],[-65,4],[-21,35],[-13,56],[-17,22],[-74,64],[-121,263],[-42,62],[-53,35],[23,57],[30,-6],[24,25],[21,-15],[34,35],[130,37],[61,29],[28,47],[25,-2],[23,45],[59,58],[-12,45],[42,29],[7,45],[83,35],[-9,41],[9,21],[30,14],[63,72],[23,41],[-4,29],[37,8],[-23,25],[74,61],[9,52],[40,22],[-10,21],[126,-9],[30,13],[26,49],[37,6],[35,-29],[39,3],[5,26],[90,99],[61,78],[81,4],[23,-10],[51,0],[42,26],[30,48],[44,28],[154,9],[21,6],[62,39],[37,-12],[26,-35],[14,-70],[12,-17],[48,-2],[17,-12],[30,-56],[63,-18],[46,-37],[44,-72],[60,-57]],[[9062,11572],[0,-271],[0,-389],[0,-322],[0,-257],[2,-63],[0,-323],[0,-452],[0,-323],[0,-386],[0,-257],[0,-388],[0,-320],[0,-434],[-2,-33],[-44,-10],[-49,4],[-76,-57],[-86,-13],[-65,-32],[-112,-7],[-21,-10],[-37,-59],[-25,-19],[-31,-92],[-30,-31],[-111,-31],[-28,-4],[-42,18],[-28,-26],[-23,-56],[9,-27],[40,-63],[-14,-23],[-35,-2],[-28,-31],[-63,-30],[-46,-15],[-42,-2],[-35,31],[-39,4],[-65,72],[-228,31],[-211,-29],[-63,-27],[-23,17],[-86,-29],[-98,23],[-155,-27],[-93,31],[-42,20],[-65,52],[-77,37],[-183,36],[-35,-2],[-46,-24],[-72,18],[-10,76],[-16,11],[-39,-13],[-116,-20],[-42,6],[-3,35],[21,92],[-11,25],[-42,14],[-14,45],[-30,37],[-5,37],[70,44],[11,57],[-7,37],[-18,23],[-35,102],[-42,4],[-69,-16],[-35,6],[-24,27],[-2,107],[-9,18],[-49,19],[-42,61],[-58,-6],[-37,-27],[-30,9],[-40,-25],[-39,12],[-21,-22],[-9,-93],[-51,-6],[21,-45],[-42,-2],[-10,-17],[17,-47],[-42,8],[-26,-28],[12,-43],[32,-54],[-27,-18],[-12,-70],[-30,-43],[-42,-17],[-12,39],[-21,2],[-83,-76],[-42,-14],[-79,-41]],[[5230,7180],[-44,-43],[-30,4],[-79,59],[-51,60],[-119,109],[-28,16],[-65,82],[-69,76],[-147,99],[-30,27],[-56,68],[-92,73],[-35,52],[-35,35],[-7,20],[9,35],[-14,37],[-30,37],[-109,103],[-19,47],[0,60],[-9,24],[-104,159],[-19,37],[-42,34],[-30,62],[-53,66],[-14,90],[-24,43],[10,48],[-17,74],[7,18],[-20,41],[-10,49],[3,48],[-26,43],[-37,8],[-67,144],[0,49],[-38,66],[0,49],[10,17],[39,12],[23,-33],[21,62],[-28,96],[-14,70],[-25,43],[-37,35],[-42,27],[-65,25],[-9,10],[-10,90],[5,89],[-26,39],[31,14],[14,37],[0,49],[-28,89],[-51,76],[-5,39],[9,41],[-56,63],[-18,31],[0,132],[5,22],[32,60],[-2,68],[-23,22],[-12,82],[-28,70],[-19,119],[35,87],[-4,14],[23,82],[5,47],[-12,44],[-37,74],[-14,45],[-5,92],[-14,45],[-62,113],[-26,35],[-53,52],[-17,35],[-37,41],[-7,28],[23,37],[-4,70],[-26,43],[-23,58],[-60,111],[-21,78],[-24,39],[-13,70],[4,61],[-14,64],[23,64],[26,8],[19,39],[-7,14],[0,66],[-21,74],[14,167],[-5,41],[-53,135],[-14,52],[35,67],[25,-14],[2,70],[-21,133],[-11,39],[-35,64],[-19,76],[-4,76],[25,56],[14,-13],[7,-35],[77,45],[9,27],[5,54],[-7,201],[-21,150],[-26,41],[-11,51],[-40,80],[-23,68],[-42,82],[-69,78],[-24,37],[-4,39],[-167,216],[-84,76],[-9,19],[-91,82],[-21,10],[16,66],[-9,25],[-88,129],[-16,74],[-35,82],[-112,146],[-69,113],[-70,84],[-98,173],[-46,61],[-14,