{"type":"Topology","transform":{"scale":[0.0010551124240953328,0.0010828514004805367],"translate":[-114.81359641691098,31.33226742470701]},"arcs":[[[723,5089],[0,145],[81,0],[325,0],[330,0],[291,0],[406,1]],[[2156,5235],[0,-22],[9,-24],[-15,-13],[-7,-21],[-18,-20],[-1,-13],[-23,-46],[-3,-19],[-19,-24],[2,-37],[-19,-63],[14,-44],[2,-29],[-11,-23],[-20,-11],[-6,-17],[4,-23],[31,-36],[-21,-17],[20,-44],[-5,-17],[-17,-7],[-3,-16],[-29,-23],[-17,13],[-23,-9],[-4,-26],[-29,4],[-10,-17],[-17,-2],[-5,-15],[-20,3],[-31,-11],[-18,5],[-36,-26],[-74,-20],[-27,6],[-25,-10],[-16,-17],[-41,-15],[-39,-25],[-17,8],[-44,-23],[0,-29],[-22,-25],[-31,-3],[-21,9],[-32,2],[-18,-30],[-21,-25],[14,-51],[16,-8],[4,-15],[-16,-43],[23,-19],[1,-28],[-16,-21],[-6,-36],[-1,-252]],[[1402,3875],[1,-348],[0,-335],[0,-348],[0,-87]],[[1403,2757],[-35,-24],[-30,7],[-10,-4],[-60,10],[-60,1],[-14,-20],[-28,-25],[-15,-23],[-42,-9],[-19,-11],[-39,-2],[-25,28],[-41,-10],[-19,7],[-37,-12],[-17,26],[-19,3],[-23,-6],[-32,1],[-32,8],[-40,-4],[-25,5],[-36,29],[-27,9],[-15,-5],[-23,8]],[[640,2744],[-18,13],[-19,29],[-21,11],[-25,5],[-37,32],[-21,4],[-13,20],[-40,23],[-29,-5],[-13,10],[9,46],[-3,21],[-23,37],[-29,25],[11,12],[-14,11],[-11,41],[-20,43],[-43,22],[-39,34],[-27,57],[-31,20],[-15,17],[5,64],[-5,13],[5,33],[-7,31],[29,29],[2,14],[-36,20],[12,20],[29,3],[25,16],[4,42],[-11,24],[-6,48],[-10,32],[1,26],[-29,78],[-24,18],[-12,19],[-12,37],[0,22],[20,20],[-6,27],[9,43],[-34,38],[5,35],[-20,20],[9,41],[-3,32],[-13,15],[16,24],[-11,15],[42,23],[-36,26],[-11,28],[-27,40],[0,35],[17,13],[-19,17],[6,12],[-17,24],[17,18],[51,4],[48,31],[15,-11],[43,19],[59,-1],[9,-21],[29,11],[24,-12],[27,18],[40,-2],[42,-35],[23,-28],[-9,-15],[40,-12],[6,-16],[25,-13],[23,1],[72,21],[3,17],[22,35],[-10,13],[24,14],[28,50],[22,14],[-1,74],[2,181],[-1,25],[-5,178],[-1,142]],[[2156,5235],[171,0],[467,0],[440,0],[254,0],[63,1],[300,1]],[[3851,5237],[0,-367],[0,-181],[0,-225],[0,-343],[0,-250],[0,-200],[0,-324],[0,-295],[0,-345]],[[3851,2707],[-13,27],[-22,11],[-35,-9],[-23,-26],[-27,8],[-19,25],[-59,11],[-19,21],[-39,24],[-12,-21],[-23,14],[17,16],[-45,16],[-40,0],[-21,-10],[-9,22],[-44,6],[-45,39],[-66,-27],[-45,16],[-28,-14],[-5,-44],[-17,16],[-1,28],[-23,8],[-16,-18],[-12,12],[-47,-4],[34,27],[-18,15],[-40,3]],[[3089,2899],[2,152],[0,154],[-214,1],[0,164],[-29,-5],[-182,0],[-20,-2],[-296,-1],[-1,162],[-102,1],[2,103],[-30,-21],[-26,4],[-40,-6],[-34,7],[-25,24],[-16,5],[1,16],[-13,8],[-20,-8],[-38,18],[-57,-5],[-43,17],[-145,29],[-10,23],[-17,14],[-99,52],[-48,20],[-35,30],[-43,2],[-38,19],[-71,-1]],[[4561,2073],[6,5],[68,-14],[30,1]],[[4665,2065],[20,-5],[24,-27],[11,1],[19,-27],[0,-18],[44,-10],[20,9],[9,26],[49,28],[23,37],[46,9],[6,17],[23,1],[21,13],[29,-4],[31,28]],[[5040,2143],[0,-257],[0,-273],[154,-218],[14,0],[69,-93],[30,-57],[8,-41],[-13,-32],[8,-16],[-14,-51],[106,-95]],[[5402,1010],[-108,-1],[-193,2],[-219,0],[-251,0],[-400,0],[-97,0]],[[4134,1011],[1,80]],[[4135,1091],[2,0],[0,238],[-1,163],[1,228]],[[4137,1720],[38,-3],[-25,44],[-21,52],[9,4],[3,25],[-7,32],[10,19],[22,4],[5,14],[47,-3],[21,26],[19,6],[27,-3],[15,10],[54,-4],[48,14],[-1,13],[160,0],[0,103]],[[177,1941],[4,21],[33,42],[25,13],[3,14],[32,19],[-15,36],[17,21],[-10,32],[9,35],[26,10],[-1,20],[-14,15],[7,20],[-22,54],[7,12],[-9,18],[25,19],[-19,23],[11,17],[-21,13],[11,28],[21,5],[31,29],[4,18],[24,9],[-1,33],[5,28],[17,18],[47,10],[17,15],[23,2],[35,31],[31,3],[23,12],[4,14],[56,44],[30,8],[-3,42]],[[1403,2757],[0,-294]],[[1403,2463],[-1,-230],[1,-183],[0,-161]],[[1403,1889],[-396,0],[-196,0],[0,80],[-294,-1],[-1,-257],[0,-143],[-97,-2],[-137,0]],[[282,1566],[-53,8],[-28,-10],[-26,5],[-10,13],[-30,-7],[-17,43],[-18,12],[11,31],[17,30],[4,57],[-14,19],[12,23],[-44,16],[-8,13],[29,32],[1,23],[-8,21],[-16,17],[35,14],[28,-4],[30,19]],[[1403,2463],[315,0],[244,1],[203,-51],[240,-58],[-1,8],[39,23],[3,36],[35,18],[2,15],[30,25],[-2,28],[416,-44],[219,0]],[[3146,2464],[26,5],[25,-9],[7,-11],[-19,-20],[6,-19],[-5,-19],[24,4],[20,-6],[-6,-32],[23,-20],[-7,-20],[22,-16],[-16,-17],[10,-11],[-11,-16],[3,-24],[26,-9],[21,-19],[5,-29],[16,-6],[49,-54],[13,1],[26,-21],[12,29],[27,24],[26,17],[108,-195]],[[3577,1971],[-218,-1],[-295,0],[-3,-80],[1,-160],[-81,-1],[-394,0],[-11,24],[-17,-3],[-34,25],[-36,8],[-14,25],[0,-241],[-1,-258],[-1,-224]],[[2473,1085],[-272,-1],[-222,-1],[-397,0],[-179,0]],[[1403,1083],[0,242],[0,177],[0,227],[0,160]],[[89,1280],[17,25],[12,-7],[67,-9],[35,6],[16,14],[36,7],[-5,31],[20,24],[40,26],[5,53],[-17,32],[13,18],[-8,17],[-16,-3],[-7,30],[-15,22]],[[1403,1083],[0,-431]],[[1403,652],[-396,121],[-200,60],[-274,83],[-236,70],[-297,87],[0,28],[13,59],[-9,27],[17,4],[26,19],[42,70]],[[5467,5233],[0,-212],[0,-223],[-1,-184],[0,-301],[0,-271],[0,-185],[0,-227],[0,-280],[0,-242],[0,-162],[0,-243],[-1,-239],[0,-205]],[[5465,2259],[-285,-1],[-14,-23],[-6,-28],[-70,-10],[-36,-19],[-2,-32],[-12,-3]],[[4665,2065],[0,193],[30,0],[0,322],[10,0],[1,321],[-16,79],[14,80],[-1,163],[6,0],[2,121],[-2,65],[1,136],[0,320],[16,0],[0,134],[-165,0],[0,201],[0,348],[0,230],[0,252],[0,202]],[[4561,5232],[356,1],[270,0],[280,0]],[[3851,2707],[0,-243],[340,0],[370,0],[0,-391]],[[4137,1720],[-17,-11],[-36,3],[-61,-38],[-27,-10],[-35,8],[-21,-27],[-20,-2],[-5,-17],[-41,-22],[10,-19],[-30,-35],[-16,-5],[-2,-18],[-16,-1],[-155,245],[-26,85],[-62,115]],[[3146,2464],[2,34],[19,5],[7,28],[-18,24],[0,48],[-216,0],[-8,8],[28,37],[-14,12],[8,35],[29,32],[-17,14],[19,16],[-3,28],[10,19],[-3,16],[28,7],[24,17],[23,7],[25,18],[0,30]],[[4135,1091],[-374,0],[0,-2],[-296,0],[0,-9],[-390,0],[0,5],[-366,0],[-236,0]],[[5465,2259],[1,-142],[-1,-198],[0,-293],[0,-291],[0,-78],[0,-247]],[[5465,1010],[-63,0]],[[4134,369],[0,-109],[-8,0],[0,-259]],[[4126,1],[-318,0],[-264,-1],[-277,87]],[[3267,87],[0,88],[192,0],[0,189],[292,0],[0,5],[383,0]],[[4134,369],[1,160],[-1,161],[4,54],[0,107],[-3,0],[-1,160]],[[5465,1010],[-1,-311],[0,-202],[-1,-216],[-1,-145],[1,-136],[-217,2],[-205,0],[-317,0],[-165,-1],[-130,1],[-303,-1]],[[3851,5237],[237,1],[28,-6],[445,0]],[[3267,87],[-383,118],[-198,61],[-253,78],[-342,103],[-246,73],[-245,71],[-197,61]]],"objects":{"SC_AZ.geo":{"type":"GeometryCollection","geometries":[{"arcs":[[0,1,2,3,4]],"type":"Polygon","properties":{"parent":"AZ","name":"Mohave","countyFIPS":"4015"},"id":"Mohave"},{"arcs":[[5,6,7,8,-2]],"type":"Polygon","properties":{"parent":"AZ","name":"Coconino","countyFIPS":"4005"},"id":"Coconino"},{"arcs":[[9,10,11,12,13,14,15]],"type":"Polygon","properties":{"parent":"AZ","name":"Graham","countyFIPS":"4009"},"id":"Graham"},{"arcs":[[16,-4,17,18,19,20]],"type":"Polygon","properties":{"parent":"AZ","name":"La Paz","countyFIPS":"4012"},"id":"La Paz"},{"arcs":[[21,22,23,24,25,-19]],"type":"Polygon","properties":{"parent":"AZ","name":"Maricopa","countyFIPS":"4013"},"id":"Maricopa"},{"arcs":[[26,-20,-26,27,28]],"type":"Polygon","properties":{"parent":"AZ","name":"Yuma","countyFIPS":"4027"},"id":"Yuma"},{"arcs":[[29,30,-11,31,32]],"type":"Polygon","properties":{"parent":"AZ","name":"Apache","countyFIPS":"4001"},"id":"Apache"},{"arcs":[[-8,33,-16,34,-23,35]],"type":"Polygon","properties":{"parent":"AZ","name":"Gila","countyFIPS":"4007"},"id":"Gila"},{"arcs":[[-9,-36,-22,-18,-3]],"type":"Polygon","properties":{"parent":"AZ","name":"Yavapai","countyFIPS":"4025"},"id":"Yavapai"},{"arcs":[[-35,-15,36,-24]],"type":"Polygon","properties":{"parent":"AZ","name":"Pinal","countyFIPS":"4021"},"id":"Pinal"},{"arcs":[[-31,37,38,-12]],"type":"Polygon","properties":{"parent":"AZ","name":"Greenlee","countyFIPS":"4011"},"id":"Greenlee"},{"arcs":[[39,40,41]],"type":"Polygon","properties":{"parent":"AZ","name":"Santa Cruz","countyFIPS":"4023"},"id":"Santa Cruz"},{"arcs":[[42,-13,-39,43,-40]],"type":"Polygon","properties":{"parent":"AZ","name":"Cochise","countyFIPS":"4003"},"id":"Cochise"},{"arcs":[[44,-32,-10,-34,-7]],"type":"Polygon","properties":{"parent":"AZ","name":"Navajo","countyFIPS":"4017"},"id":"Navajo"},{"arcs":[[-25,-37,-14,-43,-42,45,-28]],