{"type":"Topology","transform":{"scale":[0.0006709230449175293,0.0005370141676414497],"translate":[-160.24590113773138,18.92241901741137]},"arcs":[[[1403,5902],[-51,-127],[13,-118],[-25,-45],[-146,-126],[-46,26],[-113,9],[-57,29],[-58,11],[-60,84],[-135,48],[-40,73],[4,86],[57,60],[22,80],[48,42],[60,19],[115,94],[123,-29],[16,40],[87,-22],[40,28],[30,-29],[49,-4],[51,-52],[33,-79],[-17,-98]],[[0,5418],[30,108],[58,65],[92,54],[20,74],[62,18],[26,-20],[-35,-71],[-10,-49],[14,-51],[-50,-41],[-78,-25],[-48,-95],[-18,-65],[-40,21],[-23,77]],[[6238,1505],[22,98],[66,59],[60,69],[36,-4],[46,71],[23,76],[48,63],[39,21],[14,100],[-65,95],[-26,52],[-25,108],[-6,61],[25,102],[30,27],[44,4],[121,-56],[39,-35],[10,-34],[109,-68],[25,-38],[40,-12],[28,-36],[49,19],[177,-68],[207,-127],[26,-8],[114,-94],[89,-91],[55,-90],[24,-14],[14,-54],[-15,-50],[10,-47],[-6,-92],[43,-15],[30,23],[56,-4],[38,-89],[-2,-95],[114,-129],[136,-78],[-13,-89],[-103,-118],[-30,-17],[-93,-105],[-115,-66],[-33,-5],[-88,-70],[-116,-33],[-82,28],[-45,-14],[-61,-54],[-18,-37],[-102,-56],[-53,-67],[-76,-26],[-80,-107],[4,-48],[-62,-105],[-8,-50],[-83,-86],[-43,22],[-59,60],[-53,20],[-63,61],[-74,18],[-43,26],[-5,34],[-36,52],[-17,65],[12,68],[14,179],[19,78],[2,105],[-36,95],[9,25],[-34,91],[-28,45],[-21,69],[6,27],[-32,138],[-34,53],[-47,35],[9,38],[-32,42],[-19,59]],[[3425,4457],[-45,0],[-108,-28],[-78,-10],[-15,12],[-42,139],[-47,41],[-10,56],[-77,101],[2,96],[-71,79],[63,9],[167,3],[86,104],[5,30],[79,84],[62,19],[27,-33],[45,-124],[27,-38],[38,-86],[30,-3],[31,-58],[-24,-38],[14,-88],[37,-9],[57,-79],[23,48],[43,-69],[42,-38],[-5,-37],[23,-51],[64,-64],[-61,-64],[-60,33],[-124,-48],[-12,28],[-95,66],[-90,-6],[-1,23]],[[4816,4210],[44,5],[33,49],[29,-73],[38,-8]],[[4960,4183],[29,-39],[-29,-34],[-98,92],[-46,8]],[[5947,3746],[95,-79],[38,-48],[54,-12],[23,-61],[41,4],[49,-39],[69,-21],[35,-43],[-4,-122],[-38,-48],[-23,-5],[-27,-50],[-48,-3],[-48,-21],[-42,-40],[-77,19],[-162,-85],[-35,4],[-76,-19],[-57,15],[-42,40],[-12,219],[-19,105],[-67,31],[-47,-38],[-43,33],[-77,28],[-82,101],[-36,102],[8,57],[43,107],[33,35],[49,3],[72,-20],[24,-24],[27,-69],[44,-62],[24,-61],[45,-2],[37,24],[62,11],[21,25],[71,33],[59,-3],[39,-21]],[[5285,2990],[34,50],[47,16],[86,68],[34,4],[39,-48],[-22,-74],[-50,-53],[-35,15],[-44,-21],[-59,-3],[-30,46]],[[4748,3686],[37,38],[73,12],[106,-17],[49,-28],[68,-76],[46,-78],[0,-28],[-35,-74],[-91,-60],[-108,-5],[-28,40],[-15,62],[6,57],[-27,60],[-65,38],[-16,59]],[[4960,4183],[78,-14],[92,26],[97,-3],[40,-55],[-35,-56],[-99,-87],[-108,-41],[-110,34],[-121,45],[-99,30],[-79,-23],[-154,-7],[-87,26],[33,84],[55,58],[19,74],[63,-6],[14,-21],[141,-15],[48,-17],[68,-5]]],"objects":{"SC_HI.geo":{"type":"GeometryCollection","geometries":[{"arcs":[[[0]],[[1]]],"type":"MultiPolygon","properties":{"parent":"HI","name":"Kauai","countyFIPS":"15007"},"id":"Kauai"},{"arcs":[[2]],"type":"Polygon","properties":{"parent":"HI","name":"Hawaii","countyFIPS":"15001"},"id":"Hawaii"},{"arcs":[[3]],"type":"Polygon","properties":{"parent":"HI","name":"Honolulu","countyFIPS":"15003"},"id":"Honolulu"},{"arcs":[[4,5]],"type":"Polygon","properties":{"parent":"HI","name":"Kalawao","countyFIPS":"15005"},"id":"Kalawao"},{"arcs":[[[6]],[[7]],[[8]],[[-6,9]]],"type":"MultiPolygon","properties":{"parent":"HI","name":"Maui","countyFIPS":"15009"},"id":"Maui"}]}}}