{"type":"Topology","transform":{"scale":[0.0009050289286678648,0.0006927211573693204],"translate":[-117.2428956728004,41.988031142023154]},"arcs":[[[1062,2626],[9,7],[1,490],[67,0]],[[1139,3123],[110,-5],[-9,31],[19,97],[252,-2],[393,0],[14,12],[55,-1],[45,35],[28,2],[2,23],[41,29],[1,49],[23,19],[40,-18]],[[2153,3394],[25,-34],[65,-16],[11,-32],[38,1],[-7,-69],[35,-64],[37,-22],[30,1],[22,-22],[40,-4],[10,-24],[-33,-30],[32,-34],[-1,-25],[-30,-34],[-1,-30],[19,-26],[53,-25],[16,-26],[-25,-47]],[[2489,2832],[-53,11],[-40,-19],[-46,50],[-24,8],[-21,111],[-17,34],[-41,17],[14,-40],[-40,-87],[-21,-19],[-38,-86],[-70,-23],[-19,7],[-163,-64],[-20,-58],[-1,-32],[-16,-37],[-40,7],[-33,-21],[-15,-41],[0,-46],[-21,-32],[-20,-4],[-34,-42],[-84,-26],[-64,-65],[-20,3],[-32,-24],[-46,1],[-30,25],[-34,-26]],[[1400,2314],[-7,-6],[-331,318]],[[2490,2700],[42,-6],[21,-19],[55,-26],[36,-7],[-7,-31],[37,-8],[24,17],[45,-16],[20,20],[44,1],[11,-31],[2,-48],[27,-18],[-16,-24],[5,-35],[-13,-22],[30,-40],[-24,-88],[34,-2],[72,-49],[-10,-40],[36,-45],[63,-32],[-9,-30],[-36,-30],[0,-55],[22,0],[-8,-43],[-1,-51],[80,-12],[37,13],[38,-12],[0,-99],[22,1],[0,-84]],[[3169,1749],[-243,-2]],[[2926,1747],[-449,-1],[-94,1]],[[2383,1747],[0,248],[3,1],[0,337],[17,-2],[38,47],[-1,61],[28,29],[-1,26],[-35,43],[25,111],[19,13],[14,39]],[[4693,3242],[67,-5],[134,0],[-1,212]],[[4893,3449],[2,22],[-26,44],[9,28],[64,60],[56,29],[61,-25],[69,6],[19,-14],[38,6],[55,-32],[30,24],[49,-35],[51,-7],[29,61],[-2,52],[43,15],[7,21],[30,21],[32,4],[31,-10],[8,-30],[42,-15],[52,10],[33,-28],[42,24],[43,-9],[58,8],[38,31],[44,-1],[15,11],[29,-20],[41,-58],[23,18],[29,2],[46,26],[25,1],[15,25],[93,-15]],[[6216,3699],[-1,-215],[-191,0],[0,-122],[-68,0],[0,-123],[-6,-63],[-62,-1],[1,-63],[-133,0],[-1,-125],[-134,1]],[[5621,2988],[-595,1],[-1,-125]],[[5025,2864],[-331,1],[-1,377]],[[1079,1623],[318,2],[0,125],[4,238],[-1,326]],[[2489,2832],[21,-17]],[[2510,2815],[-28,-34],[9,-41],[17,-21],[-18,-19]],[[2383,1747],[-1,-409],[55,-4]],[[2437,1334],[0,-207]],[[2437,1127],[-461,-1],[0,120],[15,0],[-1,115],[-65,-5],[-38,22],[-27,-11],[-49,3],[-12,21],[-29,5],[-61,-23],[-46,5],[-18,-7],[-41,12],[-2,39],[-61,-4],[-34,27],[-42,-4],[-11,22],[-41,-22],[-18,-56],[-37,4],[-43,53],[-42,1],[-30,36],[-29,1],[3,31],[-32,5],[-39,21],[1,58],[-33,3],[-35,25]],[[5654,429],[157,0],[0,-41],[96,0],[2,230],[22,0]],[[5931,618],[305,0]],[[6236,618],[27,-70],[18,-5],[-11,-43],[-24,-18],[4,-49],[22,-21],[-53,-39],[-13,-55],[17,-75],[25,-23],[-13,-48],[6,-20],[88,-37],[8,-98]],[[6337,17],[-256,-1],[-409,-2]],[[5672,14],[1,248],[42,0],[0,99],[-31,46],[-30,22]],[[6216,3699],[35,18],[43,-8],[52,-22],[-29,91],[35,61],[23,26],[-14,61],[96,24],[3,35],[16,9],[29,-39],[27,5],[40,-45],[44,-70],[38,-44],[-22,-10],[16,-53],[49,-13],[6,-25],[47,-30],[-5,-19],[17,-34],[82,-28],[-1,-174],[1,-482],[2,-52]],[[6846,2881],[-69,-21],[-75,-43],[-27,-8],[-40,20],[-37,-13],[-34,-28],[-29,9],[-30,32],[-48,-36]],[[6457,2793],[-24,-12],[-52,4],[-30,19],[-70,-42],[0,-26],[-154,0],[0,21],[-154,1],[0,41],[-154,1]],[[5819,2800],[0,63],[-199,0],[1,125]],[[965,6466],[55,-43],[12,-35],[124,0],[29,-60]],[[1185,6328],[48,-105],[43,-50],[46,-16],[37,-40],[-32,-19],[-51,-7],[-50,11],[-59,-54],[-12,-37],[-50,22],[-50,10],[-17,-11],[-31,25],[-42,-1],[-65,28],[-28,-15],[-4,-26],[-26,-45],[6,-25],[-43,5],[-1,-131],[-27,-58],[-51,45],[-58,10],[-5,-47],[-21,-18],[-44,7]],[[598,5786],[-1,349],[22,8],[-19,62],[-15,25],[0,32],[247,-1],[5,28],[26,10],[43,-13],[55,0],[12,14],[0,50],[-8,46],[-37,33],[-8,39],[45,-2]],[[1200,3625],[-9,57],[-21,71],[14,39],[-6,55],[10,7],[12,66],[-28,32],[5,33],[-32,27],[12,124],[11,50],[27,19],[6,60],[28,-1],[19,50],[-23,34],[7,31],[26,14],[12,51],[-53,19],[-3,40]],[[1214,4503],[25,74],[51,-5],[56,39],[55,54],[6,-35],[451,1],[958,2]],[[2816,4633],[-22,-13],[-19,-51],[11,-47],[-13,-37],[12,-77],[-15,-100],[14,-55],[-14,-11],[4,-67],[-40,-11],[2,-44],[-30,-10],[-21,-39]],[[2685,4071],[-110,-73],[-19,-35],[-28,-18],[-27,13],[-43,3],[-22,26],[-54,31],[-33,-22],[-38,-40],[14,-19],[-33,-98],[-59,-37],[-64,-14],[-28,-47],[12,-68],[62,-32],[11,-28],[-7,-30],[7,-68],[-35,-75],[-38,-46]],[[1139,3123],[0,250],[66,0],[0,252],[-5,0]],[[5723,1493],[12,-44],[-39,-26],[6,-34],[-49,-8],[-8,-46],[-17,-25],[15,-23],[3,-52],[14,-18],[-27,-58],[8,-57],[26,-37],[9,-38],[24,-1],[30,28],[97,0],[1,-31],[24,-32],[0,-57],[22,1],[11,-27],[0,-134],[22,0],[13,-51],[0,-63],[11,-42]],[[5654,429],[-33,13],[-39,82],[-76,0],[-22,-50],[-31,15],[-23,30],[38,56],[-4,98],[-50,-9],[-41,49],[-5,30],[-39,0]],[[5329,743],[0,79],[32,15],[2,81],[10,32],[-42,0],[0,42],[-21,0],[-1,31],[-22,0],[0,52],[-43,0],[-1,84],[-21,0],[2,162],[-38,74],[-36,27],[-45,-22],[-23,-23],[-64,-9],[-1,-15],[-35,-20],[-15,12],[17,30],[-20,16]],[[4964,1391],[18,35],[-3,23],[34,0],[33,44],[548,-1],[129,1]],[[239,2444],[53,-13],[17,-16],[12,-39],[23,-13],[27,-35],[39,-12],[26,3],[36,-25],[39,-76],[0,-68],[38,-30],[19,-28],[64,-67],[52,-29],[49,-93],[64,-12],[11,-11]],[[808,1880],[15,-11],[72,20],[30,-23],[3,-27],[29,-32],[-10,-67],[38,-41],[18,-6],[32,-57],[44,-13]],[[2437,1127],[-1,-447],[0,-371],[0,-297]],[[2436,12],[-305,0],[-344,2],[-270,-1],[-511,0],[-40,-1],[-285,2],[-378,2],[-63,1],[0,516],[-1,282],[0,368],[0,314],[0,419],[0,528]],[[4680,1621],[-1,-358],[212,0],[40,43],[1,30],[32,55]],[[5329,743],[-86,0],[0,-125],[-173,0],[0,-126],[-383,-2]],[[4687,490],[-2,376],[-191,2],[1,55],[-25,10],[-44,-13]],[[4426,920],[0,72],[64,1],[0,125],[-64,0],[0,124],[-7,0],[0,379],[261,0]],[[6846,2881],[0,-289],[2,-408]],[[6848,2184],[-31,38],[-15,-8],[-73,30],[-51,-4],[-21,27],[-9,69],[-19,22],[-173,1]],[[6456,2359],[-1,376],[2,58]],[[2437,1334],[14,9],[67,-4],[49,-49],[19,-37],[-13,-42],[-24,-18],[-4,-55],[37,-9],[61,-29],[2,-53],[27,-12],[0,-38],[14,-21],[38,0],[36,13],[65,-17],[38,-1],[39,-16]],[[2902,955],[22,-13],[85,-14],[59,-45],[66,-6],[34,4],[50,-37],[48,-16],[33,-1],[83,-38],[35,-53],[31,0],[85,45],[49,-4]],[[3582,777],[0,-8],[-73,-9],[-2,-141],[-239,1],[-2,-126],[6,1],[0,-486]],[[3272,9],[-205,2],[-145,-2],[-257,11],[-229,-8]],[[495,5584],[48,18],[23,36],[-29,71],[8,25],[53,52]],[[1185,6328],[130,-23],[59,-71],[46,-25],[63,3],[58,-12],[45,-23],[31,0],[32,40],[-4,21],[22,33],[1,44],[14,21],[43,24],[36,41],[26,75],[138,29],[1001,201]],[[2926,6706],[58,24],[83,-27],[47,42],[71,12],[44,-31],[-2,-52],[-24,-31],[5,-37],[-13,-81],[-57,-13],[3,-32],[32,-50],[-14,-41],[-42,-39],[13,-38],[-4,-35],[-22,-44],[-2,-42],[-39,-13],[21,-38],[10,-55],[-5,-52],[-65,-5],[-23,-25],[6,-31],[52,-17],[16,-23],[-10,-50],[-27,-15],[15,-32],[-9,-37],[16,-19],[51,-8],[26,-27],[-28,-49],[38,-46],[7,-27],[-28,-44],[-35,15],[-35,-23],[-24,6],[-75,-111],[22,-19],[0,-23],[55,-49],[-3,-62],[-25,-27],[-19,2],[-26,-27],[26,-41],[-21,-26],[-7,-39]],[[2959,5154],[-35,-36],[-39,-21],[-36,-69],[-44,31],[-33,-4],[-44,34],[-21,-7],[-6,-46],[12,-27],[-7,-31],[67,-60],[20,0],[21,-37],[58,-70],[44,-36],[-79,-90],[-21,-52]],[[1214,4503],[-177,2],[24,41],[-15,16],[-5,52],[-47,121],[-380,0]],[[614,4735],[14,12],[1,65],[60,111],[24,21],[10,43],[37,29],[-2,63],[37,58],[45,44],[21,56],[-27,49],[-52,61],[-1,61],[-63,64],[-43,9],[-37,-4],[-36,56],[-42,8],[-30,-14],[-22,13],[-13,44]],[[5723,1493],[128,-2],[395,-1]],[[6246,1490],[603,0]],[[6849,1490],[1,-430],[-4,-302]],[[6846,758],[-38,-29],[-90,-24],[-42,7],[-37,-4],[-16,25],[13,17],[17,94],[-35,23],[-29,-51],[-42,10],[-27,16],[2,22],[-30,6],[-260,0],[-35,-30],[11,-68],[13,-15],[36,-116],[-21,-23]],[[1009,7833],[0,124],[6,43],[0,498],[1,22]],[[1016,8520],[0,131],[-6,53],[49,59],[55,16],[17,-21],[62,-47],[48,16],[32,-42],[31,-12],[15,-27]],[[1319,8646],[20,-6],[53,-82],[48,-48],[43,-58],[21,10],[32,-32],[6,-61],[25,-48],[23,9],[26,-23],[-3,-19],[58,-36],[9,-14],[-15,-58],[7,-17],[39,-28],[6,-42],[-50,-39],[-19,-36],[58,-17],[-13,-16],[27,-48],[62,-20],[-26,-25],[-68,-4],[-37,-16],[-8,-28],[38,4],[66,-32],[20,-36],[29,7],[73,-47],[24,-73],[114,-27],[18,-23],[43,1],[55,-13],[5,-33],[24,-18],[-6,-47],[43,-9],[20,-46],[26,-4],