{"type":"Topology","transform":{"scale":[0.00042867494757720744,0.00033437669275420805],"translate":[-79.48759757603258,37.911712025193026]},"arcs":[[[6175,3563],[42,47],[64,13],[31,67],[42,62],[40,39],[57,11],[44,83],[15,10]],[[6510,3895],[90,51],[50,-23],[43,42]],[[6693,3965],[80,-88],[80,-33],[40,32]],[[6893,3876],[-3,-43],[19,-46],[87,-61],[40,-9],[94,-67],[-2,-75],[23,-90],[-39,-72],[79,-59],[25,-61],[-46,-34],[-40,0],[-36,-19],[-5,-37],[-64,-4],[12,-74],[48,-46],[-31,-40],[-13,-49],[-47,47],[-46,-22],[34,-31],[9,-74],[-67,-65],[-44,-5],[2,-38],[52,11],[57,-28],[-25,-94],[-52,-48],[-36,-62],[-48,-22],[5,-68],[31,-51],[33,3],[4,-47]],[[6903,2396],[-16,26],[-188,-2],[-17,17],[0,122],[-46,6],[-41,-16],[-61,-47]],[[6534,2502],[-30,15],[-3,46],[-28,18],[1,110],[38,34],[-9,42],[19,67],[36,50],[1,60],[14,25],[-48,61],[-8,96],[-20,39],[10,41],[-108,100],[-7,49],[-68,35],[-37,3],[-27,49],[-30,-3],[-47,25],[23,59],[-31,40]],[[5709,2613],[3,19],[302,302],[-217,217]],[[5797,3151],[39,37],[-13,44],[196,340],[0,35],[44,39]],[[6063,3646],[31,-42],[81,-41]],[[6534,2502],[6,-30],[-42,-82],[9,-61],[26,-27],[-28,-47],[37,-13],[-23,-75],[49,-56],[-1,-55],[-19,-56],[20,-83],[-8,-50]],[[6560,1867],[-151,68],[-5,106],[-12,69],[-70,29],[-200,94],[-36,2],[-60,-22],[-82,9],[-61,20],[-124,-39],[-19,-40],[-54,-43],[-66,220],[-19,35]],[[5601,2375],[77,12],[28,48],[3,178]],[[2670,5415],[569,0],[524,0],[351,-5],[595,-2]],[[4709,5408],[-57,-82],[1,-45],[-63,-110],[-30,-29],[-87,-33],[-39,-145],[-29,-65],[3,-27],[-36,-36],[-22,-85],[20,-26],[-18,-30],[14,-40],[-49,-89],[-8,-108],[-26,-82],[-51,-92],[-9,-60]],[[4223,4224],[-47,-16],[-70,9],[-66,36],[-9,34],[32,24],[4,36],[-23,43],[40,23],[-7,43],[-31,65],[-24,15],[-68,6],[-20,31],[35,19],[-22,104],[56,22],[-23,29],[-47,-29],[-102,28],[8,59],[-51,-10],[-1,59],[-52,51],[19,35],[84,3],[21,19],[4,88],[-100,42],[-33,-51],[-81,23],[-30,-31],[-37,-6],[-13,48],[-44,-27],[-81,13],[-58,95],[-96,99],[-57,34],[-163,46],[-27,-1],[-55,-58],[-48,1],[8,-41],[-70,-67],[-26,-62],[-42,3],[-119,48]],[[2691,5158],[-14,49],[16,41],[36,42],[1,56],[-38,60],[-22,9]],[[1298,5416],[491,1],[338,-2],[543,0]],[[2691,5158],[-42,12],[-24,-43],[-25,13],[-53,-43],[-58,24],[-30,-10],[19,-39],[65,-52],[-24,-35],[-83,38],[-35,-33],[19,-28],[55,-35],[22,-29],[-77,-34],[-25,-2],[-4,-50],[-94,-6],[-43,18],[-104,-16],[-61,37],[-72,23],[-77,-14],[-78,33],[-12,22],[-71,32],[-17,34],[-57,16],[-50,62],[24,22],[79,16],[-34,37],[-34,-22],[-34,8],[12,45],[-43,4],[-25,-32],[15,-50],[-33,-8],[-6,-31],[-33,-26],[11,-85],[-40,20],[-85,-134],[-36,8],[-6,-37],[-55,-78],[-40,-1],[-74,-143],[-32,31],[-128,57],[-31,46],[-48,-12]],[[979,4688],[32,81],[82,180],[162,376],[43,91]],[[7236,4000],[68,35],[16,-36],[-51,-33],[-33,34]],[[6300,5410],[507,2]],[[6807,5412],[10,-319],[14,-51],[26,-28],[37,-80],[0,-52],[51,-58],[49,-2],[84,-51],[38,-15],[38,-70],[22,0],[46,-42],[30,-57],[-4,-62],[20,-59],[33,-45]],[[7301,4421],[-3,-26],[47,-21],[-14,-50],[25,-53],[-43,-31],[45,-16],[-16,-39],[-57,2],[-36,-39],[-37,22],[1,-117],[-47,-57],[-49,16],[-11,-31],[45,-31],[10,-38],[-17,-42],[-27,-11],[-23,48],[-37,-7],[-3,-30],[-74,-11],[-13,22],[8,52],[-75,40]],[[6900,3973],[0,394],[-424,0],[0,-279],[217,-123]],[[6510,3895],[-23,21],[-78,34],[-40,45],[-85,55],[22,80],[-24,65],[-66,13],[-72,-4],[-20,37],[-29,7],[-17,54]],[[6078,4302],[0,42],[-22,54],[23,105],[-25,62],[25,23],[-12,52],[8,34],[33,24],[29,147],[117,412],[46,153]],[[5499,2163],[-13,44],[7,72],[24,34],[84,62]],[[6560,1867],[30,-35],[-26,-74]],[[6564,1758],[-62,-6],[-25,36],[-96,12],[-52,-14],[-106,-221],[-6,-20],[-80,-101],[-33,-13],[-1,-38],[50,-35],[5,-31]],[[6158,1327],[-19,9],[-33,-80],[43,-47],[39,-125],[-28,-54],[-40,38],[-101,59],[-44,18],[9,48],[-18,37],[-87,56],[-38,64],[-11,95],[-65,152],[-57,-3],[-81,-60],[-36,-51],[-76,9],[-31,-56],[-116,-78],[-49,-18],[-99,69],[-36,92],[18,61],[-31,90],[-7,53],[24,91],[60,118],[40,11],[67,90],[20,45],[32,19],[49,-4],[89,64],[-46,24]],[[4709,5408],[588,0]],[[5297,5408],[-23,-35],[27,-27],[-49,-42],[-1,-32],[-91,-82],[-10,-49],[-46,-21],[-1,-34],[115,-32],[11,-26],[55,-29],[16,-26],[36,12],[71,-86],[-1,-47],[42,-5],[44,-71],[62,-51],[-25,-39],[3,-55],[-40,-83],[-35,-44],[-17,-112],[-29,-79]],[[5411,4313],[-2,-1]],[[5409,4312],[-531,-316],[-146,-82]],[[4732,3914],[-3,24],[-62,57],[-50,15],[-81,43],[-41,57],[-14,60],[-61,-14],[-53,4],[-83,24],[-61,40]],[[5409,4312],[-42,-46],[39,-75],[49,-41],[44,-93],[62,-7],[89,-45],[9,-29],[40,-11],[29,-52],[53,-40],[28,-120],[57,-14],[-6,-37],[47,-14],[20,-46],[41,26],[32,-34],[63,12]],[[5797,3151],[-92,86],[-181,-179],[-63,90],[-44,11],[-75,-4],[-55,14],[-55,33],[-26,60],[23,67],[-67,28],[-43,36],[-109,50],[-82,-5],[-113,17],[-89,24],[-56,103],[-69,27],[-22,28],[-6,55],[39,96],[58,22],[25,28],[3,40],[34,36]],[[7665,2800],[20,44],[51,8],[18,42],[32,10],[58,-17],[50,16],[3,23],[-31,71],[33,82],[26,12],[329,-81]],[[8254,3010],[12,-62],[-17,-51],[67,-77],[-12,-47],[62,-42],[10,-29],[-83,-57],[-39,-53],[-34,4],[-37,-48],[-46,-28],[12,-37],[-48,-40],[48,-58],[3,-37],[41,0],[12,-41],[58,-27]],[[8263,2280],[-23,-62],[-65,-85],[5,-45],[-25,-53],[-33,-14],[-53,-45]],[[8069,1976],[-7,27],[-50,38],[-1,29],[-63,32],[-19,34],[-58,-14],[-49,53],[-29,-6],[-20,63],[-51,54],[11,34],[-28,23],[-33,-55],[-32,15],[-2,32],[-32,17],[-27,44],[1,72],[54,-25],[22,32],[-86,61],[-29,-31],[0,-38],[-36,-37],[-60,0],[-6,76],[-33,-11],[-50,-128],[29,-41],[-3,-29],[-40,-11],[-15,48],[20,90],[-11,80],[19,72],[26,18],[32,53],[2,49],[26,45],[22,-3],[51,77],[38,-83],[49,-11],[41,-48],[-12,-56],[108,-99],[19,40],[-41,30],[-47,78],[21,79],[-25,55]],[[7224,2556],[43,23],[22,-82],[-34,-12],[-30,43],[-1,28]],[[8452,1400],[57,15],[-26,46],[18,67],[34,2],[17,48],[-34,19],[7,36],[38,17],[-16,53],[20,23],[48,11],[88,62],[27,73],[31,1],[71,68]],[[8832,1941],[18,-301],[235,-11],[463,-13],[125,0]],[[9673,1616],[25,-83],[31,-60],[-30,-66],[37,-67],[-22,-83],[-16,0],[-60,-54],[-20,-71],[-579,-35]],[[9039,1097],[-116,61],[-47,-19],[-39,-83],[-50,7],[-46,37],[-53,19],[-42,-55],[-35,-5],[-12,-30]],[[8599,1029],[-48,18],[-55,-14],[-14,-27],[-86,-20],[-17,-39],[-50,104],[36,67],[-16,20],[36,50],[25,60],[61,61],[17,46],[-36,45]],[[8157,4375],[22,-24],[57,24],[114,-30],[123,0],[74,50],[41,-14],[50,11],[42,-8]],[[8680,4384],[25,-393]],[[8705,3991],[-45,3],[-50,-18],[-54,15],[-57,35],[-47,11],[-50,-37],[-128,-32],[-69,23],[-41,-21],[-52,1],[-108,-87],[-29,-54],[52,-35],[9,-44],[-90,-52],[15,-44],[-50,-26],[-48,-54],[-94,-37]],[[7769,3538],[-63,5],[-45,-32],[-19,-48],[4,-182],[-51,29],[-25,31],[13,50],[22,22],[-20,140],[-26,57],[6,35],[-73,47],[4,58],[43,78],[55,125],[23,72],[52,67],[23,4],[26,56],[-15,58],[60,49],[62,-9],[2,60],[38,24],[13,34],[113,-1],[68,-13],[23,-17],[75,38]],[[9673,1616],[364,-3],[317,1],[-12,-99],[-42,-188],[-31,-93],[-41,-38],[-63,-194],[-67,-187],[-47,-173],[-34,-91],[-52,-102],[-62,-104],[-365,-41],[-526,-57]],[[9012,247],[-34,86],[-43,25],[2,62],[84,13],[7,49],[83,-14],[46,60],[38,-4],[5,59],[-25,50],[-52,63],[59,55],[13,48],[-33,56],[-63,78],[-44,76],[-16,88]],[[6564,1758],[51,-77],[-5,-31],[68,-59],[39,-58],[25,-3],[79,-52],[24,-33],[45,9],[90,-94],[28,-79],[-14,-36],[41,-9]],[[7035,1236],[-12,-24],[41,-67],[71,0],[15,31],[62,11],[49,-28],[-50,-74],[-7,-46],[33,-124],[74,-118],[45,-56],[33,-63],[-49,-66],[21,-50],[6,-81],[18,-68],[-72,10],[-20,19],[-25,66],[-44,37],[-6,27],[-65,9],[-38,89],[-3,75],[-72,-22],[20,-42],[-20,-60],[-29,-8],[-46,66],[-39,6],[-51,37],[-23,90],[-52,61],[-51,36],[-88,30],[-36,-2],[-42,23],[-91,3],[-64,37],[-47,-72],[-62,19],[3,43],[-26,25],[-39,8],[-8,46],[15,34],[-54,67],[-22,93],[18,40],[-48,24]],[[8254,3010],[-4,84],[30,38],[-10,26],[29,69],[92,82],[49,117],[53,52],[-3,37],[31,64],[102,73],[102,31]],[[8725,3683],[34,-556],[36,-573],[23,-390]],[[8818,2164],[-16,31],[-81,76],[-32,45],[-32,-28],[-51,-1],[-5,61],[-87,21],[-94,-31],[-44,18],[-18,-35],[-59,-35],[-36,-6]],[[25,5411],[627,3],[646,2]],[[979,4688],[-36,-24],[-40,17],[-15,-45],[10,-32],[-61,-65],[1,-36],[-49,