{"type":"Topology","transform":{"scale":[0.0007234508097856301,0.00046954036608258027],"translate":[-73.5082203898944,41.237979192472196]},"arcs":[[[671,3201],[295,-9],[728,-32]],[[1694,3160],[15,-100],[59,-26],[-1,-103],[-51,-28],[8,-54],[-22,-11],[11,-79],[33,-42],[-64,-73],[11,-82],[-32,-44],[-10,-45],[-1,-119]],[[1650,2354],[-18,-50],[-32,31],[-34,184],[-150,-28],[-8,56],[-183,-40],[-114,-20],[5,100],[-79,-14],[-21,44],[-135,37],[1,87],[-9,34],[-136,32]],[[737,2807],[33,181],[-6,53],[-28,-10],[-26,23],[59,44],[3,27],[-102,-6],[1,82]],[[2225,3138],[211,-9],[624,-22],[54,85]],[[3114,3192],[24,-143],[-23,-28],[114,-85],[33,-7],[18,-30],[108,12],[32,-41],[-32,-24],[-19,-39],[-6,-53],[47,-10],[8,-41],[-26,-64],[39,-69]],[[3431,2570],[8,-14],[-29,-77],[-50,-92],[-55,-7],[-15,38],[-65,-48],[25,-44]],[[3250,2326],[-30,-34],[19,-22]],[[3239,2270],[-36,-44]],[[3203,2226],[-55,80],[-54,16],[-83,-32],[30,-91],[7,-47],[-65,-74],[8,-28],[-83,-26],[-55,-29],[-47,-38]],[[2806,1957],[-27,21],[-13,47],[-105,14],[-26,48],[21,89],[112,28],[27,81],[-1,41],[-89,-8],[-47,-33],[-56,83],[63,79],[-33,23],[62,30],[22,116],[-24,17],[41,98],[-11,49],[-112,19],[-22,-60],[-60,13],[20,173],[-153,70],[0,-16],[-96,3],[-18,78],[-56,78]],[[2940,1591],[24,1],[392,235]],[[3356,1827],[43,-283],[74,-80],[30,-137],[-87,-95],[31,-36],[-16,-44],[144,26],[24,-70],[25,4],[57,-246],[3,-34]],[[3684,832],[-15,-31],[15,-37],[-19,-28],[-22,94],[-80,-31],[-1,-61],[-24,-12],[19,-64],[-18,-40],[-45,-5],[-31,-34],[-53,-30],[-41,24],[-69,-24],[-15,205],[-13,24],[11,117],[-86,32],[-91,164],[-92,60],[-27,91],[19,84],[-7,76],[-59,-11],[0,196]],[[3356,1827],[215,131],[14,144],[-25,59],[34,26]],[[3594,2187],[34,-40],[7,69],[75,-27]],[[3710,2189],[-28,-11],[-12,-45],[36,-82],[53,46],[10,56]],[[3769,2153],[26,3],[21,-61],[48,-37],[-8,-42],[46,-110],[63,-94],[-6,-91],[-35,-19],[2,-53],[-38,2],[-5,-56],[24,-15],[39,-58],[63,-25],[34,19],[54,-50],[-2,-41],[19,-37],[9,-66],[-25,-73],[9,-29]],[[4107,1220],[-39,-51],[-93,-51],[16,-33],[-31,-63]],[[3960,1022],[-49,20],[-69,-9],[23,-34],[-60,-27],[9,-30],[-11,-58],[-53,-4],[-20,-56],[-46,8]],[[3455,2274],[-9,2]],[[3446,2276],[9,-2]],[[3239,2270],[18,-20],[48,62],[-8,60],[-47,-46]],[[3431,2570],[34,-29],[57,27]],[[3522,2568],[-42,-78],[34,-87],[-56,-41],[-36,-40],[-10,-48]],[[3412,2274],[-7,-63],[-62,-14],[-27,-46],[-46,-25],[-67,100]],[[1694,3160],[531,-22]],[[2806,1957],[0,-54],[-32,-31],[4,-213]],[[2778,1659],[-42,-4],[-374,-15],[-2,33],[-363,8],[-100,6]],[[1897,1687],[1,280],[-89,-17],[-2,16],[-87,49],[0,33],[59,97]],[[1779,2145],[14,141],[-88,-20],[-13,107],[-42,-19]],[[215,2709],[121,503],[335,-11]],[[737,2807],[9,-34],[-60,-341],[-75,20],[5,-128],[49,-45],[38,10]],[[703,2289],[-6,-131],[-43,-229],[-50,10],[14,-64],[-17,-52],[28,-83],[0,-32]],[[629,1708],[-515,22],[-98,-1],[-16,78],[67,279],[148,623]],[[3734,470],[31,41],[69,19],[-46,-62],[-31,-24],[-23,26]],[[3690,233],[36,18],[60,-6],[52,95],[26,24],[16,53],[40,18],[17,39],[25,4],[53,42],[16,-56],[40,28],[14,-34],[8,-79],[56,-34],[22,-35],[24,54],[32,25],[2,-143],[-20,-13],[-160,6],[-155,-13],[-58,-17],[-43,-37],[-16,-38],[-36,28],[-51,71]],[[3710,2189],[59,-36]],[[3412,2274],[34,2]],[[3455,2274],[-16,-41],[40,-44],[66,-29],[49,27]],[[2940,1591],[0,72],[-162,-4]],[[703,2289],[63,66],[81,-6],[14,-18],[7,-143],[-44,-56],[55,-48],[20,51],[62,10],[27,-18],[17,-79],[130,-35],[-5,64],[47,31],[31,98],[29,27],[20,-39],[-34,-73],[43,-47],[261,43],[11,-98],[49,9],[-6,27],[30,34],[85,35],[83,21]],[[1897,1687],[-542,9],[-63,-9],[-169,14],[-77,-14],[-21,-58],[-69,-11],[4,83],[-331,7]],[[4107,1220],[27,-42],[63,-63],[83,-37],[51,-11],[116,-10],[44,-43],[59,61],[104,37],[26,-3],[80,30],[55,31],[29,45],[-14,197],[-43,62],[-23,-14],[-21,42],[-1,90],[-25,101],[-38,40],[-45,23],[-43,-26],[-30,-42],[-51,71],[28,31],[50,8],[101,-31],[79,-58],[35,-48],[66,-145],[24,-81],[32,-142],[23,-221],[-7,-133],[-46,-143],[-35,-18],[30,90],[-36,46],[-128,-9],[-71,-27],[-76,-5],[-70,-41],[-39,9],[-58,-16],[-30,23],[-31,-11],[-13,-32],[-43,-20],[-50,-3],[-33,-71],[-45,-42],[-73,-2],[-121,-28],[-32,-49],[-15,38],[19,36],[17,72],[-15,46],[18,42],[-19,30],[32,24],[-32,36],[14,108]],[[3114,3192],[43,21],[59,-19],[-6,113],[28,38],[46,27],[94,-32],[27,91],[19,22],[89,21],[48,32],[63,-3],[52,-46],[43,24],[0,-47],[17,-146],[17,-74],[29,-77],[-5,-42],[43,-21],[23,-33],[51,-21],[64,71],[21,7],[9,-68],[36,-19],[4,-36],[-34,-13],[-23,-61],[-63,-14],[-41,-45],[-34,7],[-58,-35],[-24,11],[-40,-28],[-62,-6],[6,-64],[30,2],[-7,-54],[-45,-32],[-20,-38],[-38,12],[-53,-49]],[[4526,102],[31,-22],[34,40],[86,-1],[59,11],[50,48],[35,101],[83,-192],[-20,-69],[-56,-18],[-52,13],[-91,-4],[-71,32],[-71,42],[-17,19]]],"objects":{"SC_MA.geo":{"type":"GeometryCollection","geometries":[{"arcs":[[0,1,2,3]],"type":"Polygon","properties":{"parent":"MA","name":"Franklin","countyFIPS":"25011"},"id":"Franklin"},{"arcs":[[4,5,6,7,8,9,10]],"type":"Polygon","properties":{"parent":"MA","name":"Middlesex","countyFIPS":"25017"},"id":"Middlesex"},{"arcs":[[11,12,13]],"type":"Polygon","properties":{"parent":"MA","name":"Bristol","countyFIPS":"25005"},"id":"Bristol"},{"arcs":[[14,15,16,17,18,19,-13]],"type":"Polygon","properties":{"parent":"MA","name":"Plymouth","countyFIPS":"25023"},"id":"Plymouth"},{"arcs":[[22,-7,23,24,25,-9]],"type":"Polygon","properties":{"parent":"MA","name":"Suffolk","countyFIPS":"25025"},"id":"Suffolk"},{"arcs":[[26,-11,27,28,29,30,-2]],"type":"Polygon","properties":{"parent":"MA","name":"Worcester","countyFIPS":"25027"},"id":"Worcester"},{"arcs":[[31,-4,32,33,34]],"type":"Polygon","properties":{"parent":"MA","name":"Berkshire","countyFIPS":"25003"},"id":"Berkshire"},{"arcs":[[[35]],[[36]]],"type":"MultiPolygon","properties":{"parent":"MA","name":"Dukes","countyFIPS":"25007"},"id":"Dukes"},{"arcs":[[[37,-17]],[[-23,-8]],[[-10,-26,38,-21,39,-15,-12,40,-28]]],"type":"MultiPolygon","properties":{"parent":"MA","name":"Norfolk","countyFIPS":"25021"},"id":"Norfolk"},{"arcs":[[41,-30,42,-34]],"type":"Polygon","properties":{"parent":"MA","name":"Hampden","countyFIPS":"25013"},"id":"Hampden"},{"arcs":[[-19,43]],"type":"Polygon","properties":{"parent":"MA","name":"Barnstable","countyFIPS":"25001"},"id":"Barnstable"},{"arcs":[[44,-24,-6]],"type":"Polygon","properties":{"parent":"MA","name":"Essex","countyFIPS":"25009"},"id":"Essex"},{"arcs":[[45]],"type":"Polygon","properties":{"parent":"MA","name":"Nantucket","countyFIPS":"25019"},"id":"Nantucket"},{"arcs":[[-3,-31,-42,-33]],"type":"Polygon","properties":{"parent":"MA","name":"Hampshire","countyFIPS":"25015"},"id":"Hampshire"}]}}}