{"type":"Topology","transform":{"scale":[0.0004949910691041703,0.0005131106574683446],"translate":[-71.08402244793047,42.99204732102894]},"arcs":[[[2679,2236],[205,-33],[-18,205],[31,101],[207,-36],[53,38],[30,122]],[[3187,2633],[196,-29]],[[3383,2604],[-55,-7],[-30,-21],[22,-57],[-18,-44],[33,-69],[55,-31],[68,-10],[70,8],[69,-150],[0,-71],[43,-62],[-32,-11],[-45,-49],[-88,-41],[-9,-34]],[[3466,1955],[-32,-41],[-31,16],[-77,-13],[-50,-151],[-40,-38],[-43,-80],[-20,14],[-25,63],[-48,6],[9,-37],[-13,-52],[-48,15],[-9,-40],[-53,-13],[-15,44],[-73,-3],[8,-33],[-16,-55],[-66,37],[-3,113],[-31,-26]],[[2790,1681],[-40,-3],[-13,43],[-29,36],[73,66],[-28,8],[3,77],[40,69],[-229,38],[43,28],[19,59],[-6,32],[23,24],[33,78]],[[1073,5215],[95,-300],[-26,-4],[118,-410],[84,-307],[223,37],[30,-104],[271,37],[75,-251],[24,-102],[-85,-11],[45,-178],[195,27],[37,-151],[24,3],[5,-57],[-26,-3],[36,-156],[72,7],[0,-41],[27,-24],[33,-72]],[[2330,3155],[6,-13],[-52,-58],[-175,28],[-3,-34],[-62,-82],[62,-30],[-2,-56],[-175,4]],[[1929,2914],[-146,-18],[-75,-37]],[[1708,2859],[-25,87],[-60,3],[-18,68],[18,58],[-544,80],[80,32],[-211,328],[-312,-124],[-9,210],[-46,168],[-16,-2],[-39,173],[88,9],[-111,504]],[[503,4453],[46,49],[12,145],[-39,47],[89,60],[53,-6],[51,-56],[36,-17],[69,7],[54,-34],[34,13],[-2,55],[16,19],[-47,45],[-48,15],[-35,43],[-52,31],[14,58],[47,56],[8,39],[41,28],[38,47],[50,9],[55,35],[80,74]],[[1708,2859],[-72,-36],[-9,-49],[27,-102],[-121,-301],[-18,4],[-305,-293],[10,-55]],[[1220,2027],[-58,18],[-71,-70],[-40,38],[-38,-12],[-56,82],[8,79],[39,41],[-24,53],[-51,42],[-145,-72],[-7,10],[-247,-121],[-75,35],[0,-69],[21,-20],[113,-19],[156,-152],[-65,-31],[36,-34],[-57,-42],[5,-35],[-20,-34],[-33,5],[-40,-35],[37,-82]],[[608,1602],[-33,-12],[-161,5],[-68,-19],[-29,-20],[-62,-10],[-63,13]],[[192,1559],[-15,406],[-25,478],[-8,186],[-28,423],[-9,190],[-13,195],[-43,486],[-37,472],[-14,114],[50,16],[54,-7],[95,43],[67,13],[27,-37],[43,-16],[11,-30],[-19,-33],[47,-41],[27,-46],[56,-11],[18,66],[27,27]],[[4327,2518],[80,79],[-19,79],[17,26],[79,-7],[1,-39],[-68,-55],[23,-43],[-34,-48],[-19,-69],[-28,1],[10,53],[-42,23]],[[4301,2360],[-6,0]],[[4295,2360],[6,0]],[[3257,3315],[111,16],[5,34],[39,27],[26,42],[78,-8],[33,-69],[122,14]],[[3671,3371],[125,15],[43,-166],[192,29],[508,84],[43,-36]],[[4582,3297],[-13,-38],[-49,-76],[64,-92],[33,-19],[-15,-29],[8,-56]],[[4610,2987],[-25,-55],[-41,-29],[7,-46],[-107,-58],[-26,44],[-49,11],[-21,-35],[-37,-16],[-89,-16],[26,-45],[67,-84],[-13,-62],[-52,-57],[-30,5],[-20,-45],[-47,-49]],[[4153,2450],[-30,20],[-159,-7],[-297,212],[-157,-110],[-96,68],[-31,-29]],[[3187,2633],[123,235],[100,-13],[48,171],[-90,12],[48,174],[-136,13],[35,50],[-66,8],[8,32]],[[608,1602],[34,-42],[66,-6],[42,20],[58,-6],[58,-26],[25,-60],[-34,-81],[131,-27],[35,-19],[56,56],[186,-144],[-69,-69],[280,-139]],[[1476,1059],[-63,-77],[3,-51],[22,-29],[71,5],[-4,-27],[-46,-9],[-55,-66],[-78,-31],[23,-55],[-119,-28],[-86,-5],[-35,-14],[-56,-51],[-63,-120],[37,-53],[-27,-51],[-60,-63],[-31,-84],[-58,-62],[-21,-35],[-62,-21],[-5,30],[-64,-3],[-179,104],[-15,39],[11,77],[16,10],[22,64],[-16,26],[-129,68],[-30,24],[-32,68],[-50,34],[-61,12],[-38,71],[-2,67],[52,47],[1,55],[-18,38],[32,64],[-19,32],[25,30],[-44,38],[-19,282],[-14,150]],[[1073,5215],[53,-3],[123,78],[54,-4],[78,30],[24,58],[-37,24],[-20,65],[42,7],[16,39],[58,33],[34,32],[73,15],[45,24],[61,60],[-19,41],[47,38],[-73,46],[-58,-4],[4,66],[-30,40],[77,64],[-54,18],[11,42],[93,53],[30,78],[-103,69],[40,51],[46,108],[35,47],[51,17],[-3,61],[71,55],[48,-1],[120,101],[65,8],[68,309]],[[2143,6980],[610,1]],[[2753,6981],[4,-351],[-26,0],[7,-813],[91,13],[75,-233],[-80,-24],[-45,66],[-35,-10],[36,-56],[-21,-39],[19,-40],[-48,-107],[-100,26],[-41,-40],[-44,-13],[65,-32],[13,-65],[63,-26],[20,-30],[42,-12],[42,-72],[-29,-17],[9,-38],[-37,-50],[-99,-47],[103,-319],[58,-169],[-7,-38],[41,-118],[-7,-8],[65,-211],[19,3],[50,-176],[213,27],[41,24],[-9,32],[290,38]],[[3491,4056],[151,-516],[-11,-1],[40,-168]],[[3257,3315],[3,49],[-27,4],[-302,-39],[9,-55],[101,-88],[-27,-43],[5,-34],[-32,-20],[-276,41],[-69,20],[-34,-60],[-51,7],[-4,43],[-67,36],[-156,-21]],[[6623,5239],[-489,-79]],[[6134,5160],[-429,-69],[5,-12],[-317,-49],[-37,11],[4,353],[9,182],[-2,178],[-8,16],[-2,161],[-9,15],[-1,321],[1,340],[-522,1],[0,25],[-251,1]],[[4575,6634],[-5,0],[1,344],[-1130,1],[-688,2]],[[2143,6980],[53,237],[361,350],[509,488],[257,243],[434,409],[93,-6],[64,-15],[134,-48],[50,16],[40,-35],[-38,-71],[-1,-122],[28,-136],[123,-50],[39,-28],[37,1],[71,-42],[89,8],[104,52],[97,13],[93,37],[61,6],[48,-15],[104,16],[39,29],[-11,20],[40,34],[50,-10],[73,27],[87,3],[34,-25],[151,3],[-2,70],[11,41],[48,27],[104,-3],[40,9],[38,-15],[76,1],[9,-16],[143,-45],[30,-50],[110,-47],[18,-24],[104,-42],[66,-54],[76,-28],[1,-24],[49,-56],[35,-13],[41,-46],[2,-28],[199,-83],[3,-364],[-2,-167],[3,-381],[8,-316],[4,-308],[2,-656],[63,-49],[-37,-39],[-71,-29],[28,-61],[70,-54],[-95,-40],[-14,-70],[55,-71],[-56,-3],[8,-96]],[[2179,2207],[218,-33],[36,86],[50,31],[185,-28],[11,-27]],[[2790,1681],[-6,-67],[-32,-74],[-39,-25],[-26,-50],[-161,-51],[-49,12],[-22,37],[-9,69],[-28,-2]],[[2418,1530],[34,80],[-9,65],[-43,32],[63,98],[15,52],[-35,17],[-60,-55],[-60,-25],[-40,20],[-45,-15],[-63,52],[-26,8],[-28,58]],[[2121,1917],[-33,36],[37,18],[-11,31],[21,47],[44,158]],[[2179,2207],[-44,12],[18,53],[40,18],[9,26],[-134,22],[-31,28],[3,180],[-50,41],[-8,35],[-53,60],[14,25],[44,6],[-58,201]],[[4575,6634],[-5,-447],[-10,-939],[-267,-44],[17,-47],[-2,-110],[-26,-135],[217,29],[53,-165],[110,-394],[-211,-30],[49,-160],[-257,-33],[-285,-41],[-467,-62]],[[6134,5160],[182,-558],[-18,-3],[54,-164],[-233,-29]],[[6119,4406],[-502,-61],[67,-237],[-255,-32],[42,-168],[-253,-32],[113,-425],[-347,-43],[-61,-72],[-89,35],[-72,-50],[-34,-69],[-57,7],[-52,48],[-37,-10]],[[5675,2469],[49,-3],[12,-39],[-65,7],[4,35]],[[5470,2186],[53,29],[37,-33],[-61,-15],[-29,19]],[[5307,2635],[14,26],[49,28],[23,-28],[-56,-46],[-30,20]],[[5218,2264],[100,74],[32,-46],[56,16],[27,-13],[5,-54],[-93,-50],[-35,40],[-92,33]],[[5159,2615],[24,92],[34,2],[46,-122],[-94,9],[-10,19]],[[4749,2395],[59,26],[25,40],[59,29],[47,-11],[61,-38],[13,-42],[41,-6],[36,-28],[-30,-40],[-69,-1],[-57,-52],[-53,-11],[-83,10],[-24,27],[14,55],[-39,42]],[[4716,2551],[33,17],[61,-33],[42,-9],[-36,-33],[-49,20],[-51,38]],[[6119,4406],[42,-140],[73,-307],[33,-132],[-248,-32],[44,-173],[52,-174],[46,-170],[37,5],[45,-165],[-48,-5],[52,-165],[38,-31],[-19,-30]],[[6266,2887],[-21,-25],[43,-97],[26,-23],[-50,-28],[-42,51],[-31,-23],[11,-25],[-64,-55],[2,-45],[-32,-6],[-32,31],[-2,79],[-34,-2],[-37,28],[6,30],[-21,56],[9,43],[-92,55],[-20,-50],[-38,10],[-24,67],[-57,-60],[-47,9],[-30,-24],[-53,1],[-8,-43],[-112,9],[-28,-45],[60,-18],[52,43],[36,-22],[52,13],[43,-12],[16,-47],[48,-37],[24,4],[39,-46],[20,-46],[-29,-74],[-71,-33],[-194,-4],[50,-52],[8,-30],[-39,-35],[-59,-10],[-24,28],[-77,15],[-30,17],[-53,87],[0,28],[38,18],[-10,35],[38,71],[70,24],[19,23],[-58,63],[-19,-29],[-60,-42],[-24,10],[7,107],[10,43],[-84,23],[-3,-43],[20,-41],[-83,-64],[-57,-31],[-55,10],[-23,-18],[43,-77],[-36,-43],[-2,-48],[56,-33],[35,-63],[-29,-9],[21,-51],[-59,16],[-104,75],[-53,22],[-71,13],[-122,56],[-28,23],[-46,-7],[-67,-43],[-64,9],[3,43],[32,77],[-21,15],[6,85],[79,117],[-16,52],[-33,25]],[[1874,1400],[28,14],[30,55],[64,7],[-21,-46],[-101,-30]],[[1220,2027],[158,-82],[14,25],[63,-32],[99,99],[231,-166],[7,-12],[164,-76],[48,49],[23,-11],[94,96]],[[2418,1530],[-30,-11],[-60,24],[-48,-23],[-57,-54],[-121,7],[50,59],[76,66],[8,30],[46,41],[-131,20],[-69,-56],[-83,-29],[-63,-49],[-57,-29],[-67,-3],[-14,-62],[-76,-72],[-19,-89],[68,-69],[-20,-53],[41,-61],[-96,-26],[-56,21],[-54,-23],[-31,-30],[-29,10],[-50,-10]],[[7599,3156],[43,24],[42,-27],[-68,-24],[-17,27]],[[7112,2959],[69,5],[38,-32],[-66,-44],[-4,42],[-37,29]],[[6995,2954],[68,16],[37,-114],[-38,-15],[-38,105],[-29,8]],[[6482,2833],[25,17],[25,-59],[-38,5],[-12,37]],[[6623,5239],[75,