{"type":"Topology","transform":{"scale":[0.000545942041738799,0.0004616844685852472],"translate":[-75.55949241215141,38.92849690456192]},"arcs":[[[915,2303],[46,9],[38,-30],[0,-79],[107,-70],[7,-26],[36,-30],[53,-208],[49,-21],[73,19],[55,-15],[62,-71],[67,-45]],[[1508,1736],[-258,-263]],[[1250,1473],[-47,51],[-12,72],[-39,55],[-53,26],[-37,2],[-81,58],[5,33],[-51,55],[0,16],[-44,33],[-28,59],[10,46],[-72,52],[-32,48]],[[769,2079],[21,51],[-13,76],[15,31],[94,36],[29,30]],[[2358,4265],[15,-23],[43,-15],[203,-130]],[[2619,4097],[-33,-73]],[[2586,4024],[-31,-65],[8,-47],[42,15],[37,-9],[-8,-36],[16,-38],[-44,-62]],[[2606,3782],[-51,34],[-69,-8],[-37,45],[-120,32],[-21,-18],[-48,7],[-55,39],[-29,9]],[[2176,3922],[0,44],[14,86],[45,30],[17,38],[0,40],[22,30],[-41,36],[11,56],[77,1],[37,-18]],[[676,3602],[29,16],[53,65],[63,20],[65,57],[108,65],[25,-2],[62,36],[71,90],[51,44],[24,34]],[[1227,4027],[83,-63],[31,-32],[63,-8],[73,-20],[50,-25]],[[1527,3879],[17,-45],[-11,-62],[5,-34],[-10,-49],[39,-22],[-33,-45],[16,-36],[-21,-39],[-33,-26],[-59,-108],[-42,25],[91,-198]],[[1486,3240],[-111,-17],[12,-68],[-124,-16],[25,-67],[-140,-16],[-17,3]],[[1131,3059],[-7,36],[-36,87],[-57,28],[-51,-15],[-58,27],[-27,87],[16,55],[-12,131],[-58,56],[-67,17],[-40,-23],[-30,0],[-35,24],[7,33]],[[1722,3132],[58,43],[6,53],[88,42],[99,94],[41,20],[-13,38],[-28,9],[-24,37],[-34,26],[-21,58],[30,35],[48,11],[36,21]],[[2008,3619],[12,-8],[281,29],[23,-37],[133,20],[24,-16]],[[2481,3607],[-17,-62],[-32,-6],[-42,-30],[10,-55],[-43,-75],[20,-52],[72,-26]],[[2449,3301],[-45,-46],[-2,-54],[-238,-221],[-27,-52],[-125,-63],[-42,4]],[[1970,2869],[3,43],[-85,46],[-45,-7],[-126,73],[-15,35],[20,73]],[[804,4418],[-27,19],[15,37],[186,99],[27,60],[73,38],[7,20]],[[1085,4691],[194,-212],[171,-183]],[[1450,4296],[-71,-65],[-6,-59],[-15,-38],[-59,-71],[-72,-36]],[[676,3602],[-20,50],[23,25],[-22,50],[33,36],[4,29],[-42,27],[38,83],[-25,47],[35,27],[14,31],[64,-10],[48,37],[45,72],[-25,36],[12,18],[49,-2],[25,38],[-42,57],[-10,47],[-30,22],[-41,63],[-5,33]],[[1052,1270],[198,203]],[[1508,1736],[111,-84],[17,-21],[15,-53],[-2,-55],[68,-11],[64,-35],[21,-26],[41,-2],[23,-46],[68,-15],[16,-26],[126,-9],[16,9]],[[2092,1362],[29,-42],[38,-85],[49,15],[56,2]],[[2264,1252],[19,-71],[-29,-79],[-70,-76],[-70,-64],[-14,-26],[-88,-35],[-57,-32],[-77,-58],[-17,-2]],[[1861,809],[-17,-5]],[[1844,804],[-7,-3]],[[1837,801],[-64,24],[-48,-34],[-107,8],[-26,-14],[-85,16],[-50,-4],[-38,23],[-74,-4],[-66,40]],[[1279,856],[-7,32],[24,94],[-11,30],[4,62],[-237,196]],[[264,1892],[111,82],[44,20],[109,1],[91,26],[71,44],[59,2],[20,12]],[[1052,1270],[-141,117]],[[911,1387],[-254,212],[-36,-11],[-50,7],[-11,30],[-58,2],[-76,31],[-18,22],[-73,49],[-1,40],[-53,39],[11,21],[-17,32],[-60,-14]],[[215,1847],[49,45]],[[1486,3240],[48,-107],[124,35],[58,-14],[6,-22]],[[1970,2869],[5,-21],[-113,-58],[-36,-57],[-60,-23],[-34,6],[48,-96]],[[1780,2620],[-65,8],[-12,15],[-81,40],[-38,33],[-34,-15],[13,-30],[-33,-31]],[[1530,2640],[3,29],[-27,36],[-26,13],[-36,69],[-44,31],[-86,45],[-48,97],[-52,43],[-21,4],[-62,52]],[[1843,2492],[48,24],[221,178],[261,-9],[37,-75],[-2,-33],[38,-20],[37,8],[80,-12],[19,-18],[77,83],[24,-62],[45,-42],[44,35],[26,-9]],[[2798,2540],[-14,-43],[-45,-221],[-24,-150],[-23,-218],[-12,-89],[-83,-171],[-90,-139],[-89,-149],[-70,-92],[-27,-25],[-57,9]],[[2092,1362],[3,28],[33,15],[13,41],[2,384],[-109,234],[-191,428]],[[1935,4673],[108,113],[41,49],[101,92]],[[2185,4927],[118,-66],[163,-84]],[[2466,4777],[-108,-250],[44,-57],[42,-23],[99,-10],[55,-23],[-13,-52],[34,-48],[-1,-74],[28,-26],[-27,-117]],[[2358,4265],[10,24],[-40,35],[21,65],[-8,54],[-28,-1],[-1,46],[-99,9],[-88,27],[-61,45],[-29,34],[-97,-32],[26,82],[-29,20]],[[1527,3879],[311,84],[13,-53],[32,-27],[33,-51],[-20,-18],[-10,-48],[12,-39],[36,23],[78,30]],[[2012,3780],[17,-42],[33,22],[57,-17],[-27,-62],[-38,-39],[-46,-23]],[[1450,4296],[66,19],[38,-47],[106,49],[34,63],[-11,32],[62,71],[190,190]],[[2176,3922],[-35,-45],[-21,-1],[-52,-53],[-56,-43]],[[0,1519],[45,38],[42,58],[9,49],[51,37],[9,47],[27,66],[32,33]],[[911,1387],[-22,-53],[4,-44],[-14,-49],[11,-35],[-20,-59],[-284,219],[-143,-145],[-38,-4],[-55,-73],[-72,5],[-6,-84],[-16,-19],[23,-68]],[[279,978],[-38,17],[-27,31],[-41,80],[-62,21],[-18,22],[-51,3],[-12,22],[1,56],[27,4],[0,80],[30,91],[-77,54],[-11,60]],[[1040,4687],[17,34],[33,13],[76,52],[42,61],[33,31],[42,87],[-15,15],[34,51],[19,56],[30,36],[54,37],[1,25],[37,6],[34,46],[59,2],[48,22],[434,-237],[167,-97]],[[1085,4691],[-45,-4]],[[2606,3782],[-44,-63]],[[2562,3719],[-37,4],[-39,-35],[-5,-81]],[[2449,3301],[53,-25],[23,37],[53,-22],[26,20],[113,-51],[52,-32],[76,-17],[19,18],[37,-29],[8,-112],[-11,-119],[-29,-133],[-68,-249],[-3,-47]],[[1843,2492],[-63,128]],[[1279,856],[-38,-33],[-28,-160],[-45,-21],[-8,-61],[21,-41]],[[1181,540],[-89,31],[-115,3],[-9,58],[-109,-20],[-37,3],[-30,-49],[-30,-5],[-45,33],[9,25],[-13,44],[-48,47],[-83,39],[-18,56],[-37,8],[-30,-27],[-49,42],[-35,75],[-65,11],[-38,17],[-31,47]],[[2586,4024],[54,-35],[53,21],[53,56],[88,22],[50,-40]],[[2884,4048],[-53,-88],[-20,-103],[-48,-29],[-35,-76],[-42,-26],[-63,-10],[-61,3]],[[1861,809],[-17,-5]],[[1837,801],[8,-26],[-51,-34],[-61,-56],[-107,-141],[-42,-69],[-36,-72],[15,-25],[-57,-61],[-76,-112],[-24,-23],[-3,-46],[-104,-80],[-26,-30],[-36,4],[-42,-22],[-48,-8],[-62,11],[-9,15],[31,132],[30,72],[64,114],[21,56],[9,99],[-23,31],[-27,10]],[[1072,2427],[76,42],[43,4],[83,26],[53,47],[34,51],[63,-14],[35,25],[41,6],[30,26]],[[915,2303],[12,28],[70,32],[75,64]],[[2466,4777],[57,-27],[512,-269],[11,-34],[-59,-199],[-43,-83],[-21,-54],[-39,-63]]],"objects":{"SC_NJ.geo":{"type":"GeometryCollection","geometries":[{"arcs":[[0,1,2,3]],"type":"Polygon","properties":{"parent":"NJ","name":"Camden","countyFIPS":"34007"},"id":"Camden"},{"arcs":[[4,5,6,7,8]],"type":"Polygon","properties":{"parent":"NJ","name":"Essex","countyFIPS":"34013"},"id":"Essex"},{"arcs":[[9,10,11,12,13]],"type":"Polygon","properties":{"parent":"NJ","name":"Hunterdon","countyFIPS":"34019"},"id":"Hunterdon"},{"arcs":[[14,15,16,17,18]],"type":"Polygon","properties":{"parent":"NJ","name":"Middlesex","countyFIPS":"34023"},"id":"Middlesex"},{"arcs":[[19,20,21,-10,22]],"type":"Polygon","properties":{"parent":"NJ","name":"Warren","countyFIPS":"34041"},"id":"Warren"},{"arcs":[[23,-2,24,25,26,27,28,29,30]],"type":"Polygon","properties":{"parent":"NJ","name":"Atlantic","countyFIPS":"34001"},"id":"Atlantic"},{"arcs":[[31,-3,-24,32,33,34]],"type":"Polygon","properties":{"parent":"NJ","name":"Gloucester","countyFIPS":"34015"},"id":"Gloucester"},{"arcs":[[-13,35,-19,36,37,38]],"type":"Polygon","properties":{"parent":"NJ","name":"Mercer","countyFIPS":"34021"},"id":"Mercer"},{"arcs":[[39,40,-26,41]],"type":"Polygon","properties":{"parent":"NJ","name":"Ocean","countyFIPS":"34029"},"id":"Ocean"},{"arcs":[[42,43,44,-5,45]],"type":"Polygon","properties":{"parent":"NJ","name":"Passaic","countyFIPS":"34031"},"id":"Passaic"},{"arcs":[[46,47,-15,-36,-12]],"type":"Polygon","properties":{"parent":"NJ","name":"Somerset","countyFIPS":"34035"},"id":"Somerset"},{"arcs":[[48,-46,-9,49,-47,-11,-22]],"type":"Polygon","properties":{"parent":"NJ","name":"Morris","countyFIPS":"34027"},"id":"Morris"},{"arcs":[[50,-34,51,52]],"type":"Polygon","properties":{"parent":"NJ","name":"Salem","countyFIPS":"34033"},"id":"Salem"},{"arcs":[[53,-43,-49,-21,54]],"type":"Polygon","properties":{"parent":"NJ","name":"Sussex","countyFIPS":"34037"},"id":"Sussex"},{"arcs":[[-50,-8,55,56,-16,-48]],"type":"Polygon","properties":{"parent":"NJ","name":"Union","countyFIPS":"34039"},"id":"Union"},{"arcs":[[-18,57,-40,58,-37]],"type":"Polygon","properties":{"parent":"NJ","name":"Monmouth","countyFIPS":"34025"},"id":"Monmouth"},{"arcs":[[-33,-31,59,60,-52]],"type":"Polygon","properties":{"parent":"NJ","name":"Cumberland","countyFIPS":"34011"},"id":"Cumberland"},{"arcs":[[61,62,-56,-7]],"type":"Polygon","properties":{"parent":"NJ","name":"Hudson","countyFIPS":"34017"},