{"type":"Topology","transform":{"scale":[0.001335608716838159,0.0007383047961452152],"translate":[-104.04871202467544,45.93512162224721]},"arcs":[[[1462,1060],[191,0],[92,0],[0,-117],[163,-1],[151,-1],[0,-196],[0,-154],[187,0],[0,-118],[17,0]],[[2263,473],[-14,-3],[-16,-15],[-16,6],[-3,-24],[-11,-3],[5,-34],[-12,-21],[-12,-1],[-9,-15],[-35,-16],[-4,-40],[-12,-8],[-12,-20],[-25,-3],[-4,-11],[-20,4],[-8,-38],[-16,-19],[-13,-3],[-4,-19],[-28,5],[-16,-11],[-10,-16],[-35,-11],[-23,-12],[4,-23],[-28,5],[2,-17],[-20,-10],[-14,20],[-14,-16],[-17,16],[-8,17],[-16,-12],[0,-17],[-19,-3],[-35,17],[-8,15],[-21,6],[-16,-2],[-20,-12],[-15,9],[-10,-5],[-7,22],[1,22],[-37,5],[-23,-17],[-13,11],[-10,-20],[-25,-4],[-6,8]],[[1535,160],[1,206]],[[1536,366],[-1,106],[-36,0],[-1,235],[-2,235],[-34,1]],[[1462,943],[0,117]],[[2263,473],[9,21],[0,30],[22,-4],[17,37],[16,5],[-2,25],[14,19],[4,17],[31,13],[-4,-17],[23,3],[28,-13],[31,9],[2,8],[37,-10],[22,11],[4,16],[16,-5],[28,16],[10,-1],[19,14]],[[2590,667],[25,-72],[4,-23],[1,-38],[-7,-29],[-17,-43],[18,-36],[-1,-17],[-14,-39],[-12,-17],[-19,-40],[-8,-31],[2,-22],[9,-17],[-2,-36],[7,-39],[27,-48],[8,-19],[23,-13],[15,-35],[3,-17],[-4,-24]],[[2648,12],[-179,0],[-138,0],[-202,0],[-161,0],[-253,1],[-180,0]],[[1535,13],[0,147]],[[4291,3533],[98,0],[194,-1]],[[4583,3532],[98,0],[253,0],[223,0]],[[5157,3532],[5,-18],[3,-37],[14,-13],[-19,-15],[11,-25],[10,-4],[-9,-29],[-2,-28],[9,-16],[-19,-21],[15,-23],[-14,-14],[11,-24],[11,-10],[-9,-36],[19,-19],[-9,-8],[0,-38],[-16,-26],[5,-41],[-1,-28]],[[5172,3059],[-182,2],[-97,-1],[-292,1]],[[4601,3061],[-73,-1],[-218,1]],[[4310,3061],[0,237],[-20,0],[1,235]],[[1,3655],[155,0],[300,0],[177,-1],[238,0]],[[871,3654],[0,-117]],[[871,3537],[0,-236],[43,1],[0,-338]],[[914,2964],[-28,18],[-31,-20],[-16,2],[-8,12],[-26,8],[-26,-8],[-14,4],[-50,-10],[-6,25],[-41,-14],[-38,-4],[-34,-55],[19,-20],[-9,-24],[-16,4],[-12,-7],[-11,-25],[-13,4],[-52,-23],[-40,14],[-23,-17],[-17,-22],[-19,7],[-11,29],[-33,3],[-10,8],[1,24],[17,18],[7,21],[-14,0],[-16,9],[-14,23],[17,17],[-16,8],[-11,-18],[-19,-7],[-21,15],[-32,-18],[-20,-23],[3,-12],[23,-25],[-1,-10],[-27,-23],[-18,21],[-10,4],[-10,-32],[4,-30],[-6,-26],[-13,-17],[-7,21],[-22,24],[-6,-8],[6,-19],[-10,-30],[-14,-15],[-23,-8],[-18,27],[-18,13],[-14,-4],[-3,-14],[-12,-7],[-12,30],[-16,9]],[[4,2791],[-1,156],[-1,285],[-1,122],[0,301]],[[3411,3299],[219,0]],[[3630,3299],[0,-292],[38,-23],[8,7],[13,-20],[9,-28],[29,0],[0,-117],[16,23],[18,17],[16,-12],[12,-55],[4,-8],[21,10],[18,-8],[10,9],[-2,19],[28,10],[35,32],[8,18],[21,-7],[-3,-13],[11,-29],[2,-33],[15,-1],[10,-25],[-7,-12],[-15,-1],[-13,-22],[5,-8],[20,27],[21,13],[9,23],[13,8],[26,-4],[6,-11],[-5,-16],[6,-24],[27,-32],[-5,-13],[6,-17],[74,-2]],[[4135,2682],[0,-93]],[[4135,2589],[-14,1],[-177,0],[-131,-1],[-107,1],[-148,-1]],[[3558,2589],[-177,0],[-209,1]],[[3172,2590],[0,236],[-27,0],[0,161],[1,313],[265,-1]],[[2,1889],[284,-1]],[[286,1888],[0,-276],[0,-197],[43,0],[0,-354],[0,-120]],[[329,941],[-144,0],[0,-121],[-182,1]],[[3,821],[-1,392],[1,402],[-1,274]],[[3,1980],[1,172],[0,303],[1,127],[-1,209]],[[914,2964],[16,-6],[30,15],[22,-18],[-3,-22],[6,-17],[22,0],[30,-15],[-2,-40],[20,-14],[23,13],[7,-13],[4,-34],[28,-15],[4,-13],[-16,-41],[-30,-32],[-24,-42],[-7,-42],[0,-32],[9,-38]],[[1053,2558],[0,-203],[-343,1],[1,-215],[0,-253]],[[711,1888],[-301,-1],[-124,1]],[[2,1889],[1,91]],[[1461,1417],[249,0]],[[1710,1417],[252,0],[128,0],[241,2]],[[2331,1419],[-2,-18],[23,-28],[3,-28],[-4,-30],[25,-55],[13,-34],[30,-48],[-1,-18],[-15,-38],[7,-26],[15,-12],[23,2],[0,-23],[-14,-6],[7,-32],[14,-6],[16,7],[7,-11],[-4,-30],[24,-7],[27,22],[18,9],[8,-19],[-14,-22],[-1,-21]],[[2536,947],[27,-30],[43,-25],[2,-21],[-16,-6],[32,-54],[-1,-12],[-25,-26],[-8,-32],[-7,-45],[7,-29]],[[1462,1060],[-1,357]],[[4566,4152],[294,0],[246,0],[-7,-24],[3,-48],[17,-42],[3,-19],[13,-14],[-6,-16],[14,-10],[5,-31],[-4,-34],[-8,-11],[7,-21],[17,-15],[0,-18],[14,-36],[-3,-17],[18,-36],[-1,-13],[13,-28],[1,-31],[-9,-37],[-23,-44],[1,-20],[-7,-21],[-14,-4],[7,-30]],[[4583,3532],[0,235],[-16,2],[-1,137],[1,137],[-1,109]],[[3630,3299],[172,0],[0,235]],[[3802,3534],[293,-1],[196,0]],[[4310,3061],[-97,0],[-1,-233],[-1,-2],[-76,-1],[0,-143]],[[5068,940],[206,1],[155,1]],[[5429,942],[14,-8],[0,-23],[19,-26],[7,-29],[-4,-24],[8,-17],[3,-35],[-2,-35],[18,-27],[-2,-38],[18,-21],[8,-19],[12,-45],[16,-16],[18,-29],[14,-14],[3,-18],[-2,-75],[11,-20],[-9,-6],[0,-21],[10,-32],[-2,-29],[8,-31],[-3,-16],[9,-21],[1,-24],[9,-41],[-2,-26],[-15,-52],[2,-14],[3,-71],[7,-25],[-2,-14],[-181,0],[-223,1],[-93,-1]],[[5107,0],[-1,78],[-23,6],[0,386],[-16,0]],[[5067,470],[0,137],[1,333]],[[4924,2353],[190,0],[248,0]],[[5362,2353],[-1,-46],[7,-24],[16,-13],[5,-25],[-6,-25],[7,-10],[0,-19],[-15,-32],[5,-16],[13,0],[-2,-26],[-11,-11],[8,-18],[-7,-53],[5,-18],[-5,-13],[16,-22],[2,-12],[-9,-44],[7,-22],[7,-46],[-10,-19],[8,-74]],[[5402,1765],[-82,1],[-270,0],[-111,0]],[[4939,1766],[0,116],[-16,0],[0,167],[1,304]],[[4179,1768],[283,1],[96,-1]],[[4558,1768],[191,-1]],[[4749,1767],[0,-354],[18,0],[0,-354],[0,-118]],[[4767,941],[-263,1]],[[4504,942],[-304,1]],[[4200,943],[0,115],[0,357],[-21,0],[0,353]],[[5172,3059],[1,-26],[-4,-16],[16,-7],[-17,-17],[12,-16],[7,-24],[14,-25],[1,-26],[10,-26],[11,-14],[0,-39],[6,-28],[9,-11],[-6,-37],[5,-23],[27,-36],[2,-17],[-7,-16],[3,-31],[12,-3],[5,-27],[12,-27],[6,-44],[12,-8],[2,-23],[15,-12],[5,-21],[-3,-18],[10,-20],[9,-39],[15,-29]],[[4924,2353],[-307,0]],[[4617,2353],[0,244],[0,228],[-16,0],[0,236]],[[711,1888],[50,0],[0,-335],[0,-137]],[[761,1416],[-149,0],[0,-195],[0,-280]],[[612,941],[-283,0]],[[0,4151],[241,-1],[196,0],[197,1],[197,0]],[[831,4151],[-1,-378],[41,0],[0,-119]],[[1,3655],[-1,314],[0,182]],[[4135,2589],[3,-53],[-3,-46],[1,-137],[18,0]],[[4154,2353],[0,-115]],[[4154,2238],[-191,0],[-191,0],[-191,0]],[[3581,2238],[0,116],[-23,0],[0,235]],[[3753,942],[92,0],[261,0],[94,1]],[[4504,942],[-1,-255],[0,-216]],[[4503,471],[-188,0],[-163,0],[-188,0],[-186,0]],[[3778,471],[-26,0]],[[3752,471],[0,247],[1,224]],[[3123,471],[89,-1],[161,1],[283,0],[96,0]],[[3778,471],[-1,-229],[-1,-236]],[[3776,6],[-155,1],[-208,0],[-195,1],[-97,1]],[[3121,9],[1,314],[1,148]],[[871,3537],[97,0],[244,0],[147,0]],[[1359,3537],[161,0],[34,1],[0,-237],[38,0],[0,-120],[0,-353],[38,0],[0,-238]],[[1630,2590],[-289,0],[-96,1],[0,-122]],[[1245,2469],[-22,-8],[-13,10],[-30,7],[-24,22],[-13,3],[-30,-4],[-47,36],[-13,23]],[[2090,1801],[31,-22],[15,0],[11,43],[24,7],[20,11],[26,4],[38,-13],[26,-21],[15,-22],[3,-34],[-11,-41],[4,-26],[17,-33]],[[2309,1654],[14,-18],[5,-26],[1,-41],[9,-23],[31,-40],[4,-12],[-2,-31],[-10,-17],[-25,-17],[-5,-10]],[[1710,1417],[0,352],[237,0],[142,0],[1,32]],[[761,1416],[135,0],[245,1],[0,39],[284,0]],[[1425,1456],[0,-39],[36,0]],[[1462,943],[-252,-2],[-167,0],[-204,0]],[[839,941],[-227,0]],[[3386,4150],[112,0],[282,1]],[[3780,4151],[0,-70],[0,-272],[0,-39],[22,-1],[0,-235]],[[3411,3299],[0,236]],[[3411,3535],[0,235],[-25,0],[0,380]],[[1518,3890],[0,-118],[134,0],[-1,-284],[1,-69],[260,-1],[326,0]],[[2238,3418],[0,-118],[34,0],[0,-233],[-1,-239],[34,-1],[-1,-235]],[[2304,2592],[-24,-1],[-168,0],[-290,0],[-192,-1]],[[1359,3537],[0,235],[61,0],[0,118],[98,0]],[[2980,2590],[192,0]],[[3581,2238],[0,-352]],[[3581,1886],[-161,-1]],[[3420,1885],[-202,0],[-212,1]],[[3006,1886],[1,188],[0,281],[-28,0],[1,235]],[[789,468],[53,1]],[[842,469],[94,0],[226,2],[0,-104],[280,-1],[94,0]],[[1535,13],[-149,0],[-264,0],[-277,0],[-56,1]],[[789,14],[0,196],[0,258]],[[1911,4151],[295,-1],[146,1],[247,0],[296,-1]],[[2895,4150],[-1,-379],[29,-1],[-1,-235]],[[2922,3535],[-98,0]],[[2824,3535],[-97,0],[0,118],[-293,1],[-196,-1],[0,-118]],[[2238,3535],[-293,1],[0,236],[-34,0],[0,379]],[[2,467],[242,0],[265,0],[239,0],[41,1]],[[789,14],[-187,0],[-235,0],[-138,0],[-227,0],[-1,74],[2,169],[-1,210]],[[2309,1654],[161,1],[0,231],[57,0]],[[2527,1886],[96,0],[323,0]],[[2946,1886],[0,-183],[0,-49],[-1,-236],[30,-1],[-2,-236],[-2,-235]],[[2971,946],[-122,0],[-313,1]],