{"type":"Topology","transform":{"scale":[0.0007669581086258611,0.0007562778701075805],"translate":[-72.55742081212382,42.69701094131894]},"arcs":[[[1377,3063],[13,37],[-9,37],[39,19],[51,53],[-9,21],[50,84],[-29,39],[48,3],[61,50],[69,38],[72,-69],[33,6],[90,-13],[47,76],[18,5],[9,-77],[24,-320],[28,-330],[14,-261],[21,-362]],[[2017,2099],[-44,-1],[2,-61],[-72,-3],[-201,12],[-70,-142],[-8,-60],[-41,1],[0,40],[-18,57],[-37,18],[-13,47],[-26,-4]],[[1489,2003],[-36,50],[-35,14],[-49,4],[-89,-11],[-15,66],[-130,42],[-13,-6],[-89,99]],[[1033,2261],[30,-6],[44,13],[58,35],[24,48],[28,0],[60,39],[4,48],[-20,33],[41,0],[17,33],[-24,82],[-29,9],[-51,112],[43,51],[25,12],[-2,29],[24,44],[79,82],[-25,24],[0,42],[-29,33],[47,39]],[[1519,412],[-2,39],[191,312]],[[1708,763],[288,-180],[-60,-74],[118,0],[63,11],[76,-13],[16,11],[2,48],[55,-3]],[[2266,563],[106,-65],[45,-19],[-86,-125],[-32,-33],[-21,-40],[-9,-49],[-41,-15],[-49,28],[-59,3],[-46,-21],[-84,-13],[-17,-13],[-26,-57],[-89,20],[-43,-16],[-27,-24],[6,-70],[-55,12],[-29,-6]],[[1710,60],[-18,18],[-120,21],[-12,36],[-33,32],[-53,2],[-32,140],[99,11],[-22,92]],[[1723,777],[99,94],[-42,207],[37,36]],[[1817,1114],[47,44],[21,-87],[58,27],[39,3],[17,-62],[81,77]],[[2080,1116],[11,-29],[-21,-44],[11,-63],[-33,-32],[1,-45],[24,-48],[40,-8],[32,-23],[40,-63],[83,-46],[11,-17],[-25,-51],[-7,-52],[19,-32]],[[1708,763],[15,14]],[[459,1420],[27,45],[-4,68],[47,60],[40,23],[10,71],[-5,29],[54,49],[57,66],[-27,50],[11,51],[-28,42],[24,64],[-27,43],[41,36],[5,30],[68,22],[67,0],[35,13],[42,-14],[76,27],[-3,33],[64,33]],[[1489,2003],[3,-60],[33,-14],[15,-48],[-7,-29],[19,-38],[27,0],[-47,-61],[27,-142],[-264,-29],[27,-129],[15,-41]],[[1337,1412],[13,-90],[-164,-14],[-9,-33],[5,-53],[-45,-34],[-30,8],[-25,-50]],[[1082,1146],[-43,5],[-48,-11],[-27,-19],[-41,88],[-56,-49],[-56,-61]],[[811,1099],[-172,21],[-31,-20],[-20,33],[-133,41],[-158,20]],[[297,1194],[0,46],[19,8],[20,87],[31,27],[57,28],[35,30]],[[2017,2099],[18,-376],[10,-275],[21,-293],[14,-39]],[[1817,1114],[-47,26],[-80,17],[-273,192],[-80,63]],[[1082,1146],[48,-63],[49,-36],[19,5],[25,-64],[32,-8],[61,19],[215,-115],[192,-107]],[[1519,412],[-75,16],[-90,64],[-159,-20],[-35,130],[-246,-49],[-74,122],[-125,-26]],[[715,649],[-43,46],[-4,43],[-26,0],[-33,89],[51,72],[6,44],[-9,41],[55,-6],[15,27],[84,94]],[[137,614],[26,-2],[1,-32],[78,-4],[-6,33],[287,32],[-29,-66],[183,-4]],[[677,571],[-5,-62],[-21,-83],[-6,-98],[74,-2],[42,-204],[38,-1],[20,-101]],[[819,20],[-465,13],[-225,6],[-27,48],[-38,16],[-41,40],[-23,63],[6,43],[28,17],[9,27],[-10,48],[76,23],[19,62],[-10,47],[42,42],[2,44],[-31,35],[6,20]],[[161,709],[-2,33],[36,33],[16,39],[-19,24],[25,32],[-29,10],[12,39],[25,143],[-18,18],[24,36],[9,51],[57,27]],[[715,649],[-36,-7],[17,-30],[-19,-41]],[[137,614],[24,95]],[[1710,60],[-63,-60],[-589,14],[-239,6]]],"objects":{"SC_NH.geo":{"type":"GeometryCollection","geometries":[{"arcs":[[0,1,2,3]],"type":"Polygon","properties":{"parent":"NH","name":"Coos","countyFIPS":"33007"},"id":"Coos"},{"arcs":[[4,5,6,7]],"type":"Polygon","properties":{"parent":"NH","name":"Rockingham","countyFIPS":"33015"},"id":"Rockingham"},{"arcs":[[8,9,10,-6,11]],"type":"Polygon","properties":{"parent":"NH","name":"Strafford","countyFIPS":"33017"},"id":"Strafford"},{"arcs":[[12,-3,13,14,15,16,17]],"type":"Polygon","properties":{"parent":"NH","name":"Grafton","countyFIPS":"33009"},"id":"Grafton"},{"arcs":[[-2,18,-10,19,-14]],"type":"Polygon","properties":{"parent":"NH","name":"Carroll","countyFIPS":"33003"},"id":"Carroll"},{"arcs":[[-16,20,-12,-5,21,22]],"type":"Polygon","properties":{"parent":"NH","name":"Merrimack","countyFIPS":"33013"},"id":"Merrimack"},{"arcs":[[-20,-9,-21,-15]],"type":"Polygon","properties":{"parent":"NH","name":"Belknap","countyFIPS":"33001"},"id":"Belknap"},{"arcs":[[23,24,25]],"type":"Polygon","properties":{"parent":"NH","name":"Cheshire","countyFIPS":"33005"},"id":"Cheshire"},{"arcs":[[26,-17,-23,27,-24,28]],"type":"Polygon","properties":{"parent":"NH","name":"Sullivan","countyFIPS":"33019"},"id":"Sullivan"},{"arcs":[[-28,-22,-8,29,-25]],"type":"Polygon","properties":{"parent":"NH","name":"Hillsborough","countyFIPS":"33011"},"id":"Hillsborough"}]}}}