{"type":"Topology","transform":{"scale":[0.0021021830568230698,0.0016733588487242608],"translate":[-109.05001112537244,31.332517492287007]},"arcs":[[[2195,2920],[203,0]],[[2398,2920],[0,-26],[102,-1],[0,-52],[204,0],[0,-53],[-4,0],[0,-154]],[[2700,2634],[-2,-52],[-1,-153],[-5,-4],[-117,0]],[[2575,2425],[0,19],[-42,0],[-120,227],[-21,-12],[-164,0]],[[2228,2659],[-3,40],[-7,4],[10,22],[8,5],[0,29],[11,7],[-7,18],[-18,35],[-1,16],[-13,33],[2,14],[-15,13],[0,25]],[[636,1281],[94,0],[54,1],[135,1],[175,-2],[131,0],[48,2]],[[1273,1283],[1,-53],[12,0]],[[1286,1230],[3,-202]],[[1289,1028],[-260,-137],[0,-26],[-196,0],[0,-104]],[[833,761],[-147,0]],[[686,761],[-59,13],[2,38],[6,18],[-3,34],[-14,16],[3,12],[-14,17],[-2,26],[6,9],[-7,24],[-23,7],[-9,18],[-2,37],[7,7],[-9,56],[6,14],[-15,11],[-60,-1]],[[499,1117],[0,165],[29,-2],[108,1]],[[1448,3384],[180,0],[194,0]],[[1822,3384],[-8,-13],[4,-16],[13,-20],[-14,-39],[3,-15],[-5,-19],[5,-34],[-11,-10],[-31,3],[-7,-15],[-21,-10],[9,-26],[-11,-17],[12,-22],[-12,-13],[13,-11],[5,-29],[-9,-20],[9,-4],[5,-22],[-4,-20],[3,-14],[-3,-29],[4,-14],[-7,-9]],[[1764,2946],[-22,-6],[-5,-13],[1,-23],[-12,-13],[1,-23],[-33,-56],[-20,-15]],[[1674,2797],[-98,52],[-57,78],[-96,40],[10,16],[16,4],[21,14],[4,12],[-2,27],[8,26],[-5,48],[-11,53],[1,31],[-5,18],[-2,58],[6,22],[0,23],[-16,65]],[[2,2791],[198,0],[122,0],[202,-1],[153,-1]],[[677,2789],[152,-1],[-1,-205],[1,-141],[-1,-68]],[[828,2374],[-102,-1],[-50,1],[0,26],[-50,0],[0,-26],[-122,0],[-227,1],[-1,-112],[0,-96],[-274,1]],[[2,2168],[0,181],[0,267],[0,175]],[[775,3387],[259,0],[3,-5],[120,1],[198,0],[93,1]],[[1674,2797],[-3,-13],[-17,-11],[-28,4],[-6,-10],[-30,4],[-5,6]],[[1585,2777],[1,14],[-169,-1],[8,-9],[0,-33],[-91,0]],[[1334,2748],[-1,21]],[[1333,2769],[0,21],[-222,-1],[-81,0],[0,130],[-176,0],[-176,2]],[[678,2921],[-1,130],[2,142],[2,77],[29,32],[13,-2],[6,14],[13,3],[19,13],[-3,29],[12,10],[5,18]],[[1,1121],[43,-1],[148,2],[49,-1],[45,-4],[213,0]],[[686,761],[-150,-1],[0,-52],[-145,0],[-1,-261],[6,0],[0,-129]],[[396,318],[-146,-1],[0,130],[-7,0],[1,49],[0,212],[-52,0],[0,52],[-98,0],[-1,103],[-92,1]],[[1,864],[0,257]],[[833,761],[0,-67],[0,-246],[1,-49],[0,-129]],[[834,270],[-164,0],[-270,0]],[[400,270],[-4,22],[0,26]],[[1764,2946],[103,-1],[124,0],[0,-25],[204,0]],[[2228,2659],[-183,-3],[-122,-3],[-11,-6],[-38,28],[-19,0],[-13,10],[-29,8],[-52,19],[-177,0]],[[1584,2712],[1,65]],[[1,1462],[1,287],[0,191]],[[2,1940],[199,0],[114,0],[150,1],[34,-1],[131,0]],[[630,1940],[0,-53],[0,-138],[5,0],[0,-259],[2,-55],[-1,-154]],[[1,1121],[0,120],[0,221]],[[2343,2277],[127,73],[0,-14],[105,0],[0,89]],[[2700,2634],[158,-1]],[[2858,2633],[0,-205],[0,-264]],[[2858,2164],[-115,0],[0,-53],[-50,0],[-1,-52],[-50,0],[0,-52],[-100,1],[0,-52],[-15,-1]],[[2527,1955],[-100,1]],[[2427,1956],[-86,0],[0,104]],[[2341,2060],[0,104],[2,0],[0,113]],[[2343,2277],[0,44],[-241,0],[-116,0],[-198,0],[0,-104]],[[1788,2217],[-201,-1]],[[1587,2216],[-2,158],[0,195],[1,13],[-3,95],[1,35]],[[1255,2114],[125,0],[-1,50],[-44,0],[0,52]],[[1335,2216],[252,0]],[[1788,2217],[1,-260],[-11,0],[0,-156]],[[1778,1801],[0,-52],[-178,0],[-113,0]],[[1487,1749],[-234,0],[0,108]],[[1253,1857],[-1,49],[-25,0],[3,52],[-1,60],[1,96],[25,0]],[[944,2166],[20,-52],[144,0],[16,22],[121,-2],[10,-20]],[[1253,1857],[-19,-2],[-23,12],[-126,45],[-54,28],[-153,0]],[[878,1940],[1,227],[65,-1]],[[1333,2643],[11,7],[21,26],[2,11],[-23,0],[-11,6]],[[1333,2693],[0,10]],[[1333,2703],[1,45]],[[1335,2216],[-1,104]],[[1334,2320],[-2,54],[1,269]],[[2399,3385],[285,1],[193,1],[0,-299],[-19,0],[1,-266],[-1,-189]],[[2398,2920],[0,95],[0,184],[1,186]],[[1822,3384],[104,-1],[169,0],[146,0],[158,2]],[[882,2323],[129,-1],[127,0],[9,-8],[19,8],[110,0],[58,-2]],[[944,2166],[-62,157]],[[828,2374],[33,0],[21,-51]],[[878,1940],[-185,1],[-63,-1]],[[2,1940],[0,228]],[[1289,1028],[0,-56],[-17,-1],[0,-236],[0,-187],[0,-148]],[[1272,400],[-115,-1],[-10,-14],[7,-9],[0,-22],[-10,-16],[4,-19],[15,-23],[13,-10],[15,-2],[7,-14],[-220,0],[-144,0]],[[1333,2703],[0,-10]],[[1333,2643],[-17,22],[-35,14],[-21,-5],[1,91],[6,-4],[34,0],[7,12],[25,-4]],[[1776,1076],[98,-1],[49,2],[3,3],[45,-1],[1,100],[9,1],[0,52],[-3,2],[0,254],[-1,1],[0,158]],[[1977,1647],[51,0],[0,-53],[104,-1],[196,-2],[0,53],[100,0]],[[2428,1644],[50,-1],[-1,-157],[60,0],[-1,-97],[100,0],[-1,-52]],[[2635,1337],[-100,0],[-1,-104],[-21,0],[1,-257],[-24,0]],[[2490,976],[-256,-1],[-232,0],[0,-253],[-5,-12]],[[1997,710],[-141,0],[-98,-1],[1,51],[0,214],[17,0],[0,102]],[[2858,2164],[0,-200],[-1,-189]],[[2857,1775],[-194,0],[-137,0],[1,180]],[[2490,976],[1,-265],[43,0],[0,-208],[0,-104]],[[2534,399],[-143,0],[-242,0],[-150,0]],[[1999,399],[0,151],[-2,0],[0,160]],[[1286,1230],[130,-1],[165,1],[0,-51],[194,0],[1,-103]],[[1999,399],[-146,0],[-152,0],[-122,1],[-188,0],[-119,0]],[[1487,1749],[-1,-155],[1,-104],[-61,0],[0,-105],[-51,1],[-52,5],[-50,0],[0,-108]],[[2341,2060],[-101,0],[1,-52],[-50,-1],[0,-51],[-213,-1],[0,-154]],[[1978,1801],[-200,0]],[[2857,1775],[0,-179],[-4,-259]],[[2853,1337],[-218,0]],[[2428,1644],[0,105],[-2,0],[1,207]],[[2853,1337],[-2,-108],[-4,-254],[0,-168],[0,-208],[0,-200],[-124,0],[-189,0]],[[1978,1801],[-1,-154]],[[1,654],[0,210]],[[400,270],[0,-269],[-237,-1],[-163,0],[0,182],[1,270],[0,202]],[[2,3386],[190,0],[189,0],[118,1],[276,0]],[[678,2921],[-1,-132]],[[2,2791],[0,195],[0,118],[0,282]]],"objects":{"SC_NM.geo":{"type":"GeometryCollection","geometries":[{"arcs":[[0,1,2,3,4]],"type":"Polygon","properties":{"parent":"NM","name":"Harding","countyFIPS":"35021"},"id":"Harding"},{"arcs":[[5,6,7,8,9,10,11]],"type":"Polygon","properties":{"parent":"NM","name":"Sierra","countyFIPS":"35051"},"id":"Sierra"},{"arcs":[[12,13,14,15]],"type":"Polygon","properties":{"parent":"NM","name":"Taos","countyFIPS":"35055"},"id":"Taos"},{"arcs":[[16,17,18,19]],"type":"Polygon","properties":{"parent":"NM","name":"McKinley","countyFIPS":"35031"},"id":"McKinley"},{"arcs":[[20,-16,21,22,23,24,25]],"type":"Polygon","properties":{"parent":"NM","name":"Rio Arriba","countyFIPS":"35039"},"id":"Rio Arriba"},{"arcs":[[26,-11,27,28,29]],"type":"Polygon","properties":{"parent":"NM","name":"Grant","countyFIPS":"35017"},"id":"Grant"},{"arcs":[[-10,30,31,32,-28]],"type":"Polygon","properties":{"parent":"NM","name":"Luna","countyFIPS":"35029"},"id":"Luna"},{"arcs":[[-22,-15,33,-5,34,35]],"type":"Polygon","properties":{"parent":"NM","name":"Mora","countyFIPS":"35033"},"id":"Mora"},{"arcs":[[36,37,38,-12,-27,39]],"type":"Polygon","properties":{"parent":"NM","name":"Catron","countyFIPS":"35003"},"id":"Catron"},{"arcs":[[40,-3,41,42,43,44,45,46]],"type":"Polygon","properties":{"parent":"NM","name":"Quay","countyFIPS":"35037"},"id":"Quay"},{"arcs":[[-35,-4,-41,47,48,49]],"type":"Polygon","properties":{"parent":"NM","name":"San Miguel","countyFIPS":"35047"},"id":"San Miguel"},{"arcs":[[50,51,-49,52,53,54,55]],"type":"Polygon","properties":{"parent":"NM","name":"Torrance","countyFIPS":"35057"},"id":"Torrance"},{"arcs":[[56,-56,57,58]],"type":"Polygon","properties":{"parent":"NM","name":"Valencia","countyFIPS":"35061"},"id":"Valencia"},{"arcs":[[59,60,61,-23,-36,-50,-52,62,63]],"type":"Polygon","properties":{"parent":"NM","name":"Santa Fe","countyFIPS":"35049"},"id":"Santa Fe"},{"arcs":[[64,-42,-2,65]],"type":"Polygon","properties":{"parent":"NM","name":"Union","countyFIPS":"35059"},"id":"Union"},{"arcs":[[66,-66,-1,-34,-14]],"type":"Polygon","properties":{"parent":"NM","name":"Colfax","countyFIPS":"35007"},"id":"Colfax"},{"arcs":[[67,-63,-51,-57,68]],"type":"Polygon","properties":{"parent":"NM","name":"Bernalillo","countyFIPS":"35001"},"id":"Bernalillo"},{"arcs":[[-19,69,-69,-59,70,-38,71]],"type":"Polygon","properties":{"parent":"NM","name":"Cibola","countyFIPS":"35006"},"id":"Cibola"},{"arcs":[[72,73,-31,-9]],"type":"Polygon","properties":{"parent":"NM","name":"Dona Ana","countyFIPS":"35013"},"id":"Dona Ana"},{"arcs":[[-24,-62,74,-60,75]],"type":"Polygon","properties":{"parent":"NM","name":"Los Alamos","countyFIPS":"35028"},