{"type":"Topology","transform":{"scale":[0.0024897211976315685,0.002387448695166977],"translate":[-120.00514825717151,35.00183148463849]},"arcs":[[[313,2093],[219,0],[198,1],[259,0]],[[989,2094],[26,-26],[7,-22],[-11,-25],[-3,-33],[3,-19],[9,-11],[1,-18],[-8,-15],[-1,-22],[-6,-6],[-36,-5],[-22,-39],[-11,-1],[-10,-16],[-21,-1],[-5,-10],[4,-20],[14,-29],[-11,-21],[-20,-13],[8,-28]],[[896,1714],[-36,-8]],[[860,1706],[-152,-1],[-205,1]],[[503,1706],[0,16],[-46,36],[-9,12],[-31,24],[-9,0],[-52,43],[1,55],[10,0],[1,49],[4,36],[-34,-28],[-10,-2]],[[328,1947],[7,13],[0,45],[-15,9],[0,37],[-7,0],[0,42]],[[989,2094],[97,220]],[[1086,2314],[22,49],[92,0],[0,149]],[[1200,2512],[173,1]],[[1373,2513],[-4,-23],[0,-161],[1,-108],[-2,-97],[4,0],[-1,-184],[0,-108],[-4,-90]],[[1367,1742],[-293,1],[-178,-29]],[[279,2496],[210,0],[0,-44],[216,0],[243,1],[0,-73],[135,0],[4,-3],[-1,-63]],[[313,2093],[-46,0],[1,217],[10,1],[1,185]],[[0,1807],[1,93],[2,175],[1,228],[-2,156],[0,130],[0,133],[0,207],[84,1],[187,-1]],[[273,2929],[-1,-169],[2,-74],[7,0],[0,-75],[-10,0],[0,-115],[8,0]],[[328,1947],[-28,0],[-10,-12]],[[290,1935],[-35,-14],[-39,-2],[-46,-15],[-16,-15],[-30,3],[0,-30],[17,0],[-1,-18],[-12,-12],[4,-40],[-15,-12]],[[117,1780],[-15,-3],[-8,-12],[-22,-3],[-22,-18],[-50,0]],[[0,1744],[0,63]],[[1650,771],[63,0],[0,4],[315,1],[78,0],[0,-4],[286,-1]],[[2392,771],[0,-64],[3,-92],[-1,-116],[-9,-6],[-27,-51],[-2,-8],[-40,-10],[-54,54],[-17,1],[-11,-8],[-26,10],[-50,-3],[-20,-14],[-22,-2],[-7,-8],[13,-25],[-8,-21],[17,-31],[15,-12],[-18,-10],[-2,-18],[7,-21],[-4,-19],[9,-9],[-3,-16],[14,-17],[-1,-32],[-8,-19],[10,-25],[10,-8],[13,-36],[-1,-11],[11,-48],[-1,-19],[-19,-7],[-9,-10],[14,-16],[-12,-13],[2,-11],[-165,138],[-184,152],[-138,113]],[[1671,403],[0,87],[-20,0],[0,97],[-1,184]],[[1675,2147],[135,0],[102,-2],[153,0],[205,-2],[123,-1]],[[2393,2142],[0,-141],[0,-117],[-1,-207],[0,-137]],[[2392,1540],[-276,0],[-106,0]],[[2010,1540],[-241,135],[-123,67]],[[1646,1742],[0,127],[12,1],[14,19],[2,19],[10,17],[-6,20],[-2,35],[9,14],[-1,26],[7,12],[-3,24],[-13,45],[3,19],[-3,27]],[[1373,2513],[172,-1],[0,-139],[63,-226],[67,0]],[[1646,1742],[-279,0]],[[929,1454],[116,-108],[96,-90],[0,-239],[-1,-192]],[[1140,825],[-125,98],[-94,71],[-66,51],[-221,167]],[[634,1212],[30,-1],[47,45],[94,86],[124,112]],[[273,2929],[253,-1],[200,2],[230,0],[244,1]],[[1200,2931],[0,-242],[0,-177]],[[2010,1540],[0,-263],[-359,0],[0,-142],[-1,-141],[0,-223]],[[1671,403],[-213,171],[-135,107],[-183,144]],[[929,1454],[-202,187],[0,34],[133,31]],[[117,1780],[13,-18],[13,-6],[35,1],[-4,-21],[8,-25]],[[182,1711],[-80,-1],[-4,12],[-97,0]],[[1,1722],[-1,22]],[[1200,2931],[275,-1],[186,0],[223,0],[114,0],[90,2],[84,-3],[223,0],[1,-46],[0,-165],[-1,-114],[0,-206],[-2,-138],[0,-118]],[[290,1935],[-79,-119],[-67,-30],[-27,-6]],[[2392,1540],[0,-173],[0,-185],[-1,-97],[0,-150],[1,-164]],[[341,1430],[100,0],[0,146],[2,37],[-45,-1],[0,39],[34,55],[71,0]],[[634,1212],[-78,58],[-215,160]],[[182,1711],[97,-1],[0,-39],[-37,-3],[-7,-12],[-1,-55],[7,-6],[0,-32],[22,-2],[1,-34],[7,0],[1,-47]],[[272,1480],[-134,96],[-136,98],[-1,48]],[[341,1430],[-69,50]]],"objects":{"SC_NV.geo":{"type":"GeometryCollection","geometries":[{"arcs":[[0,1,2,3,4,5]],"type":"Polygon","properties":{"parent":"NV","name":"Churchill","countyFIPS":"32001"},"id":"Churchill"},{"arcs":[[6,7,8,9,10,-2]],"type":"Polygon","properties":{"parent":"NV","name":"Lander","countyFIPS":"32015"},"id":"Lander"},{"arcs":[[11,-7,-1,12]],"type":"Polygon","properties":{"parent":"NV","name":"Pershing","countyFIPS":"32027"},"id":"Pershing"},{"arcs":[[13,14,-13,-6,15,16,17,18]],"type":"Polygon","properties":{"parent":"NV","name":"Washoe","countyFIPS":"32031"},"id":"Washoe"},{"arcs":[[19,20,21]],"type":"Polygon","properties":{"parent":"NV","name":"Clark","countyFIPS":"32003"},"id":"Clark"},{"arcs":[[22,23,24,25,26]],"type":"Polygon","properties":{"parent":"NV","name":"White Pine","countyFIPS":"32033"},"id":"White Pine"},{"arcs":[[27,-27,28,-10]],"type":"Polygon","properties":{"parent":"NV","name":"Eureka","countyFIPS":"32011"},"id":"Eureka"},{"arcs":[[29,30,31]],"type":"Polygon","properties":{"parent":"NV","name":"Esmeralda","countyFIPS":"32009"},"id":"Esmeralda"},{"arcs":[[32,33,-8,-12,-15]],"type":"Polygon","properties":{"parent":"NV","name":"Humboldt","countyFIPS":"32013"},"id":"Humboldt"},{"arcs":[[-3,-11,-29,-26,34,-22,35,-30,36]],"type":"Polygon","properties":{"parent":"NV","name":"Nye","countyFIPS":"32023"},"id":"Nye"},{"arcs":[[-18,37,38,39]],"type":"Polygon","properties":{"parent":"NV","name":"Carson City","countyFIPS":"32510"},"id":"Carson City"},{"arcs":[[40,-23,-28,-9,-34]],"type":"Polygon","properties":{"parent":"NV","name":"Elko","countyFIPS":"32007"},"id":"Elko"},{"arcs":[[41,-17]],"type":"Polygon","properties":{"parent":"NV","name":"Storey","countyFIPS":"32029"},"id":"Storey"},{"arcs":[[-25,42,-20,-35]],"type":"Polygon","properties":{"parent":"NV","name":"Lincoln","countyFIPS":"32017"},"id":"Lincoln"},{"arcs":[[43,-4,-37,-32,44]],"type":"Polygon","properties":{"parent":"NV","name":"Mineral","countyFIPS":"32021"},"id":"Mineral"},{"arcs":[[-39,45,46]],"type":"Polygon","properties":{"parent":"NV","name":"Douglas","countyFIPS":"32005"},"id":"Douglas"},{"arcs":[[-16,-5,-44,47,-46,-38,-42]],"type":"Polygon","properties":{"parent":"NV","name":"Lyon","countyFIPS":"32019"},"id":"Lyon"}]}}}