{"type":"Topology","transform":{"scale":[0.0011984675863275505,0.0007974283009663563],"translate":[-124.55926382751487,41.99180789147189]},"arcs":[[[1411,4170],[18,36],[34,-18],[52,1],[0,127]],[[1515,4316],[79,-1],[6,36],[463,-1],[222,1]],[[2285,4351],[24,-57],[58,-27],[21,-25],[-6,-43],[20,-63],[-14,-40]],[[2388,4096],[14,-16],[-29,-42],[-29,-19],[37,-81],[33,-16],[12,-30],[-6,-36],[-43,-14],[-6,-20],[-51,-17],[-22,-17],[10,-98],[27,6],[22,-67]],[[2357,3629],[-556,0],[1,23],[-35,0],[-33,22],[-19,-4],[-27,25],[-26,56],[-21,7],[-2,39],[-86,44],[-46,69],[-28,24],[20,50],[14,60],[-4,37],[-28,35],[-42,0],[-13,-18]],[[1426,4098],[-15,0],[0,72]],[[3259,4697],[52,12],[27,-11],[44,-48],[20,-7],[65,6],[102,28],[59,6],[34,45],[24,14],[60,15],[59,34]],[[3805,4791],[0,-370],[-5,0],[-1,-326],[104,-2],[-1,-108],[102,-2],[0,-109],[-25,-17]],[[3979,3857],[-100,-2],[-254,2],[-34,-2],[-200,3]],[[3391,3858],[-7,18]],[[3384,3876],[-5,23],[43,23],[-10,57],[-27,39],[-32,18],[-11,53],[24,67],[-6,82],[43,107],[-8,15],[57,40],[48,-4],[4,14],[-36,77],[-6,32],[-49,31],[-9,31],[-25,25],[-32,5],[-18,31],[-27,12],[-43,43]],[[1900,1260],[0,89],[174,0],[-15,11],[22,96],[27,69],[44,72],[-24,35],[-1,63],[-39,48],[-7,32],[-39,39],[-17,3]],[[2025,1817],[2,82],[-15,12],[14,52],[26,25],[81,48]],[[2133,2036],[559,2]],[[2692,2038],[0,-327],[-13,1],[0,-283],[-2,-264],[1,-218],[295,-1],[94,-3],[2,-510],[1,-431]],[[3070,2],[-130,0],[-75,3],[-179,1],[-201,3],[-350,6],[-133,5],[-108,0]],[[1894,20],[1,150],[0,436],[3,0],[1,291],[1,363]],[[371,2865],[145,1],[0,7],[138,1]],[[654,2874],[152,-9],[0,7],[185,-1],[157,3]],[[1148,2874],[6,-47],[18,-17],[-9,-41],[217,0],[2,74],[31,0],[1,36],[30,-13],[18,8],[69,6],[47,-24],[20,-22],[41,-9],[15,-21],[42,-1],[67,-13],[34,5],[32,-14],[33,27],[1,28],[249,1],[0,5],[191,0]],[[2303,2842],[24,-114],[-10,-16],[12,-50],[-3,-31],[-25,-47],[-28,-18],[11,-33],[-7,-30],[-25,-33],[-7,-62],[-41,4],[-38,-47],[-11,-37],[11,-49],[-3,-63],[-11,-19],[5,-44],[-10,-59],[5,-27],[-19,-31]],[[2025,1817],[-263,0],[-245,-5],[0,135],[-113,0],[-128,-6],[-65,1],[0,82],[-24,0],[-1,218],[-175,1],[0,36],[-103,1],[0,26],[-48,-1],[0,48],[-43,0],[1,29],[-34,1],[0,35],[-70,31],[-104,0],[-12,-22],[-49,-35],[-20,0],[0,-42],[-17,-4],[-178,1]],[[334,2347],[17,165],[18,222],[2,131]],[[1177,3422],[5,35]],[[1182,3457],[16,3],[68,-17],[24,-31],[5,-31],[26,12],[16,30],[21,-6],[50,51],[39,18],[20,25],[68,-3],[24,-17],[63,16],[43,-25],[67,-17],[84,-3],[54,8],[25,-7],[48,-70],[26,-2],[51,37],[16,-18],[69,-30],[46,8],[14,-12],[142,0]],[[2307,3376],[-2,-56],[-12,-29],[13,-33],[-10,-93],[-35,-38],[7,-51],[-1,-65]],[[2267,3011],[5,-45],[-4,-84],[35,-40]],[[1148,2874],[-9,29],[-39,39],[14,40],[2,81],[12,3],[-11,57],[7,24],[-40,68],[7,24],[25,12],[42,46],[6,21],[49,2],[27,23],[-40,42],[-23,37]],[[5279,2839],[33,19],[34,0],[0,36],[50,37],[4,36],[46,40],[1,32],[50,35],[317,2],[18,-37],[34,1],[36,-35],[0,-109],[222,0]],[[6124,2896],[2,-16],[39,-37],[27,1],[30,24],[41,-62],[18,24],[47,-7],[3,-57],[39,-7],[26,-40],[-41,-83],[-29,-11],[4,-45],[32,-35],[-3,-46],[-18,-26],[-17,-61],[-2,-58],[-32,-13],[-10,-36],[5,-27],[0,-618],[0,-364],[0,-502],[0,-309],[1,-475],[-143,1],[-358,-3],[-476,-1]],[[5309,7],[1,349],[-16,0],[-1,665],[-1,136],[-10,0],[1,421],[-4,124],[0,539],[4,0],[0,327]],[[5283,2568],[-1,217],[-3,54]],[[1360,4677],[121,0],[19,9]],[[1500,4686],[-11,-60],[9,-30],[74,-48],[61,-14],[106,-36],[30,-19],[49,16],[41,-35],[69,-1],[54,38],[69,7],[48,33],[33,8],[68,41]],[[2200,4586],[3,-78],[14,-38],[-4,-45],[27,-6],[45,-68]],[[1515,4316],[0,108],[-35,18],[-17,36],[-68,73],[-35,16],[0,110]],[[3040,4577],[17,2],[33,36],[56,18],[83,37],[30,27]],[[3384,3876],[-189,2],[6,58],[-32,18],[-9,22],[-46,17],[-52,33],[-54,-8],[-54,21],[-5,78],[8,41],[49,4],[30,61],[43,52],[9,75],[19,13],[-3,56],[-38,18],[-20,35],[11,36],[-17,69]],[[844,5351],[57,13],[43,-50],[-3,-60],[57,-44]],[[998,5210],[-2,-133],[6,-1],[-2,-326]],[[1000,4750],[-104,-5],[-195,-3],[0,13],[-209,0]],[[492,4755],[7,67],[-5,89],[-22,48],[20,29],[27,10],[8,40],[-5,78],[-12,56],[-22,66],[-30,69],[31,-14],[57,-40],[2,-15],[40,-14],[27,41],[54,29],[33,-31],[37,12],[6,25],[39,-4],[60,43],[0,12]],[[2267,3011],[460,0],[153,-3]],[[2880,3008],[-1,-216],[5,-101],[97,-5],[0,-217],[199,-4],[0,-108],[308,1],[0,-109],[101,0],[0,-108],[18,-2],[282,1]],[[3889,2140],[2,-110]],[[3891,2030],[-394,1],[-8,5],[-229,0],[-269,3],[-299,-1]],[[1900,1260],[-99,0],[-49,-53],[-1,-18],[-83,-1],[0,-19],[-33,-36],[-65,-36],[-49,-54],[-32,6],[-17,-61],[-49,-7],[-81,1],[-49,-29],[-86,0],[-32,5],[-66,-67]],[[1109,891],[-36,37],[-77,0],[-65,-36],[-42,-1],[-57,19],[-16,29],[-80,-1],[-32,56]],[[704,994],[-55,19],[-25,-13]],[[624,1000],[-7,44],[-1,215],[49,0],[1,110],[49,5],[-1,214],[-50,0],[0,218],[-45,-1],[0,106],[-48,0],[0,116],[-287,3]],[[284,2030],[10,80],[24,116],[16,121]],[[4078,3765],[151,3],[69,-2],[204,1]],[[4502,3767],[181,2],[357,-2]],[[5040,3767],[41,-2],[56,-22],[47,13],[18,-19],[67,-17]],[[5269,3720],[17,-27],[-11,-36],[11,-41],[-37,-7],[-42,-42],[19,-26],[11,-56],[-9,-30],[-72,-3],[-13,-23],[-40,-2],[-15,-22],[-48,0],[12,-51],[104,-25],[30,-18],[4,-27],[27,-30],[-30,-29],[-24,-41],[-3,-29],[14,-29],[-14,-32],[-38,-4],[2,-30],[-14,-43],[21,-24],[-49,-57],[-18,-55],[-6,-43],[221,1]],[[5283,2568],[-299,1],[0,8],[-192,1],[0,-110],[-569,-3],[-133,2]],[[4090,2467],[2,436]],[[4092,2903],[1,103],[0,292],[2,253],[-17,0],[0,214]],[[67,1208],[185,0],[15,-28],[77,-91],[4,-40],[-19,-14],[4,-97],[18,0],[0,-86],[40,18],[78,0],[59,68],[1,44],[47,0],[16,18],[32,0]],[[704,994],[-13,-15],[-20,-58],[-64,-118],[11,-22],[-25,-38],[-5,-43],[-30,-62],[-31,-7],[-59,6],[-9,-100],[-27,-43],[18,-31],[107,-10],[20,-41],[64,-105],[-27,-56],[9,-28],[-37,-36],[29,-69],[-22,-51],[6,-38],[16,-24]],[[615,5],[-325,3],[-49,59],[-24,8],[-48,83],[-8,51],[4,28],[-13,48],[-28,39],[-1,72],[-13,34],[2,94],[-9,35],[11,30],[0,44],[19,52],[8,46],[-19,104],[-29,34],[-22,60],[-33,17],[-18,85],[-20,26],[49,104],[18,47]],[[798,3423],[251,-2],[128,1]],[[654,2874],[0,41],[-34,-1],[-1,37],[69,1],[16,18],[-4,91],[103,0],[0,274],[-5,88]],[[2307,3376],[-5,24],[8,55],[20,25],[-42,25],[6,31],[42,18]],[[2336,3554],[340,-1],[217,0],[2,-2],[334,0],[265,-2]],[[3494,3549],[-27,-37],[16,-39],[0,-248]],[[3483,3225],[-369,-1],[0,-108],[-135,0],[0,-108],[-99,0]],[[1244,3867],[60,54],[-30,36],[21,15],[-11,51],[18,30],[-2,45],[29,32],[14,-21],[42,-15],[41,4]],[[2357,3629],[-21,-75]],[[1182,3457],[-3,27],[44,55],[-72,27],[-1,29],[26,3],[33,88],[31,-4],[24,20],[6,50],[-24,9],[-8,30],[6,76]],[[67,1208],[20,67],[16,79],[1,56],[28,86],[15,107],[-16,45],[24,41],[36,35],[36,87],[46,159],[11,60]],[[3889,2140],[101,0],[1,327],[99,0]],[[5309,7],[-254,-2],[-163,-5],[-254,2],[-173,0],[-127,1]],[[4338,3],[-3,179],[0,439],[-1,329],[-285,-1],[-198,-3],[0,214],[10,0],[0,329],[29,0],[2,528],[-1,13]],[[2200,4586],[46,56],[47,17],[63,-16],[56,14],[31,-1],[81,27],[30,-7],[48,-29]],[[2602,4647],[0,-223],[-35,0],[1,-328],[-180,0]],[[3805,4791],[28,15],[48,5],[88,24],[25,-2],[86,14],[39,61],[43,25],[39,-21],[30,-3],[47,15]],[[4278,4924],[-2,-146],[0,-250],[156,-1],[0,-107],[85,0],[-1,-327],[1,-217],[-14,0],[-1,-109]],[[4078,3765],[-100,1],[1,91]],[[4278,4924],[57,4],[35,15],[54,8],[52,-15],[57,6],[99,58],[17,26],[561,1],[281,0]],[[5491,5027],[5,-175]],[[5496,4852],[-1,-55],[-60,0],[0,-55],[-17,0],[-1,-106],[-42,0],[0,-273],[-67,-1],[0,-54],[-141,2],[-32,17],[-19,-17],[0,-92],[-155,-1],[0,-18],[-70,6],[1,-110],[34,1],[0,-77],[91,0],[-2,-145],[25,0],[0,-107]],[[998,5210],[69,-2],[95,55],[42,-4],[93,-65],[35,-36],[49,-27],[22,-65],[18,-21],[15,-43],[20,-25],[2,-60],[22,-57],[-8,-72],[21,-37],[7,-65]],[[1360,4677],[1,18],[-52,1],[-35,19],[1,35],[-275,0]],[[913,4316],[275,0],[18,-37],[68,1],[0,-18],[52,-55],[51,0],[0,-37],[34,0]],[[1244,3867],[-318,0],[-229,1]],[[697,3868],[-51,0],[1,175],[267,1],[1,153],[-2,119]],[[4092,2903],[-203,0],[0,104],[-102,0],[-1,61],[-304,-1],[1,158]],[[3494,3549],[-24,10],[-10,28],[-36,17],[16,36],[-27,24],[-17,47],[10,39],[-8,30],[3,59],[-10,19]],