{"type":"Topology","transform":{"scale":[0.001469555082803635,0.0008675155193720084],"translate":[-104.05763694813794,42.47963802860203]},"arcs":[[[333,2449],[219,0],[192,0],[0,100],[4,0],[0,402],[1,0]],[[749,2951],[219,-1],[83,1],[69,-1],[280,-1]],[[1400,2949],[0,-401],[0,-206]],[[1400,2342],[0,-1]],[[1400,2341],[-25,-8],[-12,-23],[-34,-43],[-5,-12],[-22,10],[-11,-18],[-20,-2],[-22,29],[-42,-13],[-13,-24],[2,-52],[-28,-30],[-1,-23],[-17,-60],[6,-14],[-9,-50],[0,-14],[-15,-7],[-5,-29],[9,-21],[0,-23],[-191,0],[-178,1],[-178,0],[-177,0]],[[412,1915],[0,133],[-83,0],[0,101],[3,0],[1,300]],[[2037,1569],[9,15],[14,-13],[13,-1],[11,9],[17,-37],[16,-4],[11,20],[17,-36],[19,1],[23,-38],[26,-5],[13,-27],[-2,-17],[30,10],[11,-21],[35,8],[7,20],[11,11],[11,-12],[17,12],[-1,10],[16,13],[12,-20],[13,3],[7,-21],[10,11],[15,-20],[13,8],[16,-17],[10,12],[19,-15],[2,20],[19,-11],[13,15],[20,-26]],[[2530,1426],[26,4],[7,-25],[15,11],[11,-6],[15,13]],[[2604,1423],[0,-272],[11,-1],[0,-100]],[[2615,1050],[-88,-1],[-263,0],[-222,-1],[-117,0]],[[1925,1048],[0,302],[0,167],[15,19],[18,7],[13,14],[15,-10],[1,23],[21,-6],[14,15],[15,-10]],[[1,1584],[1,331]],[[2,1915],[317,0],[93,0]],[[1400,2341],[0,-192],[-5,0],[0,-403]],[[1395,1746],[-8,0],[0,-330],[-22,-22],[-30,7],[-17,12],[-13,-5]],[[1305,1408],[-24,-15],[-296,-1],[-136,1]],[[849,1393],[5,26],[17,12],[4,19],[44,60],[5,15],[1,24],[7,37],[-266,1],[-205,0],[-201,-1],[-259,-2]],[[4070,794],[218,1],[81,-1]],[[4369,794],[1,-183],[0,-182]],[[4370,429],[-35,-11],[-23,6],[-37,3],[-48,20],[-20,-10],[-9,-48],[-14,-26],[-28,-29],[-19,1],[-15,-8],[-24,1],[-63,64],[-17,22]],[[4018,414],[9,30],[16,10],[3,26],[-8,17],[11,14],[-3,15],[13,44],[-15,37],[8,36],[-4,32],[1,42],[10,20],[2,39],[9,18]],[[1761,3450],[252,0],[251,0],[264,0]],[[2528,3450],[7,-33],[19,-27],[21,-45],[-6,-30],[-23,-42],[6,-31],[25,-33],[7,-19]],[[2584,3190],[-1,-26],[-9,-30],[-3,-46],[-8,-23],[-23,-45],[-1,-15],[10,-37],[22,-27],[-7,-19],[-18,1],[-32,16],[-20,-4],[-21,-39],[0,-22],[7,-66],[6,-21]],[[2486,2787],[8,-33],[-18,-29],[-27,-21],[-20,-20],[-28,-48],[-10,-6],[-46,10],[-21,25],[-23,36],[-18,6],[-15,-23],[-3,-28],[8,-15]],[[2273,2641],[-36,-15],[-28,12],[-13,17],[-39,-15],[-14,16],[-6,-16],[-41,-23],[-7,-21],[-24,-9],[-29,22],[-12,-5],[-36,10]],[[1988,2614],[0,284],[-95,0],[-153,0],[0,51],[10,0],[-1,225],[1,176],[10,0],[1,100]],[[4468,2679],[166,1],[82,-1],[165,1]],[[4881,2680],[-1,-301]],[[4880,2379],[-165,0]],[[4715,2379],[-247,0]],[[4468,2379],[0,300]],[[2037,1747],[12,0],[0,200]],[[2049,1947],[180,-1],[282,1]],[[2511,1947],[1,-300],[0,-71],[18,0],[0,-150]],[[2037,1569],[0,178]],[[4935,696],[239,0]],[[5174,696],[-5,-22],[-20,-16],[-13,-1],[-1,-27],[13,-19],[-19,-34],[14,-24],[-7,-16],[-21,-24],[9,-39],[-15,-32],[4,-14],[-23,-27],[-18,-51],[-11,1],[-9,-18],[2,-21],[-6,-15],[10,-27],[-4,-9],[38,-27],[40,-60],[13,-57],[-1,-23],[14,-6],[-2,-37],[5,-23],[-4,-28],[-15,4],[-16,31],[-23,12],[-31,-18],[-15,10],[-8,44],[-32,30],[-15,25],[-3,21],[16,33],[-7,15],[-20,9],[-25,-6],[-26,12],[-3,37]],[[4934,259],[1,237],[0,200]],[[2273,2641],[25,-27],[34,-12],[11,-34],[1,-22],[-8,-42],[-13,-36],[3,-43],[13,-19],[19,-12],[38,-4],[7,-6]],[[2403,2384],[6,-15],[-10,-23],[-14,-7],[-16,-20],[-3,-34],[9,-13],[25,-6],[38,17],[39,-2],[21,-21],[10,-74],[7,-29],[12,-7],[76,-22],[45,-1],[55,-19],[31,-25],[38,-21],[16,-5],[27,2],[12,-9],[8,-19],[-10,-18],[-19,-23],[-3,-12]],[[2803,1978],[-140,-1],[-152,0],[0,-30]],[[2049,1947],[-82,-1],[0,202],[8,0],[0,400],[12,0],[1,66]],[[2803,1978],[31,-71],[22,-12],[59,14],[16,-3],[65,-36],[15,-5],[19,14],[4,16],[-8,29],[-32,23],[-26,4],[-10,14],[6,22],[26,16]],[[2990,2003],[21,-2],[26,-13],[12,-14]],[[3049,1974],[17,-24],[8,-24],[-14,-47],[2,-20],[32,-43],[48,-9],[13,-9],[46,-51],[5,-38],[-7,-32]],[[3199,1677],[-5,-23],[8,-26],[16,-11],[13,-18],[-1,-13],[-17,-38],[-20,-35],[-31,-20],[-5,-35],[7,-18],[1,-27],[-30,-18],[-12,-16],[6,-23],[21,-5],[25,8],[17,-7],[16,-42],[3,-41],[10,-22],[28,-35],[0,-15],[-10,-21]],[[3239,1176],[-161,0]],[[3078,1176],[-61,0],[0,280],[-12,-8],[-2,27],[-16,3],[-9,-14],[-18,0],[-2,-19],[-11,-16],[-9,32],[-16,-12],[6,-22],[-56,-33],[-20,3],[-4,-24],[-21,34],[-15,-16],[-20,14],[-16,-12],[-24,23],[-12,-12],[-54,-14],[-15,20],[-43,3],[-9,-25],[-9,11],[-6,24]],[[3239,1176],[100,0],[242,-1]],[[3581,1175],[61,0]],[[3642,1175],[-1,-149],[18,4],[67,-34],[146,-78],[176,-91]],[[4048,827],[27,-14],[-5,-19]],[[4018,414],[-12,-2],[-37,21],[-23,22],[-14,1],[-32,13],[-11,17],[-53,35],[-13,-4],[-19,22],[-16,35],[-5,24]],[[3783,598],[-9,31],[-9,16],[-22,23],[-42,17],[-31,-2],[-29,14],[-27,47],[-15,21],[-15,8],[-43,5],[-8,6],[-8,23],[0,54],[-13,23],[-37,3],[-21,11],[-26,37],[-34,34],[-11,22],[-13,36],[-14,12],[-15,47],[-20,19],[-54,-1],[-16,9],[-18,20],[-1,21],[7,22]],[[3642,2484],[248,-2],[247,-1]],[[4137,2481],[83,-1],[0,-100],[2,0]],[[4222,2380],[0,-402]],[[4222,1978],[-80,-1],[-163,2],[-83,0]],[[3896,1979],[-250,0]],[[3646,1979],[-1,184],[0,220],[-3,0],[0,101]],[[4880,2379],[296,0]],[[5176,2379],[-1,-400]],[[5175,1979],[-52,-1],[-245,0]],[[4878,1978],[-164,0]],[[4714,1978],[1,200],[0,201]],[[3199,1677],[72,-2],[220,3]],[[3491,1678],[82,0]],[[3573,1678],[0,-100],[7,0],[2,-202],[-1,-201]],[[3901,1581],[243,-1]],[[4144,1580],[0,-102],[1,-102],[1,-201]],[[4146,1175],[-102,-1]],[[4044,1174],[-140,1]],[[3904,1175],[-3,101],[-1,117],[1,188]],[[4881,2680],[2,199]],[[4883,2879],[82,-1],[211,1]],[[5176,2879],[0,-316],[0,-184]],[[3051,3188],[160,0],[188,0],[231,-2]],[[3630,3186],[4,0]],[[3634,3186],[1,-400]],[[3635,2786],[-185,1],[-221,0]],[[3229,2787],[-177,0]],[[3052,2787],[0,186],[-1,215]],[[3635,2786],[7,0],[0,-302]],[[3646,1979],[-154,0]],[[3492,1979],[-212,0],[-43,-2]],[[3237,1977],[0,407],[-8,0],[0,201],[0,202]],[[8,3995],[332,0],[213,0],[206,0]],[[759,3995],[0,-245],[-6,-2],[0,-264],[0,-133],[-4,0],[0,-200]],[[749,3151],[-375,0],[-362,0]],[[12,3151],[0,186],[-1,211],[-1,222],[-2,225]],[[3896,1979],[0,-298]],[[3896,1681],[-81,-1],[-242,-2]],[[3491,1678],[1,301]],[[4222,2380],[246,-1]],[[4714,1978],[-163,-1]],[[4551,1977],[-207,0],[-120,1]],[[4224,1978],[-2,0]],[[4389,1579],[162,-1]],[[4551,1578],[164,-1]],[[4715,1577],[0,-100],[-1,-301]],[[4714,1176],[-185,0]],[[4529,1176],[-139,0]],[[4390,1176],[0,267],[-2,33],[1,103]],[[2953,3990],[155,-1],[264,0],[257,-2]],[[3629,3987],[0,-400]],[[3629,3587],[-211,1],[-237,0],[-221,1]],[[2960,3589],[-7,0]],[[2953,3589],[0,401]],[[4551,1977],[-1,-98],[1,-301]],[[4389,1579],[-166,0]],[[4223,1579],[0,234],[1,165]],[[4715,1577],[163,1]],[[4878,1578],[260,-1],[37,2]],[[5175,1579],[0,-402],[-99,0]],[[5076,1177],[-222,-1]],[[4854,1176],[-140,0]],[[2584,3190],[137,-1],[238,0]],[[2959,3189],[92,-1]],[[3052,2787],[-68,0]],[[2984,2787],[-147,0],[-351,0]],[[4647,3983],[85,1],[203,0],[165,-1],[-6,-56],[-2,-50],[-3,-20],[-23,-36],[-10,-9],[-17,-46],[-14,-17],[-52,-38],[-8,-13],[-49,-41],[-7,-14],[-10,-39],[63,-98],[23,-74],[20,-35],[15,-19],[43,-2],[49,-31],[16,-7],[22,-21],[13,-35]],[[5163,3282],[-267,-1],[-89,1],[-10,-35],[-148,1]],[[4649,3248],[-1,301]],[[4648,3549],[0,175],[-1,259]],[[4223,1579],[-79,1]],[[3901,1581],[-5,0],[0,100]],[[2615,1050],[1,-302],[10,0],[0,-150]],[[2626,598],[-186,1],[-109,-1],[-251,-1],[-155,0]],[[1925,597],[1,267],[-1,184]],[[4854,1176],[0,-279],[0,-201]],[[4854,696],[-161,0]],[[4693,696],[0,100],[-162,-1]],[[4531,795],[-1,183],[-1,198]],[[1325,1049],[240,-1],[176,0],[184,0]],[[1925,597],[-270,-1],[-60,0],[-93,3],[-158,0]],[[1344,599],[1,150],[-19,0],[-1,300]],[[3629,3987],[211,-2],[296,-1]],[[4136,3984],[0,-400]],[[4136,3584],[-1,-402]],[[4135,3182],[-294,2],[-207,2]],[[3630,3186],[1,401],[-2,0]],[[3049,1974],[188,3]],[[0,2902],[12,5],[0,244]],[[749,3151],[0,-200]],[[333,2449],[-172,1],[-15,-20],[-14,-1],[-9,12],[-14,0],[-9,-12],[-29,-11],[-10,5],[-24,-9],[-21,8],[-15,-11]],[[1,2411],[0,350],[-1,141]],[[4854,696],[81,0]],[[4934,259],[-25,9],[-11,10],[-32,15],[-23,-14],[-14,-2],[0,24],[-14,23],[-29,2],[-32,11],[-41,0],[-20,32]],[[4693,369],[0,327]],[[849,1393],[-2,-24],[-18,-6],[-47,14],