{"type":"Topology","transform":{"scale":[0.0012024367258963006,0.0007098231576069254],"translate":[-114.05274593506246,36.998021056243275]},"arcs":[[[2,2219],[714,-1],[365,0],[198,1]],[[1279,2219],[-3,-88]],[[1276,2131],[0,-41],[21,-42],[33,-32],[6,-30],[36,10],[-1,-28],[20,-21],[37,-67],[-9,-58],[-29,-57],[15,-34],[-1,-16],[-25,-13],[-25,-35],[-16,-44]],[[1338,1623],[-29,-4]],[[1309,1619],[-281,0],[-366,2],[-334,0],[-326,0]],[[2,1621],[1,163],[-1,435]],[[9,7038],[124,-8],[203,4],[332,7],[307,4],[142,2],[430,1],[23,-6]],[[1570,7042],[22,-45],[14,-51],[30,-35],[27,-57],[19,-75],[18,-22],[-21,-42],[-15,-91],[28,-53],[11,-46],[-2,-42],[9,-59],[12,-34],[30,27],[27,-30],[8,-48],[17,-2],[3,-32],[-27,-5],[22,-61]],[[1802,6239],[-26,-20],[-31,24],[-15,-13],[4,-35],[-6,-25],[10,-18],[-48,-29],[-7,-11],[-174,0],[-212,-366]],[[1297,5746],[-255,-108],[-216,0],[-817,0]],[[9,5638],[0,310],[2,383],[0,553],[-2,154]],[[958,707],[0,61],[180,1]],[[1138,769],[269,-1],[0,-9],[163,-1],[269,0],[0,5],[272,0],[370,1],[265,0],[87,1]],[[2833,765],[-11,-19],[-10,-71],[-40,6],[-5,-65],[22,-3],[-19,-48],[-26,0],[26,-36],[-13,-41],[-33,-30],[-29,3],[-35,32],[-10,-30],[21,-11],[3,-28],[-25,-12],[2,-48],[-18,-13],[10,-26],[-16,-15],[5,-21],[-10,-38],[-18,3],[-10,-39],[-19,-4],[-2,-33],[-18,5],[-10,-24],[-18,7],[-21,-10],[-52,-8],[-16,7],[-11,-24],[-37,16],[-32,-63],[-18,16],[-7,-25],[14,-18],[-14,-24],[-17,45],[-25,18],[-5,-68],[-23,3],[-30,-25],[-37,-1]],[[2196,5],[-377,0],[-409,-1],[-143,0],[-308,-1]],[[959,3],[0,396],[-1,0],[0,308]],[[2189,6147],[30,18],[14,-18],[34,-11],[26,-33],[1,-24],[27,-23],[-13,-27],[0,-46],[36,-38],[7,-38],[-32,-66]],[[2319,5841],[-22,-1],[-13,-17],[-21,9],[-30,-12],[-11,-59],[-30,-19],[-24,12],[-22,-24],[-30,-3],[-39,-44],[1,-22],[-33,-42],[5,-29],[30,-17],[22,-1],[-3,-48],[36,-65],[-28,-114],[-30,-17],[-27,19],[-19,25],[-25,-17]],[[2006,5355],[-4,35],[-17,15],[-7,29],[-27,-3],[-26,11]],[[1925,5442],[-25,20],[-19,74],[-20,42],[33,3],[-29,64],[-20,22],[0,24],[-15,43],[-3,100]],[[1827,5834],[1,22],[-18,21],[15,39],[34,10],[9,16],[27,3],[23,-8],[25,-37],[26,-8],[22,8],[40,37],[12,37],[30,2],[28,-16],[25,3],[27,39],[20,44],[-8,37],[24,64]],[[1491,5313],[93,108],[118,107],[40,0],[0,-31],[-11,-33],[5,-31],[19,-33],[-3,-13],[63,0],[14,10],[60,21],[36,24]],[[2006,5355],[-7,-36],[23,-22],[-1,-39],[24,-39],[-9,-51],[43,-80]],[[2079,5088],[-9,-35],[-25,-11]],[[2045,5042],[-10,-18],[-27,5],[-31,-49],[-19,4],[-19,-15],[-32,6],[-23,-22],[-2,-22],[-61,-41],[-8,11],[-49,-61],[-24,-21],[-20,-2],[-18,13],[-26,54],[-24,-26],[-40,6],[-24,28],[-25,-5]],[[1563,4887],[-12,66],[8,12],[-4,56],[6,59],[-18,30],[-9,128],[-16,13],[-27,62]],[[2319,5841],[26,-2],[22,28],[55,35],[6,27],[27,2],[21,50],[24,11]],[[2500,5992],[0,-357],[276,-2],[145,0],[33,-2],[218,1],[198,2]],[[3370,5634],[0,-258]],[[3370,5376],[-35,9],[-8,-11],[-42,-7],[-29,5],[-18,14],[-66,10],[-19,9],[-55,-21],[-12,5],[-11,-33],[-20,-18],[-44,-12],[-46,2],[-30,-26],[-21,17],[-10,-21],[-32,-2],[-20,17],[-28,-41],[-78,10],[-27,-23],[-19,-27],[-14,-2],[-20,21],[-37,3],[-10,-42],[1,-27]],[[2620,5185],[-26,3],[-12,-27],[2,-21],[-25,-75],[-26,-1],[-20,-23],[-40,26],[-35,-6],[-22,-57],[-35,21],[-52,24],[-42,34],[-20,24],[-40,14],[-13,39],[1,24],[-40,9],[6,-27],[-36,-31],[-13,-61],[-32,17],[-21,-3]],[[5,4394],[0,396],[3,462],[1,386]],[[1297,5746],[194,-433]],[[1563,4887],[-32,-11],[3,-39],[11,-15],[-6,-47],[7,-39],[15,-34],[-19,-32],[8,-31],[-3,-37],[11,-46],[25,-28],[2,-48],[-24,-67],[21,-33],[-18,-30],[-10,-37],[10,-28],[-6,-39]],[[1558,4246],[-39,-35],[-8,-37],[-28,-31],[-24,0],[-12,12],[-23,-5],[-1,-55],[-96,-1],[-284,0],[-374,2],[-377,0],[-287,1]],[[5,4097],[0,297]],[[3390,3956],[0,540],[0,506],[0,368]],[[3390,5370],[66,-39],[22,-26],[32,17],[56,10],[12,28],[18,-11],[23,12],[20,-12],[34,22],[55,9],[34,15],[13,-24],[-3,-79],[27,-20],[12,21],[28,4],[2,27],[33,20],[0,94],[159,0],[2,-102],[31,0],[2,-144],[31,1],[0,-31],[63,1]],[[4162,5163],[-2,-230],[0,-390],[0,-490],[-1,-531]],[[4159,3522],[-30,-8],[-16,-43],[-389,1],[-315,-1],[0,10],[-59,0]],[[3350,3481],[2,44],[-13,94],[16,26],[-9,22],[13,20],[4,45],[21,24],[-8,54],[17,5],[-17,42],[53,20],[9,51],[30,28],[-78,0]],[[2620,5185],[-1,-348],[6,0],[0,-492],[4,0],[0,-257]],[[2629,4088],[-159,1],[0,60],[-30,1],[0,34],[-42,39],[-30,73],[-27,-12],[-9,24],[10,19],[-4,32],[17,46],[-9,33],[5,27],[-26,43],[-14,34],[8,29],[-42,63],[-38,2],[-14,12],[-41,-15],[-26,20],[17,29],[-28,37],[-8,20],[-62,1],[-4,36],[-12,5],[-16,56],[-14,-1],[-9,27],[13,25],[23,20],[9,92],[-22,42]],[[2333,3966],[140,1],[184,-1]],[[2657,3966],[282,-2],[0,-7],[451,-1]],[[3350,3481],[-393,1],[-217,0],[-266,0],[3,25],[-9,49],[-19,37],[-20,92],[-22,-25],[-23,34],[-13,52],[-17,27],[1,21],[-22,19]],[[2333,3813],[0,153]],[[4159,3522],[1,-185],[-1,-489],[-2,-204],[-5,-218],[0,-310]],[[4152,2116],[-262,0],[-230,0],[-311,0]],[[3349,2116],[17,56],[14,30],[-25,4],[-33,28],[20,29],[18,-24],[14,15],[-4,28],[-35,5],[-14,57],[-34,43],[11,19],[-22,36],[19,55],[-26,31],[13,26],[-16,32],[-17,13],[8,25],[-22,5],[3,38],[-17,23],[8,28],[29,9],[-12,30],[-1,35],[68,-1],[23,-41],[31,0],[0,20],[-15,21],[-31,10],[-31,0],[0,22],[-31,0],[-5,33],[-13,10],[13,36],[1,44],[18,10],[2,35],[10,30],[-11,14],[15,23],[-1,29],[16,5],[2,36],[20,18],[-8,50],[-12,15],[13,51],[32,53],[-1,37],[12,55],[-11,9],[-1,65]],[[1558,4246],[16,-7],[23,-42],[19,-5],[6,-21],[-1,-42],[34,-34],[3,-34],[-18,-22],[13,-49],[-20,-68],[35,-7],[47,40],[16,2],[19,59],[17,23],[15,42],[35,16],[23,25],[11,33],[27,-23],[6,-31],[25,-26],[1,-21],[15,-17],[-14,-72],[94,1]],[[2005,3966],[16,-21],[0,-20],[32,0],[0,-62],[-48,0],[-40,-42],[0,-21],[-23,-1],[4,-330],[-29,0],[1,-109],[-146,-2],[0,-21],[-30,-1],[0,-41],[-48,0],[0,-31]],[[1694,3264],[-47,0],[0,21],[-97,-1],[-4,62],[0,164],[-15,31],[16,20],[-16,40],[-208,-1],[-139,-1],[-245,0],[-742,0],[0,-12],[-193,-2]],[[4,3585],[1,512]],[[2116,7046],[77,2],[307,1],[1,-594],[-1,-463]],[[2189,6147],[-21,8],[-27,24],[2,22],[-29,33]],[[2114,6234],[8,58],[21,34],[1,17],[26,44],[13,66],[0,51],[21,62],[-20,27],[7,62],[-20,20],[-1,48],[-15,66],[-34,47],[-4,20],[11,32],[-12,34],[22,0],[9,24],[-11,66],[-20,34]],[[1338,1623],[318,-1],[0,-5],[92,0],[-1,7],[91,1]],[[1838,1625],[172,-2],[184,0],[1,6],[189,-3],[299,0],[747,0]],[[3430,1626],[-1,-17],[-21,-13],[-25,-41],[-26,6],[-26,-50],[0,-31],[-15,-11],[-6,-48],[-17,-17],[-17,19],[-19,-4],[-20,-31],[-4,-21],[-31,-31],[3,-41],[-10,-34],[-43,9],[-24,-42],[-11,29],[-49,3],[-34,-18],[2,-39],[-27,-31],[-2,-32],[-33,-9],[11,-41],[18,2],[-4,-51],[-18,-17],[-13,-40],[-1,-30],[-14,-36],[-17,2],[-8,-21],[-26,2],[-3,-31],[-28,-20],[-3,-42],[-25,-22],[-10,-21]],[[1138,769],[0,124],[-4,120],[0,125],[92,-2],[0,109],[-8,12],[100,0],[1,123],[-10,0],[0,239]],[[3370,5634],[269,2],[355,3],[167,0],[1,-246],[0,-230]],[[3390,5370],[-20,6]],[[958,707],[-113,0],[0,-36],[-91,0],[0,9],[-89,2],[0,66],[-184,0],[0,126],[-94,0],[0,-20],[-387,1]],[[0,855],[1,168],[1,140],[0,249],[0,209]],[[2,2366],[1,462],[2,697],[-1,60]],[[1694,3264],[2,-379]],[[1696,2885],[-5,-70],[-31,-1],[-7,-10],[0,-41],[-57,0],[0,-33],[-15,0],[1,-41],[-16,-1],[-2,-39],[-14,-19],[-29,0],[-4,-39],[0,-103],[9,-52],[-20,-21],[-34,-15],[1,-21],[-24,-15],[-38,11],[-76,-4],[-31,-51],[0,-62],[-15,0],[-10,-39]],[[2,2219],[0,147]],[[1696,2885],[136,0],[-3,-18],[170,-1],[291,0]],[[2290,2866],[1,-21],[-1,-486],[-6,0],[0,-229]],[[2284,2130],[-374,0],[-8,-11]],[[1902,2119],[-246,0],[0,12],[-120,2],[-260,-2]],[[2657,3966],[0,122],[-28,0]],[[3430,1626],[22,38],[9,32],[-22,19],[14,39],[-7,40],[-22,-6],[-10,31],[0,31],[-11,9],[-6,33],[-27,42],[-26,20],[24,44],[-20,44],[21,47],[-20,27]],[[4152,2116],[0,-316],[15,-156],[-1,-269],[2,-94],[-1,-340],[0,-190],[-3,-241],[0,-508],[-228,0],[-254,-2],[-208,1],[-333,-1],[-162,0],[-25,9],[-208,-2],[-262,-1],[-57,-2],[-231,1]],[[1902,2119],[-48,-63],[-21,-46],[3,-180],[2,-205]],[[2284,2130],[0,-14],[393,0],[672,0]],[[1570,7042],[127,3],[419,1]],[[2114,6234],[-27,-25],[-9,25],[-25,-7],[-29,6],[-17,-11],[-33,18],[-23,-21],[-16,-52],[-34,-8],[-25,