{"type":"Topology","transform":{"scale":[0.0010230776793083657,0.0008195460693860828],"translate":[-73.43787055326057,42.72685775293476]},"arcs":[[[632,1507],[48,83]],[[680,1590],[57,-21],[92,179],[30,4],[113,-42],[23,113],[50,-21]],[[1045,1802],[62,-25],[132,11],[124,-43]],[[1363,1745],[-11,-57],[23,-22],[-44,-74],[-40,-45],[-4,-92],[-30,-22],[-35,-55],[3,-63],[-20,-41]],[[1205,1274],[-129,47],[-120,35],[-112,43],[-204,68],[-8,40]],[[1205,1274],[-93,-79],[-28,-129],[-43,-26],[-7,-47],[-18,-33],[17,-25],[-11,-34],[-21,-125],[18,-61],[-12,-37],[-27,-29],[1,-31]],[[981,618],[-110,3],[-136,-16],[-131,40]],[[604,645],[0,53],[-47,2]],[[557,700],[2,57],[12,29],[27,11],[65,-32],[1,34],[21,49],[10,57],[-44,11],[-17,27],[16,112],[14,-5],[56,116],[-116,42],[1,36],[35,71],[-13,30],[-40,0],[-35,13],[-2,22],[-82,-38]],[[468,1342],[-21,68],[27,-9],[75,34],[11,-50],[48,93],[24,29]],[[1505,2784],[128,4],[253,-4],[-29,-29],[23,-32],[-1,-38],[19,-23],[-59,-75],[-18,-35],[2,-32],[-20,-11],[-31,-48],[38,-103],[33,-36],[-1,-29],[18,-23],[-39,-57],[-3,-44],[-21,-22],[-48,-18],[-15,-41],[-43,-32],[-81,-14],[-23,-23],[0,-33],[-23,-8]],[[1564,1978],[-93,114],[29,16],[45,51],[-50,62],[64,78],[-66,44],[71,85],[-100,64]],[[1464,2492],[-33,21],[97,110],[-53,38],[30,123]],[[864,2784],[103,0],[135,-6],[403,6]],[[1464,2492],[-71,-86],[-99,62],[24,-80],[-56,24],[-114,-197],[-109,51]],[[1039,2266],[6,10],[-111,51],[63,109],[-157,71]],[[840,2507],[45,63],[-3,113],[-18,101]],[[981,618],[-16,-50],[-6,-56],[23,-33],[-2,-40],[-31,-39],[5,-88],[-69,-34],[8,-44],[-27,-40],[-5,-40],[17,-59],[62,-57],[17,-38],[-461,15]],[[496,15],[9,229],[-85,4],[11,230],[125,-7],[7,113],[14,70],[27,-9]],[[75,2241],[78,24],[26,29],[2,42],[19,10],[4,90]],[[204,2436],[187,-88],[111,-22]],[[502,2326],[20,-9],[73,-90],[-2,-43],[27,-13],[-34,-57],[33,-9]],[[619,2105],[-34,-59],[34,-16],[-21,-37],[-29,7],[-54,-103],[15,-6],[-55,-141]],[[475,1750],[-21,162],[-93,-12],[-125,-21],[-72,-8],[-42,5]],[[122,1876],[-20,132],[37,68],[-4,59],[-42,92],[-18,14]],[[93,2787],[147,3]],[[240,2790],[-45,-88],[14,-28],[32,-14],[-16,-100],[-33,-25],[-14,-55],[26,-44]],[[75,2241],[-28,66],[23,98],[1,54],[31,57],[-2,19],[-43,41],[23,81],[15,12],[2,63],[-16,26],[12,29]],[[160,265],[19,452]],[[179,717],[158,-9],[220,-8]],[[496,15],[-338,8],[-14,69],[12,38],[4,135]],[[619,2105],[38,-11],[109,-55],[56,99],[102,-68],[57,101]],[[981,2171],[206,-99],[6,-17],[-49,-82],[-49,-55],[1,-32],[-51,-84]],[[680,1590],[-151,53],[-20,-2],[-17,112],[-17,-3]],[[73,1252],[153,17],[-12,86],[185,11],[12,-51],[57,27]],[[179,717],[8,258],[-12,48],[-26,17],[-16,55],[-55,1],[-18,-15],[-6,-41],[-43,5],[9,46],[-10,16],[24,62],[32,49],[7,34]],[[1564,1978],[-37,-13],[-26,12],[-26,-12],[-51,0],[-51,-21],[-4,-27],[-30,-33],[20,-40],[-18,-59],[22,-40]],[[981,2171],[58,95]],[[240,2790],[219,1],[120,3],[250,-4],[35,-6]],[[840,2507],[-33,25],[-132,-19],[-35,-56],[-12,-59],[-54,23],[-39,-66],[-33,-29]],[[73,1252],[12,23],[-41,62],[20,28],[-2,35],[-33,72],[-3,114],[-26,22],[26,83],[20,93],[76,92]]],"objects":{"SC_VT.geo":{"type":"GeometryCollection","geometries":[{"arcs":[[0,1,2,3,4]],"type":"Polygon","properties":{"parent":"VT","name":"Orange","countyFIPS":"50017"},"id":"Orange"},{"arcs":[[-5,5,6,7,8,9]],"type":"Polygon","properties":{"parent":"VT","name":"Windsor","countyFIPS":"50027"},"id":"Windsor"},{"arcs":[[10,11,12]],"type":"Polygon","properties":{"parent":"VT","name":"Essex","countyFIPS":"50009"},"id":"Essex"},{"arcs":[[13,-13,14,15,16]],"type":"Polygon","properties":{"parent":"VT","name":"Orleans","countyFIPS":"50019"},"id":"Orleans"},{"arcs":[[-7,17,18]],"type":"Polygon","properties":{"parent":"VT","name":"Windham","countyFIPS":"50025"},"id":"Windham"},{"arcs":[[19,20,21,22,23,24]],"type":"Polygon","properties":{"parent":"VT","name":"Chittenden","countyFIPS":"50007"},"id":"Chittenden"},{"arcs":[[25,26,-20,27]],"type":"Polygon","properties":{"parent":"VT","name":"Grand Isle","countyFIPS":"50013"},"id":"Grand Isle"},{"arcs":[[28,29,-8,-19,30]],"type":"Polygon","properties":{"parent":"VT","name":"Bennington","countyFIPS":"50003"},"id":"Bennington"},{"arcs":[[31,32,-2,33,-23]],"type":"Polygon","properties":{"parent":"VT","name":"Washington","countyFIPS":"50023"},"id":"Washington"},{"arcs":[[34,-9,-30,35]],"type":"Polygon","properties":{"parent":"VT","name":"Rutland","countyFIPS":"50021"},"id":"Rutland"},{"arcs":[[-15,-12,36,-3,-33,37]],"type":"Polygon","properties":{"parent":"VT","name":"Caledonia","countyFIPS":"50005"},"id":"Caledonia"},{"arcs":[[38,-17,39,-21,-27]],"type":"Polygon","properties":{"parent":"VT","name":"Franklin","countyFIPS":"50011"},"id":"Franklin"},{"arcs":[[-24,-34,-1,-10,-35,40]],"type":"Polygon","properties":{"parent":"VT","name":"Addison","countyFIPS":"50001"},"id":"Addison"},{"arcs":[[-16,-38,-32,-22,-40]],"type":"Polygon","properties":{"parent":"VT","name":"Lamoille","countyFIPS":"50015"},"id":"Lamoille"}]}}}