{"type":"Topology","transform":{"scale":[0.0023697849133809093,0.0017500742534202422],"translate":[-111.05527810757185,40.99474603700204]},"arcs":[[[4,2289],[110,1],[34,-6],[127,1],[17,4],[69,-3],[38,5],[152,-1],[273,2],[8,-4],[195,1]],[[1027,2289],[0,-74],[12,0],[0,-200],[8,0],[0,-202],[10,0]],[[1057,1813],[0,-50]],[[1057,1763],[-102,0],[0,-51],[-52,0],[1,-49],[-76,0],[0,-50],[-93,-2]],[[735,1611],[-10,16],[-13,1],[-5,22],[-26,27],[-26,5],[-21,13],[-11,-12],[-27,-10],[-12,-31],[2,-13],[-28,-7],[-24,-17],[-28,14],[13,16],[-15,49],[-26,2],[-15,11],[-13,-9],[-19,31],[-8,3]],[[423,1722],[0,71],[-28,0],[2,33],[-13,53],[-19,10],[-14,20],[-2,22],[-29,33],[9,49],[-14,21],[-22,0],[-6,16],[-124,0],[0,48],[-163,0]],[[0,2098],[0,191],[4,0]],[[423,1722],[1,-111],[-1,-200]],[[423,1411],[-2,-49],[-121,0],[0,-50],[-99,0],[0,-32]],[[201,1280],[-99,0],[0,46],[-97,0]],[[5,1326],[-1,196],[-1,186],[0,21],[0,259],[-3,110]],[[2522,1818],[261,3],[171,-1]],[[2954,1820],[0,-138],[0,-249]],[[2954,1433],[-82,0],[-275,-2]],[[2597,1431],[-76,0]],[[2521,1431],[0,267],[1,120]],[[1027,2289],[148,0],[152,0]],[[1327,2289],[12,-9],[0,-29],[14,-16],[-7,-19],[14,-16],[0,-26],[33,-16],[5,-33],[19,-5],[11,-14],[26,9],[25,-10],[9,-25],[14,4],[11,-17],[33,-9],[9,-21]],[[1555,2037],[30,-36],[-1,-21],[25,-12],[17,4],[1,-27],[13,-3],[-7,-20],[17,-20],[-1,-90]],[[1649,1812],[-242,1],[-170,0],[-180,0]],[[735,1611],[33,-29],[17,-30],[10,-7],[0,-45],[100,0],[0,-9],[51,1],[0,-17],[50,0],[0,-25],[50,0],[0,-17],[50,0],[0,-16],[51,0],[0,-8],[76,-1],[0,7],[237,1],[0,16]],[[1460,1432],[26,0]],[[1486,1432],[7,-16],[0,-197],[6,0],[1,-198],[-18,0],[1,-198],[7,0]],[[1490,823],[1,-99]],[[1491,724],[-254,0],[-243,1],[-145,0]],[[849,725],[0,97],[-11,0],[-2,149],[-25,0],[-4,28],[-32,10],[-27,49],[-14,6],[-13,36],[-64,50],[-23,3],[-5,22],[5,10],[-16,27],[-13,6],[-23,51],[-7,28],[9,26],[-13,16],[-3,21],[-19,-5],[0,55],[-126,1]],[[1486,1432],[179,0]],[[1665,1432],[-1,-5],[251,0],[185,1]],[[2100,1428],[2,-12],[0,-198],[1,-199],[-2,-47],[0,-150]],[[2101,822],[-232,-2],[-133,2],[-246,1]],[[1327,2289],[328,0],[20,-2],[217,-1],[231,-1]],[[2123,2285],[0,-71],[4,-7],[0,-86],[2,-82]],[[2129,2039],[-177,-1],[0,-3],[-99,0],[-298,2]],[[2102,822],[219,-2],[-9,-30],[-16,0],[0,-42],[41,-8],[60,0],[7,17],[-2,32],[13,32],[20,0]],[[2435,821],[2,-196],[3,0],[0,-198],[-2,-49]],[[2438,378],[0,-147],[-1,-39],[1,-190]],[[2438,2],[-189,-1],[-142,0],[-109,1]],[[1998,2],[-1,227],[107,0],[-1,59],[-1,181],[0,192],[0,161]],[[2123,2285],[41,0],[6,4],[229,0],[124,0]],[[2523,2289],[0,-123],[-4,1],[0,-140],[1,-8],[0,-178],[2,-23]],[[2521,1431],[-154,-1],[-241,-1]],[[2126,1429],[0,186],[3,0],[-1,199],[-2,0],[1,201],[2,24]],[[2701,923],[254,1]],[[2955,924],[0,-201],[0,-258],[0,-140]],[[2955,325],[-253,1],[-1,50]],[[2701,376],[0,270],[0,277]],[[2126,1429],[-26,-1]],[[1665,1432],[-2,31],[0,149],[-6,0],[0,200],[-8,0]],[[4,147],[0,187]],[[4,334],[195,0],[226,-1]],[[425,333],[0,-199],[0,-132]],[[425,2],[-191,-2],[-230,2],[0,145]],[[1460,1432],[0,83],[-51,0],[0,50],[-101,0],[0,49],[-93,0],[-4,16],[-53,0],[1,32],[-51,0],[1,51],[-26,0],[-1,50],[-25,0]],[[2101,822],[1,0]],[[1998,2],[-56,2],[-171,1],[-324,-1],[-123,0]],[[1324,4],[0,227],[-5,0],[0,149],[177,-1],[2,47],[1,199],[-8,0],[0,99]],[[2523,2289],[256,-1],[174,-1],[1,-70],[0,-204],[0,-193]],[[2438,378],[183,-2],[80,0]],[[2955,325],[0,-321],[-263,0],[-76,-2],[-178,0]],[[2954,1433],[1,-287],[0,-222]],[[2701,923],[-100,-1]],[[2601,922],[-3,100],[0,191],[0,143],[-1,75]],[[849,725],[-191,0],[-107,1],[-128,3]],[[423,729],[-65,3],[-141,1],[-1,98],[-20,0],[0,149],[-14,0],[0,40],[15,0],[0,198],[4,62]],[[1324,4],[-141,-1],[-267,0],[-154,1],[-120,-2],[-217,0]],[[425,333],[1,245],[-4,0],[1,151]],[[2435,821],[-1,100],[167,1]],[[4,868],[1,119],[0,160],[0,179]],[[4,334],[-1,322],[1,212]]],"objects":{"SC_WY.geo":{"type":"GeometryCollection","geometries":[{"arcs":[[0,1,2,3,4,5,6]],"type":"Polygon","properties":{"parent":"WY","name":"Park","countyFIPS":"56029"},"id":"Park"},{"arcs":[[-6,7,8,9,10]],"type":"Polygon","properties":{"parent":"WY","name":"Teton","countyFIPS":"56039"},"id":"Teton"},{"arcs":[[11,12,13,14,15]],"type":"Polygon","properties":{"parent":"WY","name":"Weston","countyFIPS":"56045"},"id":"Weston"},{"arcs":[[16,17,18,19,-2]],"type":"Polygon","properties":{"parent":"WY","name":"Big Horn","countyFIPS":"56003"},"id":"Big Horn"},{"arcs":[[-5,20,21,22,23,24,25,-8]],"type":"Polygon","properties":{"parent":"WY","name":"Fremont","countyFIPS":"56013"},"id":"Fremont"},{"arcs":[[26,27,28,29,-23]],"type":"Polygon","properties":{"parent":"WY","name":"Natrona","countyFIPS":"56025"},"id":"Natrona"},{"arcs":[[30,31,32,-18]],"type":"Polygon","properties":{"parent":"WY","name":"Sheridan","countyFIPS":"56033"},"id":"Sheridan"},{"arcs":[[33,34,35,36,37]],"type":"Polygon","properties":{"parent":"WY","name":"Albany","countyFIPS":"56001"},"id":"Albany"},{"arcs":[[38,39,-16,40,41,-32]],"type":"Polygon","properties":{"parent":"WY","name":"Campbell","countyFIPS":"56005"},"id":"Campbell"},{"arcs":[[42,43,44,45]],"type":"Polygon","properties":{"parent":"WY","name":"Goshen","countyFIPS":"56015"},"id":"Goshen"},{"arcs":[[-33,-42,46,-28,47,-19]],"type":"Polygon","properties":{"parent":"WY","name":"Johnson","countyFIPS":"56019"},"id":"Johnson"},{"arcs":[[48,49,50,51]],"type":"Polygon","properties":{"parent":"WY","name":"Uinta","countyFIPS":"56041"},"id":"Uinta"},{"arcs":[[-20,-48,-27,-22,52,-3]],"type":"Polygon","properties":{"parent":"WY","name":"Washakie","countyFIPS":"56043"},"id":"Washakie"},{"arcs":[[-4,-53,-21]],"type":"Polygon","properties":{"parent":"WY","name":"Hot Springs","countyFIPS":"56017"},"id":"Hot Springs"},{"arcs":[[-24,-30,53,-38,54,55]],"type":"Polygon","properties":{"parent":"WY","name":"Carbon","countyFIPS":"56007"},"id":"Carbon"},{"arcs":[[56,-12,-40]],"type":"Polygon","properties":{"parent":"WY","name":"Crook","countyFIPS":"56011"},"id":"Crook"},{"arcs":[[57,-45,58,-36]],"type":"Polygon","properties":{"parent":"WY","name":"Laramie","countyFIPS":"56021"},"id":"Laramie"},{"arcs":[[-14,59,-43,60,61]],"type":"Polygon","properties":{"parent":"WY","name":"Niobrara","countyFIPS":"56027"},"id":"Niobrara"},{"arcs":[[-9,-26,62,63]],"type":"Polygon","properties":{"parent":"WY","name":"Sublette","countyFIPS":"56035"},"id":"Sublette"},{"arcs":[[-63,-25,-56,64,-51,65]],"type":"Polygon","properties":{"parent":"WY","name":"Sweetwater","countyFIPS":"56037"},"id":"Sweetwater"},{"arcs":[[-61,-46,-58,-35,66]],"type":"Polygon","properties":{"parent":"WY","name":"Platte","countyFIPS":"56031"},"id":"Platte"},{"arcs":[[-47,-41,-15,-62,-67,-34,-54,-29]],"type":"Polygon","properties":{"parent":"WY","name":"Converse","countyFIPS":"56009"},"id":"Converse"},{"arcs":[[67,-10,-64,-66,-50,68]],"type":"Polygon","properties":{"parent":"WY","name":"Lincoln","countyFIPS":"56023"},"id":"Lincoln"}]}}}