{"type":"Topology","transform":{"scale":[0.0009011169586217944,0.0005570676101194201],"translate":[-124.76279070733982,45.543526018900025]},"arcs":[[[5425,1948],[50,-6],[89,19],[34,21],[76,-13],[26,8],[55,51],[68,97],[31,-18],[38,-68]],[[5892,2039],[-4,-13],[52,-41],[5,-62],[57,-72],[25,-16],[30,-48],[39,-33],[11,-158],[-12,-107],[16,-50],[4,-72],[-18,-49],[67,-72],[41,-17],[60,-10],[84,-53]],[[6349,1166],[27,-26],[55,-86],[-1,-25],[27,-68],[4,-89],[-52,-53]],[[6409,819],[-23,-37],[-94,-65],[-37,-18],[-77,-9],[-68,22],[-73,-12],[-46,-21],[-95,-8],[-42,-20],[-41,4],[-52,31],[-57,-36],[-52,-87],[-115,-21],[-33,4],[-72,-21]],[[5432,525],[2,367]],[[5434,892],[-1,313],[-7,0],[-1,743]],[[4174,4940],[-77,48],[31,74],[-21,29],[0,47],[28,49],[-29,48],[31,63],[94,10],[-6,39],[38,4],[71,43],[37,-6],[7,-45],[32,-24],[89,31],[8,14]],[[4507,5364],[55,9],[-4,-53],[19,-61],[-18,-37],[11,-92],[26,-5],[65,-47],[3,-21],[-28,-45],[2,-29],[36,-22],[49,-8],[45,-62],[39,-30],[43,-15],[16,-44],[35,-35],[-18,-54],[15,-43],[33,-37],[32,9],[86,-90],[30,-2],[33,-22],[11,-51],[27,-10],[43,-38],[2,-32],[36,-58],[198,-1]],[[5429,4338],[12,-33],[-62,-80],[-2,-59],[-48,-33],[-4,-35],[-31,-78],[-113,-35],[-54,19],[-54,-26],[-35,-65],[27,-74],[-43,-90],[4,-62],[-28,-70],[-37,-36],[-12,-33],[-17,-112],[28,-102],[44,-34],[137,-28],[52,-58],[-12,-129]],[[5181,3085],[-327,-2],[-42,24],[-25,35],[-75,49],[-48,-26],[-21,55],[-43,14],[-53,-3],[-59,46],[-16,44],[-55,11],[-22,41],[-45,-20],[-90,40],[-8,44],[-102,118],[-58,49],[-22,68],[-20,14]],[[4050,3686],[-22,88],[5,54],[43,49],[12,65],[-44,73]],[[4044,4015],[53,82],[-40,5],[-51,30],[6,21],[-36,72],[17,102],[52,78],[-22,84],[41,33],[21,-1],[56,29],[18,-5],[48,51],[27,15],[-19,52],[11,20],[54,21],[-15,43],[-50,48],[6,24],[-45,61],[-13,33],[11,27]],[[2037,4527],[-24,0],[-3,-252],[3,-104],[-618,0],[0,25],[-545,1],[-306,0],[-184,3],[-191,-5]],[[169,4195],[-34,49],[-5,50],[-18,20],[-18,82],[-8,102],[-13,36],[6,70],[-45,111],[31,26],[16,63],[-18,36],[24,28],[-2,58],[23,21],[7,57],[-32,14],[-49,76],[17,15],[64,2],[54,-43],[50,2],[30,-32],[48,-24],[66,-54],[61,-39],[91,-30],[28,-25],[25,19],[65,-33],[68,-46],[33,-7],[-7,-30],[63,-40],[86,-24],[96,-6],[23,-11],[98,1],[76,21],[74,-24],[7,-21],[51,-13],[44,29],[48,-35],[51,5],[41,-29],[122,-8],[29,13],[55,-5],[24,16],[59,69],[58,-31],[51,-50],[30,-71],[66,27],[68,0],[-10,-55]],[[1714,1511],[115,4],[457,0],[376,-1],[136,-3]],[[2798,1511],[-1,-312],[-4,0],[0,-283]],[[2793,916],[-26,10],[-28,-18],[-34,-89],[12,-16],[-19,-44],[-28,-17],[-46,28],[-49,6],[-38,22],[-64,-16],[-26,-45],[-22,1],[-42,-34],[-44,-12],[-38,22],[-55,-47],[5,-48],[-10,-33],[-47,-35]],[[2194,551],[1,31],[-30,81],[6,35],[-9,51],[-26,36],[-20,60],[-24,31],[-8,52],[-21,42],[-65,37],[-47,53],[-123,92],[-57,7],[-51,-30]],[[1720,1129],[-5,139],[3,61],[-4,182]],[[5181,3085],[2,-37],[19,-29],[63,2],[13,-11]],[[5278,3010],[5,-19],[-8,-92],[8,-58],[-26,-35],[-19,-60],[35,-61],[11,-82],[39,-90],[1,-152],[35,-61],[7,-47],[-17,-43],[-30,-35],[-3,-32]],[[5316,2143],[-29,4],[-147,-7],[-420,4],[1,156],[-140,2],[0,155],[-195,-2],[-240,0],[-35,46],[-11,39],[-24,20],[0,38],[-37,21],[-31,43],[-65,47],[-10,23],[-70,42],[-30,-19],[-64,-10],[-15,25]],[[3754,2770],[-25,20],[-5,38],[47,41],[33,-15],[41,27],[-22,45],[13,25],[-11,43],[-54,22],[6,30],[31,31],[-11,43],[-101,22],[-14,33],[16,40],[-37,38],[27,34],[16,86],[43,20],[8,37],[46,39],[39,18],[20,59],[25,9],[30,37],[20,45],[40,-8],[13,45],[62,12]],[[6425,4308],[21,-5],[114,31]],[[6560,4334],[21,-13],[7,-39],[107,-52],[20,6],[5,54],[21,17],[40,-28],[91,9],[42,-39],[-13,-39],[14,-25],[83,0],[12,-53],[59,-26],[40,19],[18,95]],[[7127,4220],[102,88],[39,3],[79,-109],[36,-92],[35,-59],[32,-12],[42,24],[25,50],[60,-21],[59,43],[56,-22],[12,-17]],[[7704,4096],[1,-353],[-2,-25],[-2,-636]],[[7701,3082],[-152,0]],[[7549,3082],[-663,1],[-468,1]],[[6418,3084],[0,187],[4,625],[3,412]],[[7286,6205],[356,1],[496,-1]],[[8138,6205],[-1,-138],[-76,-1],[0,-154],[-72,0],[0,-170],[-73,1],[0,-156],[144,1],[-1,-152],[1,-556],[-3,-228],[72,-1],[1,-157]],[[8130,4494],[-109,2],[0,-358],[-2,-92],[-46,-7],[-21,12],[-37,62],[-39,30],[0,56],[-29,6],[-8,-54],[-53,-49],[-36,-3],[-15,-29],[-31,26]],[[7127,4220],[-17,63],[8,76],[-58,92],[47,47],[92,-16],[20,35],[27,10],[-5,71],[-17,14],[12,41],[40,5],[17,36],[-6,58],[6,45],[46,50],[11,42],[-40,94],[-7,96],[-24,66],[-3,109],[19,20],[16,71],[31,1],[4,48],[20,65],[-4,36],[26,88],[-32,186],[2,35],[-28,25],[-24,84],[-19,9],[-20,82],[15,48],[-23,40],[16,46],[-16,14],[3,44],[24,9]],[[1545,2242],[6,-301],[6,-111],[3,-153],[-1,-168]],[[1559,1509],[-147,-1],[-262,4],[-2,-173]],[[1148,1339],[-35,-26],[-39,17],[-60,-43],[-29,-37],[-38,10],[-44,46],[-40,68],[-39,12],[-45,-66],[-17,32],[13,54],[8,148],[0,151],[-13,194],[0,82],[50,-116],[0,-126],[-9,-28],[16,-144],[3,-68],[68,1],[-18,108],[-24,17],[-3,36],[57,34],[52,47],[0,65],[-29,36],[-8,34],[-33,44],[7,41],[34,25],[7,51],[56,36],[40,11],[-5,24],[-48,22],[-114,-11],[-21,-33],[-109,72],[-2,86]],[[737,2245],[224,-3],[408,3],[176,-3]],[[2340,5395],[2,62],[81,-63],[-45,-34],[-33,-1],[-5,36]],[[2524,5568],[407,2],[481,-6],[757,-4],[106,0],[0,30],[176,0]],[[4451,5590],[-41,-58],[3,-35],[46,-49],[44,20],[22,-42],[-26,-43],[8,-19]],[[4174,4940],[-492,1],[-213,4],[-402,-1],[-431,0]],[[2636,4944],[-19,46],[-64,51],[-48,14],[-30,31],[-29,90],[-30,-2],[-78,-32],[-22,51],[23,32],[-15,58],[-38,10],[97,52],[40,-50],[23,12],[24,-60],[45,-5],[30,15],[-16,37],[2,46],[-25,84],[40,-14],[39,44],[9,32],[-26,41],[-44,41]],[[2244,5460],[33,43],[44,-71],[-16,-47],[-41,-5],[4,38],[-24,42]],[[2616,4862],[19,46],[1,36]],[[4044,4015],[-85,-2],[-289,2],[-143,-6],[-381,0],[-80,-3],[-422,5],[-16,-1]],[[2628,4010],[-1,53],[62,72],[20,119],[16,64],[64,19],[21,37],[-1,51],[14,21],[-61,50],[-11,30],[-66,59],[-27,67],[-1,143],[-29,27]],[[2628,4822],[-12,40]],[[3595,1516],[134,0],[18,41],[-23,34],[-10,54],[-23,33],[7,36],[-28,29],[5,35],[29,13],[14,31],[5,76],[22,29],[2,33],[-29,23],[-1,49],[60,66],[-25,30],[-27,-3],[-26,22],[7,25],[-37,54]],[[3669,2226],[15,20],[-35,46],[-25,78],[-26,20],[27,61],[44,25],[8,21],[-9,53],[13,29],[39,28],[11,67],[30,42],[-7,54]],[[5316,2143],[-1,-26],[32,-89],[55,-73],[23,-7]],[[5434,892],[-516,2],[-290,-2],[-553,5],[-188,3],[-293,-2]],[[3594,898],[1,618]],[[453,3572],[341,1],[0,-28],[603,-1]],[[1397,3544],[-2,-467],[17,1],[2,-315],[133,0],[185,4]],[[1732,2767],[1,-158],[48,-1],[-3,-364]],[[1778,2244],[-233,-2]],[[737,2245],[-10,76],[-28,108],[25,29],[19,-20],[4,-61],[39,5],[6,37],[39,23],[32,32],[30,-1],[98,40],[12,43],[-70,8],[-41,18],[-36,-3],[-39,90],[-43,19],[-63,1],[-32,-37],[15,-39],[-1,-51],[12,-45],[-51,-33],[5,119],[-8,178],[-36,225],[-31,123],[-46,35],[-23,74],[-23,15],[-19,89],[-3,87],[-17,143]],[[1397,3544],[0,160],[579,-1]],[[1976,3703],[-74,-139],[-10,-50],[-58,-76],[-34,-100],[-11,-96],[50,23],[39,-23],[45,2],[51,43],[81,26],[25,63],[-59,-38],[-40,-12],[-40,-32],[-12,-31],[-68,24],[-22,-4],[-7,46],[32,85],[55,88],[11,46]],[[1930,3548],[81,4],[167,-4],[-2,-208]],[[2176,3340],[0,-82]],[[2176,3258],[-74,-140],[0,-52],[33,-75],[-22,-75]],[[2113,2916],[-24,-20],[-34,3],[-23,38],[-33,-29],[-44,-17],[-18,-59],[-64,-29],[0,-37],[-141,1]],[[2264,5723],[22,22],[42,-83],[52,-48],[-19,-34],[-42,52],[-21,55],[-34,36]],[[4340,6205],[-33,-61],[63,-48],[51,33],[25,-27],[-17,-28],[4,-88],[42,-41],[-15,-64],[11,-66],[25,-20],[25,-47],[27,-22],[-18,-70],[-25,5],[-17,-40],[-37,-31]],[[2524,5568],[-12,94],[-22,35],[31,45],[-4,20],[-46,41],[-31,4],[-49,-28],[-48,-84],[-26,38],[32,78],[-41,41],[-26,-2],[-8,67],[-80,81],[43,55],[0,27],[-26,22],[-19,-20],[-34,13],[1,31],[66,83],[390,0],[342,0],[385,-9],[450,6],[548,-1]],[[1856,6208],[61,1],[12,-33],[-66,-23],[-7,55]],[[2113,2916],[73,-28],[7,-46],[66,-45],[28,4]],[[2287,2801],[-7,-48],[36,-70],[16,-61],[35,-13],[-8,-36],[69,-9],[16,-69],[36,-15],[37,-35],[4,-68],[42,-24],[58,-18],[33,2],[71,-28],[-6,-62],[47,-51],[33,16],[42,-24]],[[2841,2188],[-385,2],[-386,0],[-292,1],[0,53]],[[6576,6205],[370,0],[340,0]],[[6560,