{"type":"Topology","transform":{"scale":[0.0002822334357404329,0.0002515841545165498],"translate":[-75.88159559688411,38.451018875098754]},"arcs":[[[2024,1966],[0,-4],[-25,-19],[0,-25],[13,-35],[38,-46],[38,-40],[38,-44],[26,-33],[38,-25],[127,-146],[76,-69],[51,-67],[115,-60],[0,-4],[89,-33],[76,4],[38,14],[13,9],[13,35],[-13,23],[25,2],[0,-27],[39,-100],[0,-87],[0,-46],[0,-2],[12,-24],[0,-10],[0,-50],[13,-10],[0,-67],[13,-38],[12,-108],[0,-113],[13,-93],[0,-3],[13,-2],[0,-29],[38,-594],[-636,0],[-598,4],[-51,2],[-50,0],[-13,0],[-51,3],[-216,4],[-102,4],[-38,0],[-13,0],[-25,0],[-153,6],[-241,8],[-89,4],[-13,0],[-13,130],[0,116],[-13,84],[0,71],[-12,98],[-26,477],[-25,240],[0,144],[-13,79],[0,31],[0,15],[0,87],[-13,51],[0,4],[0,104],[-12,150],[-13,96],[-13,288],[-12,46],[0,10],[0,109],[0,35],[-13,160],[-13,92],[0,86],[-13,33],[0,15],[0,1],[0,26],[0,62],[-12,184],[0,50],[-13,171],[-25,190],[0,112],[-13,154],[-13,117],[0,79],[-13,61],[0,54],[-12,161],[0,6],[0,56],[-13,88],[0,19],[0,52],[0,85],[-13,40],[0,35],[0,34],[0,16],[0,23],[0,21],[0,15],[0,6],[0,90],[0,158],[51,0],[64,134],[12,8],[0,8],[26,31],[13,21],[12,11],[38,33],[0,8],[13,4],[13,13],[13,6],[38,32],[12,12],[51,33],[26,7],[0,2],[63,31],[77,29],[25,7],[51,14],[76,15],[89,6],[115,-2],[76,-8],[89,-17],[76,-23],[26,-11],[12,-4],[26,-8],[76,-35],[13,-11],[25,-17],[26,-12],[25,-21],[-102,-46],[-101,-96],[-51,-144],[-115,-152],[-63,23],[-13,-15],[-25,-26],[-38,-46],[-13,-11],[-26,-37],[0,-4],[-25,-3],[-64,-20],[-12,-24],[-38,-39],[-39,-54],[0,-6],[-12,-9],[0,-23],[12,-8],[0,-11],[0,-4]],[[956,4593],[-12,-2],[12,-33],[0,-2],[26,-30],[0,-4],[13,3],[12,0],[13,-25],[76,-61],[38,-23],[-12,-14],[-13,-124],[-13,-41],[0,-5],[-12,-12],[0,-15],[-13,-20],[-51,-99],[0,-4],[0,-41],[13,-23],[0,-4],[38,-40],[0,-6],[0,-6],[25,-9],[0,-27],[64,-33],[51,-54],[63,-101],[0,-14],[0,-25],[26,-13],[0,-48],[12,-2],[0,-2],[26,-25],[0,-2],[25,-10],[13,-5],[0,-14],[0,-19],[0,-4],[0,-6],[13,-5],[38,-14],[0,-11],[38,-23],[25,-10],[26,-13],[0,-25],[25,-12],[26,-8],[0,-11],[12,-6],[0,-39],[0,-11],[0,-6],[0,-21],[26,-19],[38,-48],[13,-17],[25,-16],[13,-27],[-13,-13],[0,-29],[0,-19],[13,-14],[-13,-61],[13,-4],[25,-25],[-12,-27],[12,-25],[0,-46],[0,-10],[-12,-11],[-26,-48],[-13,-21],[0,-52],[-12,-10],[12,-23],[13,-100],[26,-94],[-13,-81],[0,-36],[0,-10],[13,-5],[12,-26],[0,-3],[0,-2],[26,-27],[38,-8],[115,-96],[12,-19],[89,-127],[13,-29],[12,-52],[0,-88]],[[1920,301],[217,27],[80,-37],[125,44],[46,78],[229,-14]],[[2617,399],[46,-13]],[[2663,386],[34,-82]],[[2697,304],[172,10]],[[2869,314],[45,-136]],[[2914,178],[-11,-82]],[[2903,96],[-126,48],[-46,-27],[-183,17],[-34,47]],[[2514,181],[-80,-16],[-69,51],[-57,-76],[-159,-58],[11,-81]],[[2160,1],[-240,3]],[[1920,4],[-11,174],[-35,92],[46,31]],[[1669,96],[0,62],[137,20],[0,-96],[-137,14]],[[1337,1895],[57,72],[-23,85]],[[1371,2052],[46,133]],[[1417,2185],[103,-89],[23,126],[126,62],[45,129]],[[1714,2413],[35,-27],[34,-11],[68,-64],[46,-31],[23,-20],[80,-126],[11,-27],[12,-55],[-12,-64],[12,-25],[-23,-20],[0,-24],[23,-37],[23,-45],[114,-115],[34,-28],[126,-146]],[[2320,1548],[-35,0],[-34,-10],[-125,-45],[-80,21],[-69,74]],[[1977,1588],[-57,69],[-126,68],[-217,-17],[-137,-31]],[[1440,1677],[-46,99]],[[1394,1776],[-57,119]],[[983,5391],[34,-17],[-34,-10],[0,27]],[[480,2750],[68,-132],[92,-7]],[[640,2611],[34,-126],[-91,-10],[0,-75],[-80,3]],[[503,2403],[-12,75],[-11,160],[0,112]],[[2914,178],[23,51]],[[2937,229],[11,-228],[-56,0]],[[2892,1],[11,95]],[[1097,4236],[-11,-17]],[[1086,4219],[-35,-41],[0,65],[-23,34],[46,10],[0,-27],[12,-4],[0,-20],[11,0]],[[709,5415],[0,-14],[11,-3]],[[720,5398],[12,-4]],[[732,5394],[0,-34],[-12,4],[12,30]],[[720,5398],[-11,17]],[[1028,5347],[12,10],[11,-10],[-11,-11],[-12,11]],[[1051,2417],[23,-17]],[[1074,2400],[34,6]],[[1108,2406],[35,-78],[-80,10],[-12,79]],[[823,4386],[-11,-4],[0,14]],[[812,4396],[11,-10]],[[1234,5510],[126,-17],[126,-37],[11,-4]],[[1497,5452],[-80,-74]],[[1417,5378],[-34,-42]],[[1383,5336],[-115,75],[-34,99]],[[743,3064],[11,24],[12,-7],[-23,-17]],[[1143,3531],[34,47],[46,-3],[34,38],[34,3],[12,20]],[[1303,3636],[11,-3],[23,-24],[34,-17],[0,-31],[12,-17],[45,-13],[69,-45],[12,-13],[11,-24],[11,-14],[35,-7],[11,-10],[0,-58],[12,-6],[0,-21],[22,-17],[35,-48],[0,-10],[34,-24],[11,-27],[0,-14]],[[1691,3193],[-11,-13],[0,-21],[-46,-44],[-45,34],[-138,31],[-160,-21],[-103,24],[-148,-31]],[[1040,3152],[-80,4],[-125,-55]],[[835,3101],[-92,86],[160,143],[-68,78],[-138,89]],[[697,3497],[57,125],[115,-54],[57,48],[217,-85]],[[1166,2560],[34,27]],[[1200,2587],[11,14]],[[1211,2601],[80,-41]],[[1291,2560],[-114,-96]],[[1177,2464],[-23,0]],[[1154,2464],[-23,7]],[[1131,2471],[0,4]],[[1131,2475],[35,85]],[[1691,3193],[-11,-27],[0,-20],[11,-14],[0,-65],[23,-27],[0,-24],[12,-27],[0,-44],[-23,-21],[-34,-68],[0,-54],[-12,-11],[0,-23],[46,-191],[-12,-82],[12,-48]],[[1703,2447],[-23,21],[-11,-7],[-69,3],[-91,58]],[[1509,2522],[-149,75]],[[1360,2597],[-92,7],[-34,71]],[[1234,2675],[34,143],[-217,225]],[[1051,3043],[23,24]],[[1074,3067],[-34,85]],[[1394,2689],[34,-30],[23,13],[-57,17]],[[560,5306],[23,24],[34,30],[46,27],[34,18],[12,10]],[[709,5415],[80,37]],[[789,5452],[11,-3],[12,-27],[11,20],[23,-7],[-23,-17],[-11,-48],[57,-81],[-46,-69]],[[823,5220],[-194,-54]],[[629,5166],[0,44],[-46,24],[-12,24],[-45,24]],[[526,5282],[34,24]],[[2754,621],[149,4]],[[2903,625],[0,-106],[-80,-116],[46,-89]],[[2697,304],[46,65]],[[2743,369],[0,13]],[[2743,382],[-80,4]],[[2617,399],[69,86],[103,55],[-35,81]],[[2743,369],[0,13]],[[1291,1262],[80,150]],[[1371,1412],[80,6],[172,96],[274,-14]],[[1897,1500],[23,-167],[-217,-41]],[[1703,1292],[-229,-116]],[[1474,1176],[-183,86]],[[434,3381],[34,-3],[35,61],[137,-14],[57,72]],[[835,3101],[57,-61],[-138,-126]],[[754,2914],[-91,55],[-57,-28],[-92,51],[-23,-13],[-34,-4]],[[457,2975],[-23,406]],[[332,5054],[45,0],[68,132],[12,7],[34,41],[35,48]],[[629,5166],[-23,-41],[103,-163]],[[709,4962],[11,-7]],[[720,4955],[0,-21],[-343,-116],[-22,-13],[-23,-21]],[[332,4784],[0,270]],[[423,4931],[11,-13],[11,6],[-11,7],[-11,0]],[[457,4863],[23,3],[-23,28],[0,-31]],[[629,4658],[80,-27],[80,79],[11,95]],[[800,4805],[80,-58],[-91,-65],[-12,-276],[35,-10]],[[823,4386],[12,0]],[[835,4386],[-138,-51],[-240,-4]],[[457,4331],[-46,140],[92,41],[11,82],[115,64]],[[2171,1101],[23,7]],[[2194,1108],[126,75],[22,92],[92,106],[0,27],[11,7]],[[2445,1415],[115,-68],[11,0],[80,-31],[69,4],[57,23],[23,58],[12,-23],[22,-103],[0,-85],[12,-48]],[[2846,1142],[-23,4],[-11,-7],[-12,10],[-23,0],[-46,-24],[-91,48],[-92,-85],[69,-113],[149,-133],[-12,-74]],[[2754,768],[-126,-4],[-91,55]],[[2537,819],[-183,115]],[[2354,934],[-46,41],[-34,150],[-80,-17]],[[2194,1108],[-23,-17]],[[2171,1091],[0,10]],[[2354,934],[-160,58],[-23,99]],[[1897,1500],[80,88]],[[2320,1548],[80,-68],[45,-65]],[[2171,1101],[-68,27]],[[2103,1128],[-126,0],[-137,-47],[23,109],[-126,-7],[-34,109]],[[1257,2042],[114,10]],[[1337,1895],[-137,-47],[-57,-99],[80,-48],[0,-116]],[[1223,1585],[-23,-71],[-137,160],[-148,-55],[-80,38],[-103,-72],[-23,38],[-46,-35],[-69,4],[-34,17]],[[560,1609],[-12,55],[-11,251],[-11,185]],[[526,2100],[148,-7],[92,31],[171,-66],[46,-64],[91,-14],[183,62]],[[640,437],[229,38],[46,-24]],[[915,451],[34,64]],[[949,515],[205,153],[114,18],[69,-55],[137,14]],[[1474,645],[115,-55],[91,-163]],[[1680,427],[-80,-126],[0,-221]],[[1600,80],[-149,74],[-240,44],[-68,-44],[-160,44],[-137,-54],[-69,68],[-57,14],[-11,48],[-58,-18]],[[651,256],[0,28],[-11,82],[0,71]],[[926,5186],[160,14]],[[1086,5200],[57,-48]],[[1143,5152],[-23,-47]],[[1120,5105],[-69,17],[-114,-38]],[[937,5084],[-11,102]],[[995,4522],[125,-113]],[[1120,4409],[-69,-10]],[[1051,4399],[-159,89],[57,7],[46,27]],[[1108,2406],[23,69]],[[1131,2471],[23,-7]],[[1177,2464],[34,-89],[103,-40]],[[1314,2335],[-23,-78],[126,-72]],[[526,2100],[-12,54],[-11,201]],[[503,2355],[240,-34],[92,7],[216,89]],[[606,955],[114,68],[103,-65],[126,-34],[79,92],[46,-122],[80,71],[92,-10]],[[1246,955],[57,-102],[-23,-58],[171,-79],[23,-71]],[[949,515],[-80,-13],[46,