{"type":"Topology","transform":{"scale":[0.0001131948684767584,0.00009280628188823996],"translate":[-77.12003393307934,38.801386697067144]},"arcs":[[[8,1430],[63,62],[64,68],[31,23],[31,28],[32,39],[32,24],[128,112],[31,51],[31,17],[0,6],[32,17],[95,102],[0,11],[32,6],[0,5],[32,39],[31,34],[32,12],[32,-34],[31,-23],[32,-22],[32,-34],[31,-51],[33,-17],[0,-11],[31,-12],[0,-16],[31,-23],[33,-23],[0,-5],[31,-46],[32,0],[0,-11],[0,-16],[32,-17],[31,-46],[32,-22],[32,-12],[0,-17],[63,-62],[0,-6],[32,-34],[32,0],[31,-45],[0,-11],[32,-28],[63,-63],[128,-101],[0,-18],[63,-56],[32,-27],[0,-7],[31,-28],[64,-34],[31,-34],[32,-56],[32,-6],[0,-17],[0,-11],[0,-12],[0,-11],[-32,-11],[-32,-39],[0,-6],[-31,-11],[0,-12],[-32,-22],[-32,-46],[-31,-33],[-32,-11],[0,-6],[-32,-35],[-31,-34],[-97,-78],[-31,-40],[-31,-34],[-32,-11],[0,-18],[0,-10],[-63,-34],[0,-17],[-64,-63],[-63,-39],[0,-17],[-32,-17],[-63,-57],[0,-23],[-95,-67],[-159,-153],[-127,-17],[63,419],[0,181],[-63,78],[0,86],[-63,-11],[-32,22],[0,22],[-32,40],[-32,11],[-31,90],[-32,34],[-32,80],[-126,33],[-64,23],[-32,17],[-63,52],[0,5],[-31,22],[-33,74],[-31,56],[-32,40],[0,5],[-31,34],[0,17]],[[1026,1501],[57,0],[29,-74],[-58,-18],[-28,92]],[[656,1085],[0,-9]],[[656,1076],[-29,9],[29,0]],[[656,1012],[28,-38]],[[684,974],[-28,0]],[[656,974],[0,20]],[[656,994],[0,18]],[[884,1464],[113,56]],[[997,1520],[0,-120]],[[997,1400],[-113,64]],[[855,974],[29,10]],[[884,984],[56,-10]],[[940,974],[-85,-36]],[[855,938],[0,36]],[[627,1021],[29,-9]],[[656,994],[-29,0]],[[627,994],[0,27]],[[570,984],[0,37],[28,-19],[-28,-18]],[[370,1196],[57,0],[0,-73],[-57,9],[0,64]],[[884,753],[28,-18],[0,-102],[-28,-28],[0,148]],[[740,1852],[29,47],[57,0],[0,-47],[-86,0]],[[656,1363],[170,9]],[[826,1372],[0,-193]],[[826,1179],[-86,0]],[[740,1179],[-84,0]],[[656,1179],[0,184]],[[968,901],[0,-28]],[[968,873],[-28,28],[28,0]],[[826,928],[-57,-27],[0,27],[57,0]],[[884,531],[142,185]],[[1026,716],[0,-74]],[[1026,642],[-142,-111]],[[740,1179],[0,-94]],[[740,1085],[-84,0]],[[656,1085],[0,94]],[[627,1168],[29,11]],[[656,1076],[-29,-55]],[[627,994],[0,-20]],[[627,974],[-57,10]],[[570,984],[28,-46]],[[598,938],[-57,-28]],[[541,910],[-27,37],[-29,9]],[[485,956],[-29,112]],[[456,1068],[171,100]],[[855,928],[29,0],[0,-9],[-29,0],[0,9]],[[769,1030],[29,0]],[[798,1030],[0,-9],[-29,0],[0,9]],[[826,1179],[0,-130]],[[826,1049],[-28,-19]],[[769,1030],[-29,19]],[[740,1049],[0,36]],[[826,1002],[29,0],[0,-8],[-29,8]],[[1026,725],[228,92]],[[1254,817],[257,-45],[84,-47]],[[1595,725],[-113,-111],[-57,-36],[-114,-130]],[[1311,448],[-57,-9],[-58,74],[-170,129]],[[1026,716],[0,9]],[[627,974],[29,0]],[[684,974],[29,0]],[[713,974],[142,0]],[[940,974],[0,-8]],[[940,966],[28,-38]],[[968,928],[0,-27]],[[968,873],[0,-165]],[[968,708],[29,27]],[[997,735],[29,-10]],[[884,531],[0,-8]],[[884,523],[-86,202],[-200,213]],[[826,873],[29,0],[0,28],[-29,0],[0,-28]],[[826,928],[29,0]],[[855,928],[0,10]],[[855,938],[-29,-10]],[[541,910],[57,-65],[58,-37],[-29,-19],[-57,47],[-29,9],[-27,93],[-29,18]],[[0,1437],[257,230]],[[257,1667],[142,10]],[[399,1677],[28,-194],[58,-120]],[[485,1363],[-286,-19],[-57,-101]],[[142,1243],[-85,92],[-28,46],[0,28],[-29,28]],[[1112,1316],[0,19]],[[1112,1335],[113,28],[0,165],[29,38]],[[1254,1566],[171,-166],[142,-140]],[[1567,1260],[0,-17]],[[1567,1243],[-285,17],[-228,-73],[58,129]],[[627,1539],[57,184]],[[684,1723],[56,64],[286,0]],[[1026,1787],[0,-18],[57,-46],[85,-73]],[[1168,1650],[-114,-28],[-28,-121]],[[1026,1501],[-29,19]],[[884,1464],[-144,19],[-113,-65]],[[627,1418],[0,121]],[[485,1363],[142,-195]],[[456,1068],[-29,0],[-86,17],[-84,19],[-29,19],[-86,83],[0,37]],[[257,1677],[313,305],[28,17]],[[598,1999],[115,-45],[-29,-231]],[[627,1539],[-86,147],[-142,-9]],[[257,1667],[0,10]],[[1026,956],[0,-46],[-29,18]],[[997,928],[29,28]],[[1396,956],[0,102],[86,166],[85,19]],[[1567,1260],[28,-17],[29,-37],[228,-222],[0,-10],[-86,-73],[0,-9],[-171,-157],[0,-10]],[[1254,817],[142,139]],[[826,1372],[142,-18]],[[968,1354],[0,-352],[-28,-36]],[[884,984],[-58,65]],[[968,928],[29,0]],[[1026,956],[370,0]],[[997,735],[-29,9],[0,-36]],[[1311,448],[-57,-55],[-142,-102],[-257,-249],[-29,268],[58,213]],[[740,1049],[-27,-75]],[[656,2046],[57,37],[113,-111],[86,-92],[114,-93]],[[598,1999],[58,47]],[[1168,1650],[86,-84]],[[1112,1335],[-144,19]],[[968,1354],[29,46]],[[656,1363],[-29,55]]],"objects":{"SC_DC.geo":{"type":"GeometryCollection","geometries":[{"arcs":[[0]],"type":"Polygon","properties":{"parent":"DC","name":"District of Columbia"},"id":"District of Columbia"}]},"SC_ZipDC.geo":{"type":"GeometryCollection","geometries":[{"arcs":[[1]],"type":"Polygon","properties":{"parent":"DC","name":"20064"},"id":20064},{"arcs":[[2,3]],"type":"Polygon","properties":{"parent":"DC","name":"20427"},"id":20427},{"arcs":[[4,5,6,7]],"type":"Polygon","properties":{"parent":"DC","name":"20245"},"id":20245},{"type":null,"properties":{"parent":"DC","name":"20390"},"id":20390},{"arcs":[[8,9,10]],"type":"Polygon","properties":{"parent":"DC","name":"20317"},"id":20317},{"arcs":[[11,12,13,14]],"type":"Polygon","properties":{"parent":"DC","name":"20565"},"id":20565},{"arcs":[[15,-8,16,17]],"type":"Polygon","properties":{"parent":"DC","name":"20520"},"id":20520},{"arcs":[[18]],"type":"Polygon","properties":{"parent":"DC","name":"20566"},"id":20566},{"arcs":[[19]],"type":"Polygon","properties":{"parent":"DC","name":"20057"},"id":20057},{"arcs":[[20]],"type":"Polygon","properties":{"parent":"DC","name":"20319"},"id":20319},{"arcs":[[21]],"type":"Polygon","properties":{"parent":"DC","name":"20307"},"id":20307},{"arcs":[[22,23,24,25,26]],"type":"Polygon","properties":{"parent":"DC","name":"20009"},"id":20009},{"arcs":[[27,28]],"type":"Polygon","properties":{"parent":"DC","name":"20053"},"id":20053},{"arcs":[[29]],"type":"Polygon","properties":{"parent":"DC","name":"20228"},"id":20228},{"arcs":[[30,31,32]],"type":"Polygon","properties":{"parent":"DC","name":"20373"},"id":20373},{"arcs":[[-26,33,34,35]],"type":"Polygon","properties":{"parent":"DC","name":"20036"},"id":20036},{"arcs":[[36,-36,-4,37,-18,38,39,40,41,42,43,44],[-19]],"type":"Polygon","properties":{"parent":"DC","name":"20037"},"id":20037},{"arcs":[[45]],"type":"Polygon","properties":{"parent":"DC","name":"20202"},"id":20202},{"arcs":[[46,47]],"type":"Polygon","properties":{"parent":"DC","name":"20045"},"id":20045},{"arcs":[[-25,48,49,-47,50,51,-34]],"type":"Polygon","properties":{"parent":"DC","name":"20005"},"id":20005},{"arcs":[[52]],"type":"Polygon","properties":{"parent":"DC","name":"20535"},"id":20535},{"arcs":[[53,54,55,56,-32,57]],"type":"Polygon","properties":{"parent":"DC","name":"20020"},"id":20020},{"arcs":[[[-40,58,-6,59,60,-15,-14,61,62,63,-29,64,65,66,-58,-31,67,68,-41],[-30],[69],[-21],[-46],[70,71,72]],[[-43,73]]],"type":"MultiPolygon","properties":{"parent":"DC","name":"20024"},"id":20024},{"arcs":[[74,75,76,77,78]],"type":"Polygon","properties":{"parent":"DC","name":"20016"},"id":20016},{"arcs":[[79,80,81,82,83]],"type":"Polygon","properties":{"parent":"DC","name":"20018"},"id":20018},{"arcs":[[84,85,86,87,88,-9,89,90]],"type":"Polygon","properties":{"parent":"DC","name":"20011"},"id":20011},{"arcs":[[-78,91,-45,92],[-20]],"type":"Polygon","properties":{"parent":"DC","name":"20007"},"id":20007},{"arcs":[[93,94,-85,95,-76,96]],"type":"Polygon","properties":{"parent":"DC","name":"20015"},"id":20015},{"arcs":[[97,98]],"type":"Polygon","properties":{"parent":"DC","name":"20540"},"id":20540},{"arcs":[[99,-83,100,-55,101]],"type":"Polygon","properties":{"parent":"DC","name":"20019"},"id":20019},{"type":null,"properties":{"parent":"DC","name":"20551"},"id":20551},{"arcs":[[-24,102,103,-62,-13,104,-49]],"type":"Polygon","properties":{"parent":"DC","name":"20001"},"id":20001},{"arcs":[[-28,-64,105,-98,106,-102,-54,-67,107,-65]],"type":"Polygon","properties":{"parent":"DC","name":"20003"},"id":20003},{"arcs":[[-68,-33,-57,108]],"type":"Polygon","properties":{"parent":"DC","name":"20032"},