{"type":"Topology","transform":{"scale":[0.0026692420287552088,0.002077518993171188],"translate":[60.486777791062195,29.386605326374706]},"arcs":[[[1590,2804],[96,-83],[23,-48],[-13,-70],[-110,-47],[-71,7],[-20,-19]],[[1495,2544],[-100,5],[-74,-58],[-78,-24],[-102,23],[-64,36],[-70,-12],[-54,19],[-102,82],[-34,11],[-1,79],[59,155]],[[875,2860],[97,53],[-2,90],[50,28],[-37,42],[5,43],[82,-2],[63,22],[34,29],[61,7],[53,27]],[[1281,3199],[14,-62],[-20,-92],[41,-50],[10,-58],[83,-10],[22,-34],[41,10],[-4,-77],[40,-22],[82,0]],[[1495,2544],[-27,-73],[-79,-27],[5,-75],[-37,-40],[-97,-3],[-41,24],[-93,0],[-39,-94],[73,-126],[-31,-27],[-19,-50],[-78,-16],[-63,-41],[25,-103]],[[994,1893],[-37,-69],[-112,-26],[-21,-27],[-56,-2],[-52,-31],[-21,-75],[-61,-5],[-55,-22],[-19,54],[-39,-35],[-80,50],[9,45],[58,70],[-31,46],[37,96],[-124,24],[-28,-25],[-108,0],[-92,25]],[[162,1986],[-15,17],[-84,6],[-54,37],[-9,36],[16,62],[-16,122],[13,44],[46,58],[92,6],[-71,95],[45,21],[92,123],[2,51],[28,87],[-14,85],[30,44],[55,126],[76,-87],[98,-16],[45,16],[43,-13],[69,-56],[31,-77],[37,52],[82,-16],[76,51]],[[2848,2924],[5,-71],[-34,-68],[2,-56],[63,-23]],[[2884,2706],[19,-22],[18,-78]],[[2921,2606],[-89,-54],[-27,-45],[-172,41],[-74,-19],[9,-60],[-24,-49],[49,-3],[10,-38],[42,-25],[-44,-34],[1,-33]],[[2602,2287],[-32,-49]],[[2570,2238],[-94,-33],[-117,18],[-44,-16],[-56,43],[12,55],[-23,103]],[[2248,2408],[62,22],[42,101],[-65,52],[-58,69],[-27,9]],[[2202,2661],[-12,13],[22,117],[62,-6],[47,20],[57,78]],[[2378,2883],[79,-9],[98,38],[36,-6],[73,22],[99,-16],[85,12]],[[2824,3629],[5,-52],[56,-108]],[[2885,3469],[-41,-15],[-92,13],[-54,28],[-71,-3],[-46,-35],[16,-47],[-17,-88],[-39,-65],[-75,-43],[19,-63],[-80,-103]],[[2405,3048],[-40,-21],[-99,33],[35,57],[-13,149],[-50,25],[82,155],[-57,20]],[[2263,3466],[-34,84],[48,10],[-37,92],[14,67],[-35,66],[-52,22],[-7,31]],[[2160,3838],[16,-14],[91,19],[74,-4],[101,11],[87,-93],[115,19],[76,-1],[9,-58],[40,-21],[55,-67]],[[1947,3184],[49,-78],[-44,-23],[-28,-55],[-38,0],[-41,-110],[15,-94]],[[1860,2824],[-59,-27],[-58,28],[-82,-20],[-71,-1]],[[1281,3199],[81,55],[54,3],[27,35],[40,12],[60,101],[-5,77],[70,153],[-7,74],[18,21],[95,47],[159,4]],[[1873,3781],[-45,-82],[-10,-79],[40,-74],[-20,-64],[34,-113],[-89,-19],[-38,-197],[84,-11],[74,8],[44,34]],[[2263,3466],[-110,-25],[-70,-2],[-64,-34],[-70,-52],[-60,-6],[-14,-117],[16,-59],[56,13]],[[1873,3781],[52,50],[21,87],[46,19],[19,-28],[84,-32],[65,-39]],[[2248,2408],[-179,-15],[-28,-18],[-151,14],[-24,-132],[20,-49],[-43,-66],[33,-35],[31,-74],[-134,-119]],[[1773,1914],[-23,0],[-77,-55],[-48,-21],[-37,11]],[[1588,1849],[-17,24],[-59,15],[-14,-35],[-60,-54],[-36,17],[-81,158],[-47,5],[-25,-32],[-120,-46],[-135,-8]],[[1860,2824],[67,8],[46,-36],[19,-44],[87,-20],[1,-57],[26,-55],[96,41]],[[2405,3048],[44,-37],[-13,-79],[-58,-49]],[[1588,1849],[-4,-45],[-55,-55],[0,-56],[-65,-26],[-81,-134],[-68,-8],[7,-53],[-68,-57],[-44,-5],[-70,-56]],[[1140,1354],[-134,26],[-24,-20],[-8,-63],[-33,-41],[-104,-26],[-45,54],[-233,-16],[2,-32],[-34,-30],[0,-42],[-34,-42],[-74,-158]],[[419,964],[-281,45],[-24,85],[2,133],[12,151],[-94,359],[-4,75],[71,104],[29,56],[32,14]],[[1773,1914],[53,-69],[-5,-61]],[[1821,1784],[-22,-14],[-39,-78],[9,-63],[-12,-41],[35,-18],[9,-43],[-22,-113]],[[1779,1414],[-26,-45],[-19,-78],[-43,2],[-36,-71],[-33,-36],[-1,-71],[-29,-134],[-24,-331],[-4,-155],[-12,-93],[-49,-314]],[[1503,88],[-122,-41],[-33,-47],[-42,21],[-151,32],[-362,-38]],[[793,15],[58,315],[2,59],[59,55],[34,71],[33,40],[-16,65],[36,44],[-4,82],[34,28],[41,63],[-10,92],[34,235],[34,55],[25,73],[-13,62]],[[793,15],[-86,3],[-378,137],[-195,72],[108,143],[251,333],[9,90],[-29,129],[-54,42]],[[2376,1874],[54,-15],[-22,-56],[0,-74],[36,-25]],[[2444,1704],[-7,-44],[-70,-11],[-31,-22],[-60,-3],[-54,-42],[-34,-46],[0,-41]],[[2188,1495],[-109,-31],[-14,18],[-75,11],[-31,35],[-41,7],[-54,-69],[-18,-76],[-67,24]],[[1821,1784],[28,-12],[53,38],[33,-20],[58,18],[27,-25],[58,-15],[18,57],[80,57],[70,9],[18,-35],[112,18]],[[2570,2238],[-6,-45],[20,-34],[-91,-101],[-111,-40],[5,-60],[-11,-84]],[[2188,1495],[44,31],[35,-21],[-6,-50],[-34,-36],[-41,-72],[9,-107],[-61,-62],[48,-67],[47,34],[42,5],[55,48],[94,-69],[33,-7],[58,21],[39,-58],[39,-5],[11,-42],[75,13],[45,-13]],[[2720,1038],[-71,-15],[15,-41],[51,-10],[16,-26],[-65,-39],[-89,-29],[-131,17],[-27,33],[-92,-57],[-13,-54],[-42,-51],[-69,-27],[-37,-154],[20,-79],[-8,-102],[-30,-81],[45,-49],[-54,-58],[-435,-142],[-80,13],[-121,1]],[[2834,1305],[9,-46],[-25,-62],[33,-55]],[[2851,1142],[-53,-61],[-42,-4],[-36,-39]],[[2444,1704],[67,32],[55,-21],[39,-47],[10,-59],[73,-73],[-25,-31],[69,-72],[-36,-51],[25,-56],[64,-31],[49,10]],[[3081,2119],[24,-38],[-1,-47]],[[3104,2034],[10,-76],[-11,-29]],[[3103,1929],[-31,-33],[-39,-73],[-35,-28],[-24,-68],[-87,-110],[-59,-11],[-48,45],[-33,-53],[89,-98],[12,-53],[-2,-95],[-12,-47]],[[2602,2287],[90,35],[56,-31],[79,27],[25,-17],[17,-102],[32,-14],[63,-65],[22,-47],[37,-6],[58,52]],[[3369,1745],[-52,27],[22,31],[1,54]],[[3340,1857],[48,66],[20,83],[73,28],[73,41],[9,22]],[[3563,2097],[41,-8],[25,-45],[1,-77],[41,-44],[4,-30],[-64,-58],[-91,-53],[-41,12],[-85,-18],[-25,-31]],[[3369,1745],[-1,-75],[-38,-41],[20,-50],[-55,-65],[-20,-53],[15,-58],[-7,-82],[19,-93],[-70,-96],[-41,-42],[-85,-16],[-38,76],[-56,23],[-64,-30],[-38,3],[-36,28],[-23,-32]],[[3103,1929],[37,12],[44,-34],[7,-94],[59,36],[90,8]],[[4002,3198],[-40,-85],[-36,-50],[16,-28],[-54,-44],[0,-56],[-50,6],[-71,-24],[5,50],[-26,54],[-43,17],[-52,-14]],[[3651,3024],[15,87]],[[3666,3111],[72,62],[-13,29],[18,67],[-2,51],[-99,26],[-62,57],[-13,65],[0,155],[43,62],[-34,45],[-10,67],[0,133]],[[3566,3930],[46,-9],[58,83],[-16,59],[-28,30],[119,119],[42,97],[62,51],[80,14],[135,-93],[11,-36],[-40,-123],[31,-28],[60,26],[35,-54],[-36,-129],[-4,-144],[-21,-96],[12,-57],[55,-117],[85,-3],[159,129],[54,19],[95,10],[39,77],[87,59],[27,2],[39,45],[47,27],[71,8],[100,-25],[-12,-102],[166,55],[22,35],[112,-13],[52,8],[48,-30],[-62,-48],[-51,-3],[-45,-37],[68,-64],[-58,-10],[-112,-78],[-55,-1],[-66,30],[-217,-8],[-121,-22],[-114,-5],[-41,-30],[-91,-15],[-15,-35],[-46,-17],[-66,-58],[-30,-4],[-16,-48],[-46,34],[-92,-116],[-60,-45],[-20,-46]],[[4161,2926],[-47,-38],[-88,-35],[-42,-98],[-32,-17],[-69,-3],[-75,31],[-29,-67]],[[3779,2699],[-68,-43],[-50,18],[-41,72],[-43,5],[-23,64]],[[3554,2815],[-20,52],[59,64],[32,12],[26,81]],[[4002,3198],[64,-40],[92,-184],[3,-48]],[[3933,2488],[-91,-12],[-34,48],[6,52],[-20,30]],[[3794,2606],[-15,93]],[[4161,2926],[6,-34],[-30,-45],[39,-47],[-46,-63],[-19,-62],[-64,-33],[-37,-67],[-41,-30],[-6,-56],[-30,-1]],[[3305,3721],[-1,-129],[-34,-27],[15,-87],[-40,-59],[27,-93]],[[3272,3326],[-83,58],[-51,-2],[-52,58],[-150,7],[-32,11]],[[2904,3458],[-19,11]],[[2824,3629],[99,85],[127,50],[15,35],[58,-9],[28,36],[40,-14],[45,-66],[69,-25]],[[3933,2488],[-9,-33],[60,-63],[-7,-98],[-15,-47],[-75,-43],[-127,-13],[-73,9],[-122,42],[-36,-4]],[[3529,2238],[-3,4]],[[3526,2242],[-61,99],[-94,-44]],[[3371,2297],[68,95],[55,27]],[[3494,2419],[94,0],[90,26],[34,23],[4,68],[78,70]],[[3666,3111],[-117,-19]],[[3549,3092],[-1,37],[-63,102],[-4,55],[-27,16],[-9,50],[-89,-50],[-55,-8],[-29,32]],[[3305,3721],[37,29],[-9,133],[54,64],[103,-3],[35,18],[41,-32]],[[3549,3092],[-63,-66],[-12,-58],[-70,-44],[-116,-33]],[[3288,2891],[-29,13],[-109,-84],[-111,-61],[-8,-26],[-108,4],[-39,-31]],[[2848,2924],[40,73],[-12,37],[54,75],[7,59],[60,59],[11,42],[-54,41],[-74,124],[24,24]],[[3416,2533],[43,1],[22,61],[45,37]],[[3526,2632],[11,-48],[-28,-35],[-15,-130]],[[3371,2297],[-76,99],[-38,-26],[-79,19]],[[3178,2389],[-48,69],[8,62]],[[3138,2520],[3,39],[42,93],[92,-11],[62,-71],[20,-65],[59,28]],[[3488,2741],[39,-74],[-1,-35]],[[3416,2533],[-16,61],[1,65],[-51,12],[-57,54],[3,55]],[[3296,2780],[159,-2],[33,-37]],[[3554,2815],[-66,-74]],[[3296,2780],[-8,111]],[[3526,2242],[-23,15],[-49,-33],[-61,21],[-92,-107],[-84,-57],[-34,-51],[-79,4]],[[3081,2119],[24,76],[37,18],[-25,50],[5,34],[56,92]],[[3138,