{"type":"Topology","transform":{"scale":[0.0034797840064611286,0.003167289979105441],"translate":[11.73631936417825,-18.03140472414873]},"arcs":[[[2924,3062],[-103,-66],[-85,-5],[-79,-22],[-42,-37],[-41,-76],[-76,-36],[-17,-38],[-52,-25],[-51,-46],[-15,-79],[-27,-47],[-113,-47],[-102,-68],[-64,-17],[-75,-45],[-47,1]],[[1935,2409],[-28,0],[-56,59],[17,67],[-150,62],[-86,72],[-22,63],[18,31],[43,22],[10,43],[0,151],[-17,48],[14,30],[-11,86]],[[1667,3143],[18,-7],[87,16],[56,-20],[27,36],[91,0],[66,20],[10,-21],[168,0],[-7,42],[27,91],[25,31],[-11,52],[13,99],[222,0],[11,27],[80,0],[-24,-71],[-2,-45],[364,0],[16,-27],[4,-68],[-25,-70],[-3,-66],[44,-100]],[[2924,3062],[8,-53],[-23,-109],[-5,-136],[-14,-37],[18,-70],[41,-61],[47,-38],[12,-63],[31,-76],[-1,-77]],[[3038,2342],[-49,7],[-98,-12],[-41,-122],[12,-37],[-57,-12],[-75,-33],[-58,-62],[-82,9],[-161,74],[-23,-21],[-139,6],[-65,-49],[-60,-14]],[[2142,2076],[13,51],[-136,105]],[[2019,2232],[-35,50],[8,61],[-57,66]],[[1541,3363],[55,-101],[47,-58],[24,-61]],[[2019,2232],[-4,-32],[23,-72],[-122,-79],[-105,-5],[-39,17],[-72,-65],[-42,7],[3,98],[-42,142],[-26,22],[-54,8],[-58,26],[-30,-6],[-50,62]],[[1401,2355],[-79,102],[12,35],[-20,75],[-42,50],[-102,9],[-14,-22],[-114,-10],[-73,29]],[[969,2623],[3,62],[48,93],[101,25],[8,86],[16,51],[-30,37],[18,44],[39,19],[-4,60]],[[1168,3100],[34,0],[50,31],[12,45],[-22,98],[46,29],[37,43],[80,32],[45,-69],[44,-10],[13,40],[34,24]],[[841,3041],[-82,4],[-33,-25],[32,-80],[-18,-33],[-65,-40],[33,-99],[-33,-83],[22,-32],[72,-18],[44,-26]],[[813,2609],[-7,-83],[19,-106],[-17,-23],[-44,36],[-45,16],[-66,-41],[-80,18],[-69,31]],[[504,2457],[-50,86],[3,29],[-37,56],[7,29],[-23,90]],[[404,2747],[47,53],[49,-3],[8,64],[38,42],[-6,45],[-70,35]],[[470,2983],[-1,82],[-79,167]],[[390,3232],[83,32],[35,-13],[90,36]],[[598,3287],[88,-7],[48,-56],[37,-23],[65,5],[21,-16],[-2,-51],[-21,-46],[7,-52]],[[969,2623],[-46,16],[-60,-27],[-50,-3]],[[841,3041],[44,1],[30,38],[55,-7],[32,65],[-9,39],[62,11],[30,-39],[59,15],[24,-64]],[[1401,2355],[-16,-32],[-66,-51],[-45,-53],[-63,18],[-47,-104],[-11,-53]],[[1153,2080],[-99,-36],[-10,-120],[-73,-35],[-27,-50]],[[944,1839],[-48,37],[-53,2],[-44,70],[-23,8],[-58,-52],[-46,67],[-81,13]],[[591,1984],[0,128],[16,72],[-6,63],[-25,41],[3,44],[-60,69],[-15,56]],[[404,2747],[-42,75],[56,87],[54,20],[-2,54]],[[598,3287],[40,38],[-26,47],[17,49],[-37,69],[125,52],[17,31],[70,35],[73,21],[52,87],[-60,120]],[[869,3836],[447,8],[81,-22],[4,-52],[33,-31],[-10,-66],[22,-98],[59,-97],[-13,-22],[20,-67],[29,-26]],[[390,3232],[-70,167],[-10,101],[-56,67],[-98,185],[105,37],[28,-6],[53,21],[17,26],[57,14],[131,-3],[87,8],[23,-10],[159,-10],[53,7]],[[301,4304],[20,-1],[61,-83],[-67,-18],[-44,-64],[-69,-44],[26,-31],[-6,-178],[-86,-12],[-18,46],[24,48],[-31,89],[-30,55],[63,65],[27,12],[13,47],[66,17],[51,52]],[[2142,2076],[-36,-64],[-28,-15],[-32,-61],[2,-43],[-44,-72],[-80,-62],[-38,-85],[-40,-36],[3,-38],[-32,-39],[5,-59],[-37,-38],[1,-56]],[[1786,1408],[-41,-38],[-1,-50],[-45,-44],[-51,-11],[-36,-42],[-13,-48],[-74,46],[-22,50],[-74,9],[-68,-10]],[[1361,1270],[17,145],[-1,61]],[[1377,1476],[3,61],[-10,130],[-57,55],[21,36],[-10,66],[35,28],[33,62],[-32,68],[-44,45],[-7,34],[-68,17],[-43,-12],[-45,14]],[[944,1839],[14,-98],[-76,-53],[28,-99],[17,-91],[43,-37]],[[970,1461],[-96,-70],[-40,-10],[-34,15],[-48,-78],[-109,10],[-118,-7]],[[525,1321],[-52,8],[-27,82],[-54,13],[-52,-27],[-88,23],[-23,-10]],[[229,1410],[-6,39],[35,31],[89,114],[-1,53],[69,67],[53,3],[35,61],[44,48],[36,104],[8,54]],[[2945,589],[48,-136],[53,-24],[54,-76],[41,-30],[26,-46],[69,-44],[60,-78],[50,-32],[-199,-41],[-368,-75],[-55,25],[-118,-32],[-69,15],[-66,41],[-87,-13],[-23,10],[-152,1],[-72,19],[-44,-7],[-74,24],[-91,113],[-335,0]],[[1593,203],[-13,122],[0,73],[53,128],[-10,139],[-62,108],[-33,42],[-60,46],[-28,45]],[[1440,906],[-25,60],[-11,79],[-34,29],[-12,114],[3,82]],[[1786,1408],[76,-43],[98,-31],[45,-40],[26,-91],[25,-50],[77,-3],[26,43],[80,-12],[46,-79],[115,-115],[53,-25],[118,8],[70,-14],[52,-67],[30,-11],[48,-54],[70,-134],[25,-3],[41,-72],[38,-26]],[[1593,203],[-418,0],[-465,0],[-76,-6],[-17,22],[-104,68],[-12,36],[-38,13]],[[463,336],[-58,88],[29,48],[-6,34],[73,57]],[[501,563],[39,-38],[35,14],[45,53],[34,-14],[26,25],[79,38],[43,46],[53,-3],[71,-21],[23,-35],[37,1],[84,148],[72,54],[151,6],[41,52],[40,19],[66,-2]],[[1377,1476],[-82,5],[-31,-31],[-40,14],[-72,-70],[-68,-44],[-4,35],[-34,14],[-18,66],[-58,-4]],[[501,563],[9,80],[23,55],[-13,91],[-93,96],[13,93],[93,82],[26,74],[-4,51],[-24,62],[12,40],[-18,34]],[[3038,2342],[4,-41],[-45,-34],[34,-122],[73,63],[55,-19],[29,14],[53,-15],[52,9],[86,34],[97,-20],[49,14],[2,-91],[15,-39],[-29,-70],[8,-68],[-10,-101],[22,-73],[-26,-47],[-21,-81],[39,-67],[-331,0],[-250,0],[0,-286],[0,-475],[1,-238]],[[463,336],[-52,5],[-80,-25],[-20,-24],[-76,-41],[-89,4],[-43,27],[-98,-29],[20,237],[-25,183],[73,89],[19,121],[43,127],[19,26],[17,100],[-1,108],[23,63],[27,11],[9,92]]],"objects":{"AGO.geo":{"type":"GeometryCollection","geometries":[{"arcs":[[0,1,2]],"type":"Polygon","properties":{"name":"Lunda Norte","postal":"LN"},"id":"AGO"},{"arcs":[[3,4,5,6,-1]],"type":"Polygon","properties":{"name":"Lunda Sul","postal":"LS"},"id":"AGO"},{"arcs":[[7,-2,-7,8,9,10,11]],"type":"Polygon","properties":{"name":"Malanje","postal":"ML"},"id":"AGO"},{"arcs":[[12,13,14,15,16,17,18]],"type":"Polygon","properties":{"name":"Bengo","postal":"BO"},"id":"AGO"},{"arcs":[[-11,19,-13,20]],"type":"Polygon","properties":{"name":"Cuanza Norte","postal":"CN"},"id":"AGO"},{"arcs":[[-10,21,22,23,24,-14,-20]],"type":"Polygon","properties":{"name":"Cuanza Sul","postal":"CS"},"id":"AGO"},{"arcs":[[25,-16]],"type":"Polygon","properties":{"name":"Luanda","postal":"LU"},"id":"AGO"},{"arcs":[[-12,-21,-19,26,27]],"type":"Polygon","properties":{"name":"Uíge","postal":"UI"},"id":"AGO"},{"arcs":[[-27,-18,28]],"type":"Polygon","properties":{"name":"Zaire","postal":"ZA"},"id":"AGO"},{"arcs":[[29]],"type":"Polygon","properties":{"name":"Cabinda","postal":"CB"},"id":"AGO"},{"arcs":[[-6,30,31,32,33,-22,-9]],"type":"Polygon","properties":{"name":"Bié","postal":"BI"},"id":"AGO"},{"arcs":[[34,35,36,37,-24]],"type":"Polygon","properties":{"name":"Benguela","postal":"BG"},"id":"AGO"},{"arcs":[[38,39,40,-32,41]],"type":"Polygon","properties":{"name":"Cuando Cubango","postal":"CC"},"id":"AGO"},{"arcs":[[-40,42,43,44]],"type":"Polygon","properties":{"name":"Cunene","postal":"CU"},"id":"AGO"},{"arcs":[[45,-35,-23,-34]],"type":"Polygon","properties":{"name":"Huambo","postal":"HM"},"id":"AGO"},{"arcs":[[-33,-41,-45,46,-36,-46]],"type":"Polygon","properties":{"name":"Huíla","postal":"HL"},"id":"AGO"},{"arcs":[[47,-42,-31,-5]],"type":"Polygon","properties":{"name":"Moxico","postal":"MX"},"id":"AGO"},{"arcs":[[-47,-44,48,-37]],"type":"Polygon","properties":{"name":"Namibe","postal":"NA"},"id":"AGO"}]}}}