{"type":"Topology","transform":{"scale":[0.0017485684300849824,0.0014421321439813985],"translate":[51.569346550003274,22.620945943300626]},"arcs":[[[1993,2249],[-12,-7],[-12,19],[18,8],[6,-20]],[[2667,1866],[-15,-59]],[[2652,1807],[-23,-5],[-1,-115]],[[2628,1687],[23,-106],[28,-4]],[[2679,1577],[12,-16]],[[2691,1561],[-59,-33]],[[2632,1528],[-38,-3]],[[2594,1525],[-46,43]],[[2548,1568],[-28,62]],[[2520,1630],[-15,50],[21,126]],[[2526,1806],[70,-5],[71,65]],[[2621,2106],[-48,-11],[-59,-45],[10,-57],[69,4],[-4,-109],[-54,26]],[[2535,1914],[-42,-23]],[[2493,1891],[-52,96],[-20,97],[-32,25]],[[2389,2109],[55,36],[98,114],[36,126],[49,9],[12,-41],[-18,-247]],[[2493,1891],[-14,-37],[-47,-12],[-34,64],[-141,99]],[[2257,2005],[63,17],[18,42],[51,45]],[[2578,1463],[16,62]],[[2632,1528],[-30,-62],[-24,-3]],[[2743,1943],[-60,-64]],[[2683,1879],[-16,-13]],[[2526,1806],[-5,39]],[[2521,1845],[3,35]],[[2524,1880],[11,34]],[[2621,2106],[39,-31],[68,-6],[18,-55],[-3,-71]],[[2741,1697],[-32,-33],[-14,-48]],[[2695,1616],[-6,-9]],[[2689,1607],[-61,80]],[[2652,1807],[17,-11],[64,58]],[[2733,1854],[20,19]],[[2753,1873],[-12,-176]],[[2692,1590],[22,-1]],[[2714,1589],[-23,-28]],[[2679,1577],[13,13]],[[2715,1601],[-1,-12]],[[2692,1590],[-3,17]],[[2695,1616],[20,-15]],[[2521,1845],[3,35]],[[2205,1923],[38,46]],[[2243,1969],[80,-33],[-19,-37],[-99,24]],[[2578,1463],[-26,16],[-40,88],[36,1]],[[2741,1697],[12,-63],[-38,-33]],[[2733,1854],[-50,25]],[[2743,1943],[10,-70]],[[2520,1630],[-45,-2],[-62,-79],[7,-112]],[[2420,1437],[-74,11]],[[2346,1448],[6,42],[-12,87],[-24,72],[22,39],[-32,100],[-87,75],[-71,0]],[[2148,1863],[57,60]],[[2243,1969],[14,36]],[[1312,1119],[52,-23],[-19,-43],[-38,9],[-65,-13],[-49,42],[119,28]],[[594,1142],[-30,27],[32,46],[21,-44],[-23,-29]],[[1659,1251],[-77,19],[23,35],[54,-54]],[[2420,1437],[10,-35],[-34,-59],[9,-92],[19,-58],[-30,-77],[102,-7],[37,-96],[-110,-52],[-91,13],[-109,-43],[42,-62],[5,-72],[-34,-65],[-19,-86],[-40,-58],[-31,-134],[-55,-107],[-20,-87],[4,-101],[-6,-102],[-47,-57],[-317,47],[-477,71],[-648,97],[-26,16],[-239,346],[-301,434],[-14,123],[80,-25],[36,-30],[21,-122],[123,-9],[25,-17],[89,7],[67,23],[168,127],[20,-31],[97,5],[62,-10],[30,19],[39,-30],[56,33],[50,-49],[105,14],[47,-16],[36,-33],[156,9],[55,29],[98,29],[37,40],[78,47],[34,-11],[36,43],[31,80],[34,18],[-68,46],[22,31],[34,-49],[25,7],[46,118],[-13,37],[38,50],[171,115]],[[1965,1629],[76,-231],[36,-29],[121,5],[148,74]],[[1965,1629],[44,32],[101,138],[38,64]]],"objects":{"ARE.geo":{"type":"GeometryCollection","geometries":[{"arcs":[[0]],"type":"Polygon","properties":{"name":"Hormozgan","postal":"HG"},"id":"ARE"},{"arcs":[[[1,2,3,4,5,6,7,8,9,10]],[[11,12,13,14]]],"type":"MultiPolygon","properties":{"name":"Ras Al Khaymah","postal":"RK"},"id":"ARE"},{"arcs":[[15,16,-14]],"type":"Polygon","properties":{"name":"Umm Al Qaywayn","postal":"UQ"},"id":"ARE"},{"arcs":[[17,-7,18]],"type":"Polygon","properties":{"name":"Neutral Zone","postal":null},"id":"ARE"},{"arcs":[[19,20,-11,21,22,23,-12,24]],"type":"Polygon","properties":{"name":"Fujayrah","postal":"FU"},"id":"ARE"},{"arcs":[[25,26,27,-3,28,29,30]],"type":"Polygon","properties":{"name":"Fujayrah","postal":"FU"},"id":"ARE"},{"arcs":[[31,32,-5,33]],"type":"Polygon","properties":{"name":"Neutral Zone","postal":null},"id":"ARE"},{"arcs":[[34,-32,35,-27,36]],"type":"Polygon","properties":{"name":"Neutral Zone","postal":"FU"},"id":"ARE"},{"arcs":[[38,39]],"type":"Polygon","properties":{"name":"Ajman","postal":"AJ"},"id":"ARE"},{"arcs":[[-8,-18,40]],"type":"Polygon","properties":{"name":"Neutral Zone","postal":null},"id":"ARE"},{"arcs":[[[-34,-4,-28,-36]],[[-37,-26,41]],[[42,-20,43,-30]],[[-13,-24,-38,-22,-10,44,45,46,47,-40,48,-16]]],"type":"MultiPolygon","properties":{"name":"Sharjah","postal":"SH"},"id":"ARE"},{"arcs":[[[49]],[[50]],[[51]],[[-46,52,53]]],"type":"MultiPolygon","properties":{"name":"Abu Dhabi","postal":"AZ"},"id":"ARE"},{"arcs":[[-54,54,-47]],"type":"Polygon","properties":{"name":"Dubai","postal":"DU"},"id":"ARE"}]}}}