{"type":"Topology","transform":{"scale":[0.003976148787667604,0.0036064220817575467],"translate":[-73.5880358487754,-55.05201588302657]},"arcs":[[[1511,2510],[-11,-45],[21,-67],[29,-46],[74,-38],[87,-83],[147,-24],[56,7],[56,-43],[5,-80],[-28,-64],[-2,-38],[-27,-49],[-85,-54],[-42,-42],[-46,-8],[-117,-68],[-21,-39],[-90,-56],[-37,-79],[13,-20],[-20,-113],[-26,-48],[-61,-37],[-63,-9],[-28,-22],[-105,-33],[-55,-67],[-19,-50],[-4,-65],[58,-185],[63,-100],[83,-89],[-117,23],[-98,29],[-69,2],[-118,34],[-494,5],[-10,34],[-81,46],[-18,33],[8,75],[15,18],[-34,43],[30,24],[-7,99],[-51,13],[-69,-5],[-79,-42],[-42,59],[-3,54],[-23,37],[-41,25],[12,33],[-23,25],[27,48],[-31,61],[33,64],[78,1],[-6,31],[50,63],[48,8],[48,40],[3,94],[63,46],[-4,60],[-50,43],[45,77],[19,62],[29,2],[36,38],[38,14],[-31,49],[17,68],[62,29],[-26,158],[36,34]],[[488,2510],[506,0],[319,0],[198,0]],[[2326,93],[123,-10],[-190,-41],[-38,19],[105,32]],[[1339,575],[-64,-39],[17,-50],[85,-13],[32,-71],[108,-65],[-4,-20],[108,-60],[95,-35],[71,-60],[158,-49],[176,1],[-45,-75],[-159,3],[-7,-20],[-138,-22],[-72,32],[-51,9],[-227,12],[-72,12],[-82,-9],[-24,19],[2,371],[1,223],[92,-94]],[[1725,6426],[-65,-3],[-33,10],[-67,-7],[-2,-107]],[[1558,6319],[-19,13],[-92,-7],[-56,48],[-85,-23],[-74,-51],[-54,2],[-5,70],[-25,0],[-43,32],[-31,-28],[-69,-15],[-11,-35],[-87,-18],[-69,-2]],[[838,6305],[-17,9],[-26,114],[-39,77],[3,80],[23,58],[39,17],[1,65],[26,78],[77,52],[15,56],[-33,15],[15,37],[-2,62],[-28,98],[33,61],[27,12],[0,45],[18,40],[-3,43],[22,66]],[[989,7390],[80,-23],[44,-38],[15,-43],[46,-59],[-21,-45],[8,-51],[-13,-77],[81,3],[94,-25],[63,-53],[41,-47],[70,-54],[19,-39],[95,-94],[25,-47],[6,-52],[-11,-75],[13,-47],[50,-31],[31,-67]],[[2146,3616],[30,-40],[44,-18],[74,-13],[-25,-47],[110,1],[15,45],[-23,17],[88,39],[25,-18],[31,-57],[2,-70],[-10,-45],[-30,-20],[-93,-16],[-36,36],[9,27],[-32,35],[-68,4],[-83,-38],[-17,-33],[92,-43],[80,-23],[-110,-38],[-67,-42],[-2,-27],[-74,-74],[4,-46],[26,-85],[-23,-29],[18,-41],[-62,-60],[-54,-36],[-5,-37],[45,-19],[-39,-35],[-38,17],[-90,3],[-75,-27],[-11,-24],[-82,-17],[-36,-19],[-81,-86],[-7,-45],[-55,-62]],[[488,2510],[-4,32],[-34,40],[22,57],[47,4],[4,31],[49,30],[-69,89],[-122,21],[6,41],[49,-10],[100,11],[49,-7],[35,69],[-22,28],[-154,7],[3,60],[38,72],[-32,58],[18,32],[-56,40],[8,36],[37,5],[4,34],[-67,18],[-35,34],[9,38],[-8,85],[26,18],[-21,63],[95,44],[-5,29]],[[458,3619],[134,1],[462,-1],[331,0],[301,0],[442,0],[18,-3]],[[1558,6319],[34,-108],[16,-30],[1,-130],[12,-61],[31,-46],[21,-59],[48,-65],[-19,-46],[21,-107],[42,-66],[16,-80],[-5,-103],[-23,-135]],[[1753,5283],[-410,0],[-11,-36],[9,-41],[2,-355]],[[1343,4851],[-45,6],[-25,27],[-58,18],[-66,8],[-17,38],[-54,16],[-45,-8],[-56,18],[-27,29],[5,40],[-41,44],[-56,38],[-19,53],[-29,7],[-16,62]],[[794,5247],[13,23],[-10,49],[15,15],[-16,43],[4,43],[-34,82],[39,12],[8,59],[32,102],[43,53],[4,33],[52,9],[-19,79],[9,114],[22,46],[-30,40],[-26,-17],[-23,31],[-2,41],[27,45],[-35,30],[-5,78],[-24,48]],[[1343,4851],[-1,-306],[55,-86],[-72,2],[-64,-40],[-59,-55],[-39,-51],[-76,-30],[-69,-63],[-35,1],[-72,-41],[-35,-133],[-33,-28],[-103,-7],[-82,-18],[-37,-34],[23,-40],[-31,-40],[-53,-10],[-48,15],[-79,7]],[[433,3894],[-23,80],[27,29],[12,52],[31,24],[-36,36],[35,32],[16,56],[-24,69],[49,8],[30,105],[-4,83],[45,36],[92,33],[6,45],[-31,29],[-9,99],[-45,100],[17,66],[-22,48],[17,65],[-15,59],[39,100],[79,45],[46,50],[29,4]],[[3808,5836],[17,-51],[-33,-35],[9,-57],[80,-64],[69,-21],[91,-52],[68,-64],[26,-66],[-52,-67],[-3,-73],[29,-50],[83,-55],[56,-8],[8,-126],[-126,-190],[-36,-31],[-55,-73],[-16,-67],[-142,-77],[-228,-73],[-208,-40],[-245,-39],[-164,-9],[-81,8],[-64,22],[-16,26],[-56,3],[26,-43],[-21,-42],[41,-81],[34,-14],[-14,-104],[-50,-13],[-13,-95],[-30,-30],[20,-41],[39,-36],[-1,-41],[-21,-35],[-98,-47],[-18,0]],[[2713,3885],[-15,28],[-61,52],[-71,12],[-1,384]],[[2565,4361],[1,292],[-1,273],[0,245],[1,389]],[[2566,5560],[3,163],[9,9],[121,-1]],[[2699,5731],[288,2],[188,194],[23,35],[102,-17],[44,98]],[[3344,6043],[44,-38],[120,-76],[30,4],[32,-24],[33,5],[25,-30],[33,0],[88,-55],[59,7]],[[2565,4361],[-22,1],[-109,63],[-21,23],[-120,44],[-162,13],[-61,-9],[-73,8],[-78,19],[-109,2],[-43,9],[-21,40],[-103,39],[-31,54],[-94,-11],[-38,44],[-38,15],[-4,29],[40,57],[-35,38],[-100,12]],[[1753,5283],[385,0],[0,277]],[[2138,5560],[428,0]],[[2713,3885],[-75,-32],[-171,-1],[-71,45],[-28,-3],[-61,27],[-93,24],[-27,33],[-58,-35],[-13,-49],[29,-122],[17,-21],[-16,-135]],[[458,3619],[-40,105],[19,15],[-13,55],[9,100]],[[1725,6426],[116,-15],[54,17],[74,-4]],[[1969,6424],[43,-8],[70,-41],[34,-74],[59,11],[17,-72],[-43,-146],[-22,-36],[11,-210],[0,-288]],[[2892,6903],[-9,-83],[56,-60],[9,-32],[-64,-227],[-29,-32],[13,-69],[-9,-47],[35,-28],[42,-61],[46,-102],[-8,-47],[-39,-32],[-236,-352]],[[1969,6424],[-2,219],[60,188],[32,77]],[[2059,6908],[66,21],[49,51],[-4,74],[19,15]],[[2189,7069],[159,37],[49,-12],[33,-39],[49,-13],[64,1],[29,-34],[229,1],[52,-9],[39,-98]],[[1895,7985],[-27,-72],[77,-56],[-3,-51],[-82,-113],[52,-34],[14,-62],[27,-42],[31,-5],[32,-63],[56,52],[46,-13]],[[2118,7526],[22,-101],[0,-57],[-25,-45],[22,-22],[14,-158],[38,-74]],[[2059,6908],[-83,177],[-15,70],[-83,77],[-59,30],[5,31],[-35,38],[-28,58],[-98,38],[-53,-25],[-130,5],[-31,-12],[-34,73],[-31,-10],[-91,45],[5,65],[-18,6],[-88,-15],[-72,5]],[[1120,7564],[51,105],[15,54],[38,26],[34,-16],[17,24],[46,8],[4,49],[-63,89],[-1,68],[39,35],[-20,117],[-15,26],[-12,63],[28,76]],[[1281,8288],[173,-34],[303,4],[33,-56],[-7,-40],[-78,-31],[7,-46],[91,-134],[53,59],[39,-25]],[[2112,9137],[-12,-59],[-26,-57],[29,-120],[55,-26],[-9,-57],[23,-16],[18,-50],[55,10],[49,-42],[30,28],[42,-10],[6,-178],[-29,-54],[-72,-41],[-17,-25],[-48,43],[-21,-37],[-33,8],[-36,30],[-25,-13],[-77,26],[-45,70],[0,22],[-51,24],[-15,36],[8,91],[-47,32],[-44,14],[-13,-53],[16,-46],[-3,-89],[-30,-49],[-33,-3],[-64,48],[-59,64],[-40,26]],[[1594,8684],[59,203],[-45,50],[39,46],[1,36],[60,25],[25,65],[80,21],[21,21],[14,71],[37,-11],[88,-78],[41,8],[98,-4]],[[989,7390],[59,53],[30,59],[32,20],[10,42]],[[2829,9034],[0,-301],[0,-156]],[[2829,8577],[1,-78],[-267,-349]],[[2563,8150],[-133,2],[-72,14],[-53,-118],[-16,-54]],[[2289,7994],[-71,3],[-33,-16],[-131,42],[-66,2],[-6,-50],[-87,10]],[[1281,8288],[29,7],[-23,64],[-27,27],[19,55],[60,60],[192,85],[40,24],[23,74]],[[2112,9137],[43,1],[109,-32],[3,-36],[37,-56],[-7,-24],[25,-34],[49,87],[54,120],[51,-12],[26,15],[210,-2],[4,-31],[44,-55],[69,-44]],[[2563,8150],[413,-1],[8,-22],[4,-291],[-1,-335]],[[2987,7501],[-39,-254],[-56,-344]],[[2118,7526],[42,40],[-17,40],[1,41],[46,46],[50,136],[44,37],[-5,65],[10,63]],[[3832,7810],[-77,-83],[14,-36]],[[3769,7691],[-72,-46],[18,-81],[-12,-62]],[[3703,7502],[-296,-1],[-420,0]],[[2829,8577],[80,-27],[60,-34],[32,-40],[19,1],[34,-40],[56,-9],[46,-66],[36,-31],[101,-57],[63,-78],[17,-48],[35,-8],[91,-88],[1,-29],[66,-21],[16,-41],[50,12],[49,-30],[22,-27],[76,-55],[53,-51]],[[2829,9034],[76,-115],[21,-41],[84,-69],[30,-34],[51,-21],[47,-35],[26,-55],[43,-19],[61,-9],[67,-31],[74,4],[145,-98],[29,-36],[86,-44],[48,-36],[90,-24],[35,-36],[22,14],[118,-66],[50,-73],[-17,-48],[-32,-16],[-31,-93],[-56,-35],[-18,-38],[-12,-71],[11,-19],[-45,-80]],[[4432,7686],[-13,-33],[40,-83],[5,-43],[22,-40],[32,-26]],[[4518,7461],[-36,-31],[8,-31],[-43,-3],[-29,-58],[-41,-43],[-58,-86],[-43,-22],[-23,-50],[-105,-122],[-42,-11],[-16,-52],[-45,-45],[-35,-14],[-2,-38],[-50,-43],[-9,-29],[20,-43]],[[3969,6740],[-46,39],[-20,51],[-48,53],[-93,22],[-62,-21],[-32,6],[-60,-39],[-37,10],[-69,-8]],[[3502,6853],[16,90],[-16,37],[18,73],[11,99],[88,65],[28,110],[0,126],[42,22],[14,27]],[[3769,7691],[23,10],[123,5],[82,-20],[44,-22],[34,3],[49,-23],[63,17],[42,-23],[57,14],[45,-34],[22,52],[46,25],[33,-9]],[[3969,6740],[0,-46],[-25,-92],[-43,-64],[23,-23],[-16,-67],[-39,-27],[14,-22],[-10,-50],[22,-43],[-30,-50],[18,-156],[-59,-6],[-7,-62],[-28,-42],[-7,-65],[23,-49],[3,-40]],[[3344,6043],[-51,38],[-46,77],[-23,79],[11,34],[2,129],