{"type":"Topology","transform":{"scale":[0.002228027579253085,0.0024220955999198963],"translate":[112.91944420708445,-43.640256835855595]},"arcs":[[[13399,14148],[-18,-22],[-46,0],[4,22],[60,0]],[[16917,3490],[42,28]],[[16959,3518],[25,-25],[-67,-3]],[[10806,11579],[39,-24],[-4,-81],[-33,26],[-25,49],[23,30]],[[10484,12346],[-14,-43],[-42,41],[19,30],[37,-28]],[[10683,12367],[-18,-29],[22,-35],[48,5],[8,-35],[-43,-27],[-25,-39],[39,-32],[75,-34],[-25,-26],[-77,17],[-41,-10],[-81,27],[-23,90],[25,64],[58,11],[-6,55],[64,-2]],[[7839,13282],[35,-51],[-6,-41],[46,-4],[35,-41],[-60,-15],[-85,28],[-100,-25],[-6,66],[58,8],[-8,90],[39,39],[27,4],[25,-58]],[[7893,13361],[97,-43],[56,9],[19,21],[52,-15],[101,58],[83,-15],[25,-58],[0,-46],[-17,-47],[-24,10],[-38,-58],[-87,-44],[-54,-39],[-130,56],[-58,51],[-29,7],[-7,44],[-22,24],[-30,103],[15,34],[48,-52]],[[11257,11188],[0,-372],[0,-364],[0,-245],[0,-364],[0,-244],[0,-367],[0,-364],[0,-245],[0,-364],[0,-489],[0,-486]],[[11257,7284],[-252,0],[-506,0],[-378,0],[-505,0],[-378,0],[-506,0],[-253,0],[-377,0],[-379,0],[-506,0]],[[7217,7284],[0,287],[0,430],[0,288],[0,286],[0,287],[0,430],[0,433],[0,287],[0,286],[0,287],[0,431],[0,287],[0,430],[0,145]],[[7217,11878],[41,-11],[77,-87],[-19,109],[48,-7],[66,-30],[17,-30],[62,-29],[-16,55],[24,79],[-60,85],[-78,56],[31,79],[53,54],[77,30],[-2,61],[46,45],[-15,33],[25,70],[58,-9],[75,30],[52,71],[-60,55],[6,88],[52,2],[45,30],[-2,69],[48,28],[50,-22],[26,101],[73,0],[13,-41],[41,23],[-35,34],[41,28],[50,-14],[8,91],[73,-27],[23,15],[105,-52],[131,11],[35,19],[83,-34],[98,58],[6,-24],[159,66],[9,82],[-27,34],[45,55],[-64,28],[-25,45],[-35,15],[-83,-8],[-56,-28],[-72,55],[-5,60],[36,45],[41,-45],[0,-36],[44,11],[-7,38],[48,26],[40,-26],[41,-8],[89,-112],[102,45],[16,19],[62,-66],[-2,-21],[50,-64],[62,-18],[154,-25],[62,43],[43,-9],[-24,-49],[43,-22],[58,24],[31,-11],[31,-72],[34,36],[43,-32],[64,-9],[38,7],[43,36],[31,4],[48,-76],[39,-3],[56,-49],[75,17],[21,37],[120,14],[12,58],[63,5],[12,-52],[-52,-40],[29,-45],[31,6],[48,49],[29,-47],[35,-87],[63,2],[49,19],[35,66],[-12,22],[-43,-4],[-25,21],[54,47],[66,43],[37,-20],[27,-75],[44,-44],[83,25],[25,-64],[-56,-38],[-56,-84],[-36,-27],[-6,-35],[-52,13],[38,-71],[-11,-79],[-60,-36],[-41,32],[-44,-28],[-56,13],[-35,-6],[-56,-47],[-17,-113],[42,-62],[31,-18],[-6,-44],[-31,-24],[-7,-98],[-56,-19],[-49,-67],[-23,-11],[-48,-76],[-56,-39],[25,-85],[48,-43],[41,-7],[29,-25],[69,-32],[39,-37],[50,-19],[81,-47],[18,-60],[60,-21],[87,-54],[71,-61],[46,-3],[53,18],[25,-24],[69,-26],[72,-57],[77,-18],[97,-36],[54,-75],[60,-44]],[[8828,13460],[-2,-47],[20,-39],[-12,-28],[-50,62],[8,49],[36,3]],[[19,7496],[37,-60],[4,-36],[37,-69],[-41,-23],[-42,69],[-14,102],[19,17]],[[1119,9415],[-45,15],[39,45],[31,-23],[-25,-37]],[[5227,11718],[2,-48],[-44,20],[42,28]],[[5517,12038],[-2,-45],[-52,-12],[14,59],[40,-2]],[[7217,7284],[0,-295],[0,-440],[0,-293],[0,-442],[0,-440],[0,-439]],[[7217,4935],[-125,-47],[-29,-19],[-286,-98],[-114,-17],[-105,-35],[-108,-27],[-106,-11],[-168,-6],[-139,13],[-54,17],[-110,-13],[-60,-24],[-149,-89],[-91,-22],[-152,-56],[-43,-40],[-87,-28],[-158,-21],[-85,-47],[-33,-35],[-39,-87],[-23,-84],[-89,-61],[-8,-33],[-71,-34],[-106,-11],[-35,-34],[-54,-6],[-27,51],[-29,7],[-81,-18],[-105,3],[-21,-26],[-77,19],[-35,-4],[-52,-40],[-39,23],[-42,56],[-35,0],[-56,-28],[-124,32],[-90,2],[-76,-23],[-29,12],[-139,-19],[-102,-2],[-64,-32],[-64,13],[-71,-5],[-37,11],[-110,-28],[-100,-62],[-33,-40],[-12,-41],[-94,-77],[-64,21],[-83,11],[-27,-25],[-66,-22],[0,-32],[-110,-32],[-41,-45],[-2,-36],[-54,0],[-65,-32],[-122,-15],[-16,-19],[-65,10],[-89,-13],[-50,22],[-74,8],[-23,-23],[-46,17],[-72,-15],[-40,15],[-60,-4],[-85,12],[0,26],[-201,45],[-37,43],[-85,75],[-60,40],[-145,60],[-81,-19],[-42,34],[-20,75],[-5,92],[13,32],[-15,42],[40,60],[33,-34],[93,-11],[48,20],[105,128],[3,107],[-31,137],[49,70],[15,43],[-17,21],[21,77],[-13,52],[7,53],[-27,117],[-102,142],[-64,128],[-58,68],[-54,126],[-12,64],[-25,56],[4,36],[-21,47],[10,52],[-8,102],[15,73],[-67,160],[-81,75],[-33,53],[6,52],[-26,57],[-50,48],[-50,72],[-64,51],[-31,99],[20,73],[-31,100],[-27,54],[-112,164],[-78,100],[-131,114],[-25,66],[40,2],[37,34],[21,-40],[45,-43],[2,-86],[36,-17],[74,1],[33,44],[0,62],[-45,43],[-44,8],[-50,54],[-8,62],[-64,98],[23,54],[54,-24],[10,-30],[54,-38],[12,-37],[-22,-109],[41,-25],[37,68],[40,-119],[51,-48],[56,30],[13,24],[-21,51],[17,54],[-17,25],[31,65],[-45,23],[-104,141],[-56,115],[-50,26],[-35,88],[-4,68],[-73,81],[-22,49],[-3,67],[21,43],[-8,40],[21,34],[29,84],[33,55],[68,49],[15,77],[-17,67],[27,36],[-2,73],[-19,45],[-39,42],[-12,47],[39,43],[31,58],[64,156],[29,38],[67,28],[-36,-158],[42,-68],[-25,-24],[2,-43],[81,22],[29,-13],[33,98],[93,165],[127,62],[79,12],[54,28],[103,34],[67,71],[91,45],[43,62],[98,40],[33,58],[43,-8],[65,17],[68,36],[71,49],[41,-36],[29,-2],[77,38],[89,-40],[110,4],[39,21],[40,-6],[66,21],[46,52],[105,61],[79,-8],[124,22],[34,-3],[58,22],[64,89],[54,33],[52,4],[105,-22],[54,-23],[67,40],[234,26],[187,60],[134,53],[108,67],[54,49],[93,117],[58,118],[54,53],[19,80],[43,-1],[52,33],[17,27],[72,51],[46,18],[17,62],[-69,38],[-2,83],[-27,56],[2,96],[11,34],[43,45],[4,24],[87,71],[44,55],[60,0],[25,75],[58,38],[12,39],[38,-2],[-17,-65],[62,-62],[38,-81],[35,-36],[56,-124],[52,-47],[29,28],[35,73],[-29,36],[-2,30],[35,12],[52,-55],[10,98],[-37,62],[-52,32],[-23,39],[50,34],[25,64],[-52,6],[-19,45],[19,22],[81,-4],[12,-60],[40,-24],[58,51],[66,-21],[25,-41],[54,-6],[19,24],[39,-18],[68,-2],[-12,30],[-87,-2],[-10,49],[20,24],[42,-9],[33,34],[-4,43],[-31,7],[-60,92],[10,79],[31,38],[71,-15],[31,53],[-15,50],[77,-26],[66,-39],[29,-36],[19,62],[-23,28],[-50,-24],[-27,35],[-12,45],[58,4],[27,30],[97,-2],[50,-28],[11,49],[-46,9],[8,51],[-48,15],[-24,41],[47,59],[50,2],[66,41],[38,-15],[14,51],[-14,64],[47,-14],[-14,-33],[10,-61],[52,31],[19,-66],[39,30],[52,4],[-13,35],[21,30],[4,51],[32,13],[-15,49],[-46,0],[40,64],[54,-73],[14,-49],[37,66],[42,32],[41,-66],[44,-13],[56,41],[-17,34],[54,26],[-31,57],[91,28],[54,-49],[25,-53],[56,30],[23,-22],[62,-8],[27,-39],[73,-47],[41,-43],[54,-78],[104,-71],[35,-39],[-54,-160],[17,-43],[51,9],[-10,62],[58,60],[33,-47],[29,4],[-25,60],[15,32],[41,17],[135,-36],[75,-13]],[[16366,3424],[-79,-10],[-29,-26],[4,-36],[-29,-45],[6,-94],[-26,-26],[-42,13],[-79,94],[-2,70],[25,73],[137,73],[58,-54],[56,-32]],[[16917,3490],[-56,-49],[2,-28],[-37,-38],[0,-34],[-45,-64],[-40,-21],[6,-37],[-31,-47],[-18,-98],[8,-52],[-27,-27],[-6,-75],[-63,-109],[-4,-71],[42,-70],[-21,-39],[4,-100]],[[16631,2531],[-582,216],[-205,75],[-44,8],[44,66],[-30,22],[-56,139],[-14,74],[-114,47],[-83,-23],[-33,23],[-40,-10],[-24,-45],[-98,13],[-21,-24],[-103,2],[-94,41],[-93,6],[-27,-28],[-174,15],[-29,22],[-79,-2],[-77,51],[-89,-11],[-70,7],[-93,-5],[-54,-87],[-67,-24],[-62,28],[-81,64],[-31,56],[-35,11],[-79,66],[-45,13],[-119,64],[-70,25],[-13,49],[-64,18],[-33,92],[10,64],[-89,42],[-99,17],[-71,31],[-23,-7],[-14,-55],[-62,-16],[-44,75],[-33,24],[-19,79],[-39,32],[-8,30],[-65,9],[-18,23],[-174,-6],[-44,-35],[-149,58],[-85,4],[-21,18]],[[12603,3972],[0,386],[0,259],[0,391],[0,259],[0,260],[0,259],[0,259]],[[12603,6045],[438,0],[435,0],[435,0],[436,0],[437,0],[435,0],[436,0],[526,0],[34,19],[20,43],[145,70],[32,39],[49,8],[50,-27],[23,10],[118,2],[124,28],[69,-47],[172,0],[95,-36],[6,-39],[46,-8],[56,-30],[15,-77],[24,-26],[67,45],[14,43],[79,28],[15,-24],[107,17],[29,86],[-47,57],[39,30],[79,20],[81,34],[39,40],[42,-30],[74,-10],[62,13],[110,-5],[27,32],[85,9],[56,38]],[[18217,6397],[25,-12],[13,-60],[-13,-58],[6,-53],[25,-30],[-12,-84],[-69,-70],[-12,-52],[-37,-66],[10,-62],[-19,-43],[0,-51],[-29,-102],[-27,-37],[-4,-59],[-66,-131],[-25,-100],[8,-41],[38,-41],[-13,-59],[-35,-35],[-2,-64],[-27,-42],[8,-26],[-39,-36],[0,-30],[-69,-99],[-39,-26],[-44,-89],[5,-109],[-102,-54],[-56,-53],[10,-30],[-93,-17],[-83,-39],[-58,-70],[-25,-60],[-56,-26],[-2,-51],[-27,-55],[-37,-37],[-33,-87],[0,-63],[-48,-16],[4,-37],[-64,-38],[-46,-54],[-4,-64],