{"type":"Topology","transform":{"scale":[0.00224325339187325,0.0017488982427453018],"translate":[44.77455855303475,38.3961429017017]},"arcs":[[[114,1515],[-23,-7],[-8,15],[26,9],[5,-17]],[[199,1477],[-15,-5],[2,16],[13,-11]],[[444,1622],[-51,-40],[-95,-123]],[[298,1459],[-27,36]],[[271,1495],[4,134],[-51,7],[-80,53]],[[144,1689],[68,54],[96,-8],[114,-50],[22,-63]],[[581,1287],[56,-38],[-31,-45],[41,-41],[-31,-70]],[[616,1093],[-90,4],[-29,-30]],[[497,1067],[-31,20]],[[466,1087],[16,62],[-7,68],[32,19]],[[507,1236],[74,51]],[[466,1087],[-131,82],[-68,134],[47,42]],[[314,1345],[99,-76],[10,119]],[[423,1388],[84,-113],[0,-39]],[[709,1311],[-17,-25],[-22,30],[18,17]],[[688,1333],[21,-22]],[[709,1311],[47,-4]],[[756,1307],[15,-79],[-51,-55],[-32,-98]],[[688,1075],[-72,18]],[[581,1287],[62,24],[27,82]],[[670,1393],[18,-60]],[[958,1192],[-174,-96]],[[784,1096],[-46,-28],[-50,7]],[[756,1307],[32,62],[97,100]],[[885,1469],[-13,-114],[71,-81],[15,-82]],[[784,1096],[-15,-48],[15,-55],[46,9],[56,-66]],[[886,936],[-29,-9]],[[857,927],[-58,-34],[-52,0]],[[747,893],[-108,-37],[-103,-22],[-42,-34]],[[494,800],[-108,132],[104,-9],[47,122],[-40,22]],[[971,1363],[34,-3],[-27,-28],[-7,31]],[[271,1495],[-72,2],[-15,82],[-60,20],[-23,56],[43,34]],[[423,1388],[7,31],[70,73],[66,-1],[72,76]],[[638,1567],[47,-68],[-15,-106]],[[821,1551],[51,-21],[13,-61]],[[638,1567],[-53,27]],[[585,1594],[63,7],[46,-46],[74,-40],[53,36]],[[314,1345],[46,29],[-62,85]],[[444,1622],[88,-37],[53,9]],[[961,1438],[148,-70]],[[1109,1368],[-24,-129]],[[1085,1239],[-31,-44],[-76,-40]],[[978,1155],[-20,37]],[[885,1469],[76,-31]],[[2044,726],[-1,84]],[[2043,810],[-29,80]],[[2014,890],[59,162],[-3,93],[69,35],[43,-13],[89,34],[-80,33]],[[2191,1234],[9,18]],[[2200,1252],[48,-12],[105,11],[82,-50],[55,-75],[-58,-13],[-150,15],[-51,-53],[-90,-34],[-38,-36],[-26,-64],[22,-30],[-55,-185]],[[2014,890],[-55,110],[-73,9],[-69,96]],[[1817,1105],[38,-21],[146,122]],[[2001,1206],[61,14],[37,61]],[[2099,1281],[47,-53],[45,6]],[[1031,1013],[63,1]],[[1094,1014],[-57,-72],[-3,-68],[75,3],[-6,-42]],[[1103,835],[-41,-16],[-68,31],[-68,-50]],[[926,800],[32,62],[-45,48],[-56,17]],[[886,936],[23,67],[85,37],[37,-27]],[[1226,1353],[28,-70]],[[1254,1283],[-1,-65]],[[1253,1218],[-47,-5],[19,-72]],[[1225,1141],[-35,-53]],[[1190,1088],[-105,151]],[[1109,1368],[117,-15]],[[1649,1107],[-15,-31]],[[1634,1076],[-51,43],[-2,44],[-63,-14],[-45,24],[13,49]],[[1486,1222],[65,57],[70,40],[22,52]],[[1643,1371],[30,-47],[-41,-83],[96,-45],[-58,-38],[-21,-51]],[[2043,810],[-41,36],[-159,17]],[[1843,863],[-31,56],[-76,28],[-3,32],[-91,17]],[[1642,996],[-8,80]],[[1649,1107],[88,-37],[34,44]],[[1771,1114],[46,-9]],[[1677,42],[14,39],[58,25]],[[1749,106],[76,12]],[[1825,118],[3,-96],[-43,6],[-76,-28],[-32,42]],[[1190,1088],[18,-26]],[[1208,1062],[-75,-52],[-39,4]],[[1031,1013],[-4,77],[-49,65]],[[1345,982],[11,-50],[-30,-100],[63,-47],[-46,-64]],[[1343,721],[-72,-49]],[[1271,672],[0,23],[-71,72]],[[1200,767],[-9,51],[80,38],[58,152]],[[1329,1008],[16,-26]],[[1607,701],[24,23],[66,-6]],[[1697,718],[83,-26]],[[1780,692],[-2,-113]],[[1778,579],[-36,6],[-18,-54],[-59,33],[-59,-47],[-22,43]],[[1584,560],[-5,23],[-118,134],[-42,33]],[[1419,750],[27,3],[113,-84],[48,32]],[[1016,612],[49,-47],[44,-10]],[[1109,555],[-71,-33],[-37,-68],[-68,-14]],[[933,440],[-20,36]],[[913,476],[-53,79],[13,28]],[[873,583],[43,35],[61,-57],[39,51]],[[1778,579],[-21,-31],[11,-119]],[[1768,429],[-117,-92]],[[1651,337],[-79,19]],[[1572,356],[-13,51],[-75,73],[9,35],[91,45]],[[1919,1693],[41,-124]],[[1960,1569],[-41,26],[-60,-10],[-6,-61],[-48,-44],[9,-53]],[[1814,1427],[-28,-21]],[[1786,1406],[-45,23]],[[1741,1429],[-7,61],[26,35],[-36,39],[47,62],[-1,62]],[[1770,1688],[149,5]],[[1271,672],[-112,-66],[-50,-51]],[[1016,612],[17,102],[98,36]],[[1131,750],[69,17]],[[1450,1210],[-16,-40]],[[1434,1170],[-181,48]],[[1254,1283],[65,20]],[[1319,1303],[121,-28],[10,-65]],[[1579,940],[-30,-35]],[[1549,905],[-4,-111],[48,-28],[14,-65]],[[1419,750],[-76,-29]],[[1345,982],[27,-7]],[[1372,975],[104,-3],[103,-32]],[[1611,1459],[44,-38],[-12,-50]],[[1486,1222],[-36,-12]],[[1319,1303],[110,119],[-14,55],[37,48]],[[1452,1525],[159,-66]],[[1642,996],[-63,-56]],[[1372,975],[41,38],[-4,83]],[[1409,1096],[25,74]],[[1838,283],[-28,-41],[15,-124]],[[1749,106],[-15,88],[-39,26],[7,49]],[[1702,269],[48,-18],[88,32]],[[1988,435],[-39,-42],[-39,51],[-41,6],[-22,-145]],[[1847,305],[-28,116]],[[1819,421],[75,79],[94,-65]],[[1768,429],[51,-8]],[[1847,305],[-9,-22]],[[1702,269],[-20,42]],[[1682,311],[-31,26]],[[1677,42],[-54,85],[-47,-10],[-38,64]],[[1538,181],[45,65],[99,65]],[[2011,636],[55,-70],[-72,-43],[-6,-88]],[[1778,579],[57,-34],[72,114],[30,-34],[74,11]],[[1771,1114],[-16,132],[8,83],[35,24]],[[1798,1353],[203,-147]],[[1960,1569],[11,-47],[78,-99]],[[2049,1423],[-58,-9],[-82,32],[-95,-19]],[[1549,905],[71,12],[127,-83],[4,-69],[-54,-47]],[[1843,863],[27,-131],[-90,-40]],[[2044,726],[-33,-90]],[[1786,1406],[12,-53]],[[1611,1459],[130,-30]],[[2099,1281],[22,15]],[[2121,1296],[79,-44]],[[1409,1096],[-96,-3],[-88,48]],[[2049,1423],[75,-55],[-3,-72]],[[1538,181],[-94,62],[20,73],[82,14],[26,26]],[[1329,1008],[-121,54]],[[1131,750],[12,24],[-40,61]],[[863,1966],[-4,-32],[-59,-46],[-36,-55],[-93,-18]],[[671,1815],[-39,23],[7,83],[40,-3],[59,80],[42,-5],[28,-54],[55,27]],[[1355,1602],[50,-23]],[[1405,1579],[47,-54]],[[1226,1353],[20,19]],[[1246,1372],[56,235]],[[1302,1607],[53,-5]],[[1246,1372],[-83,52],[-50,77],[43,138]],[[1156,1639],[89,-33],[57,1]],[[1072,1770],[-16,-44],[-112,-60],[-35,-55],[0,-49],[50,-59],[2,-65]],[[821,1551],[32,100],[-26,36]],[[827,1687],[52,94],[81,-3],[45,29]],[[1005,1807],[67,-37]],[[1072,1770],[40,-108],[44,-23]],[[1405,1579],[205,148],[84,38]],[[1694,1765],[45,-76],[31,-1]],[[1355,1602],[84,94],[23,57],[66,18],[75,50],[41,80]],[[1644,1901],[50,-136]],[[1644,1901],[52,71],[34,-25],[189,-254]],[[827,1687],[-149,94],[-7,34]],[[863,1966],[80,-67],[62,-92]],[[873,583],[-41,39]],[[832,622],[42,60]],[[874,682],[24,38]],[[898,720],[52,7],[-24,73]],[[787,778],[-4,-81],[91,-15]],[[832,622],[-72,-13]],[[760,609],[21,44],[-81,46],[-62,-18],[-72,57],[-29,47],[-43,15]],[[747,893],[40,-115]],[[913,476],[-63,-57],[-37,53]],[[813,472],[-46,58],[-54,32],[47,47]],[[787,778],[71,3],[40,-61]],[[933,440],[-55,-72],[-102,-90],[-18,46],[2,87],[53,61]],[[22,706],[-22,41],[80,19]],[[80,766],[-58,-60]],[[443,310],[-21,40],[52,130],[28,33]],[[502,513],[38,-34],[-12,-47],[79,-165],[-164,43]],[[219,684],[-27,-69],[12,-85],[-52,-8]],[[152,522],[-71,72],[-31,98],[-28,14]],[[80,766],[36,20],[48,-49],[11,-68],[44,15]],[[290,628],[-30,-35],[85,-83]],[[345,510],[-8,-25]],[[337,485],[-80,-1],[13,-36],[39,5]],[[309,453],[37,-89],[-7,-37]],[[339,327],[-43,21],[-40,91],[-76,32],[-28,51]],[[219,684],[71,-56]],[[443,310],[-104,17]],[[309,453],[28,32]],[[345,510],[96,41]],[[441,551],[61,-38]],[[290,628],[129,43],[33,-12],[-11,-108]]],"objects":{"AZE.geo":{"type":"GeometryCollection","geometries":[{"arcs":[[0]],"type":"Polygon","properties":{"name":"Qazax","postal":"QZ"},"id":"AZE"},{"arcs":[[1]],"type":"Polygon","properties":{"name":"Qazax","postal":"QZ"},"id":"AZE"},{"arcs":[[2,3,4,5]],"type":"Polygon","properties":{"name":"Agstafa","postal":"AF"},"id":"AZE"},{"arcs":[[6,7,8,9,10]],"type":"Polygon","properties":{"name":"Daskasan","postal":"DS"},"id":"AZE"},{"arcs":[[-10,11,12,13]],"type":"Polygon","properties":{"name":"Gadabay","postal":"GD"},"id":"AZE"},{"arcs":[[14,15]],"type":"Polygon","properties":{"name":"Ganca","postal":"GA"},"id":"AZE"},{"arcs":[[-15,16,17,18,-7,19,20]],"type":"Polygon","properties":{"name":"Xanlar","postal":"XR"},"id":"AZE"},{"arcs":[[21,22,-18,23,24]],"type":"Polygon","properties":{"name":"Goranboy","postal":"GR"},"id":"AZE"},{"arcs":[[-19,-23,25,26,27,28,29,-8]],"type":"Polygon","properties":{"name":"Kalbacar","postal":"KA"},"id":"AZE"},{"arcs":[[30]],"type":"Polygon","properties":{"name":"Mingaçevir","postal":"MI"},"id":"AZE"},{"arcs":[[31,-5]],"type":"Polygon",