{"type":"Topology","transform":{"scale":[0.002536949980532908,0.0022898650978771117],"translate":[-5.52257808491072,9.391882629479767]},"arcs":[[[2662,1015],[12,-63],[64,-51]],[[2738,901],[-61,-90],[-44,16],[-48,-103],[-53,-25],[-89,-2],[-74,-24],[-44,40]],[[2325,713],[48,30],[31,127],[-18,120]],[[2386,990],[65,34],[66,79],[95,-37],[50,-51]],[[2386,990],[-169,55],[-21,-15]],[[2196,1030],[-13,41],[-50,34]],[[2133,1105],[11,55],[44,33],[-44,47]],[[2144,1240],[37,42],[95,20],[39,31]],[[2315,1333],[51,30],[96,-76],[62,110],[47,32],[41,-4],[21,41],[44,11]],[[2677,1477],[4,-32],[-31,-100],[9,-128],[43,-17],[-11,-108],[-29,-77]],[[608,1110],[12,-36]],[[620,1074],[-16,-93],[8,-43],[48,-79],[-13,-70],[101,-100],[15,1]],[[763,690],[-55,-63]],[[708,627],[-73,-61],[-75,39],[-63,-34],[-55,24],[-33,50],[-70,-40],[-52,41]],[[287,646],[14,53],[40,52],[-54,59],[25,66],[71,41],[-30,117],[-4,98],[-37,23]],[[312,1155],[31,15]],[[343,1170],[74,-3],[13,-35],[-23,-97],[72,-9],[27,69],[102,15]],[[287,646],[-67,8],[-38,-25]],[[182,629],[-50,-10],[-87,101],[-38,3]],[[7,723],[72,38],[41,126],[-6,67],[-29,23],[15,93],[40,44],[172,41]],[[503,1457],[36,-21],[2,-104],[56,-18],[26,58],[112,-4],[37,-19]],[[772,1349],[-56,-39],[-44,-100],[-64,-100]],[[343,1170],[26,55],[71,48],[-18,56],[26,42],[-38,50],[32,40],[61,-4]],[[808,1649],[5,-143],[13,-24]],[[826,1482],[-1,-16]],[[825,1466],[-33,-32],[-20,-85]],[[503,1457],[7,96],[-48,74],[80,79],[17,37],[47,6],[73,-22],[80,-64],[49,-14]],[[1026,1162],[94,-193]],[[1120,969],[6,-41],[56,-46],[-39,-39],[-37,6],[-35,-45]],[[1071,804],[-21,24]],[[1050,828],[12,101],[-78,23],[-99,-49],[-45,92],[-77,38]],[[763,1033],[-10,22],[48,74],[52,5],[27,-37],[51,24],[-8,62],[103,-21]],[[1057,1299],[-16,-47],[35,-63],[-50,-27]],[[763,1033],[-73,-15],[-70,56]],[[825,1466],[27,-37],[44,6],[4,-67],[111,-77],[46,8]],[[2257,2203],[-81,-110],[-97,4],[-126,-22]],[[1953,2075],[-27,80],[-58,71],[-39,80],[-63,64]],[[1766,2370],[127,113],[99,1],[28,-34],[64,28],[179,-68],[0,-78],[-26,-81],[20,-48]],[[1953,2075],[-29,-75]],[[1924,2000],[-83,-53],[-118,-39],[-72,-10]],[[1651,1898],[-55,24],[-24,48],[-64,-34],[-20,-42]],[[1488,1894],[-48,74],[2,42],[-87,72]],[[1355,2082],[24,17],[8,108],[15,17],[106,5],[137,96],[121,45]],[[1116,1544],[-8,-52],[29,-32]],[[1137,1460],[-45,-63],[13,-35],[-48,-63]],[[826,1482],[61,86],[119,-13],[32,-21],[78,10]],[[1022,1854],[28,-35],[89,-48],[17,-67]],[[1156,1704],[54,-30],[-38,-59],[-44,0],[-10,-52]],[[1118,1563],[-2,-19]],[[808,1649],[18,46],[70,8],[-14,110],[10,50],[53,8],[23,-30],[54,13]],[[1651,1898],[18,-39],[-28,-98],[33,-60],[-9,-66],[-88,-25],[8,-37]],[[1585,1573],[-62,19],[-33,37]],[[1490,1629],[-1,60],[-38,35],[-15,88]],[[1436,1812],[52,82]],[[1412,1435],[44,-40],[15,-49],[-85,-12],[-8,-78],[81,33]],[[1459,1289],[9,-53],[-28,-34]],[[1440,1202],[-68,-71]],[[1372,1131],[-78,-31]],[[1294,1100],[-5,-4]],[[1289,1096],[-86,45],[-2,66],[31,30],[-7,96],[61,39],[-20,50]],[[1266,1422],[53,22],[93,-9]],[[1548,1433],[-49,-48],[15,-72],[-55,-24]],[[1412,1435],[0,52],[82,45]],[[1494,1532],[27,-15],[27,-84]],[[1758,1219],[69,-130]],[[1827,1089],[-73,18],[-60,-41],[-48,-109]],[[1646,957],[-113,83],[-61,67],[-71,-9],[-29,33]],[[1440,1202],[61,-38],[101,60],[25,-37],[131,32]],[[1744,1253],[14,-34]],[[1548,1433],[79,-91],[58,-12],[-9,-45],[68,-32]],[[1565,1534],[71,-20],[135,-84],[75,-62]],[[1846,1368],[-55,0],[-32,-33],[-15,-82]],[[1494,1532],[71,2]],[[1585,1573],[-20,-39]],[[1266,1422],[-50,-14],[-38,86],[-41,-34]],[[1118,1563],[106,3],[71,50],[43,-12]],[[1338,1604],[43,-16],[109,41]],[[1156,1704],[75,41],[64,-24],[58,2],[9,-32],[-24,-87]],[[1289,1096],[-112,-48],[-23,-79],[-34,0]],[[1551,843],[-20,-79],[89,-55]],[[1620,709],[-73,-8],[-446,-5]],[[1101,696],[37,54],[-67,54]],[[1294,1100],[6,-80],[-45,-3],[1,-77],[49,-12],[37,-61],[52,-39],[61,1],[53,34],[43,-20]],[[1646,957],[13,-21]],[[1659,936],[-108,-93]],[[1436,1812],[-93,-6],[-61,193],[-59,32],[-59,-22],[-42,65]],[[1122,2074],[85,61],[122,-54],[26,1]],[[1022,1854],[1,71],[34,106],[65,43]],[[2088,1793],[-27,-36],[-3,-98],[-25,-87],[24,-60],[41,-29],[-3,-99]],[[2095,1384],[-72,-40],[-88,16]],[[1935,1360],[-23,74]],[[1912,1434],[-44,98],[43,53],[10,102],[-39,144],[55,148]],[[1937,1979],[56,-46],[39,-73],[58,-15],[-2,-52]],[[1912,1434],[-66,-66]],[[1924,2000],[13,-21]],[[1994,1134],[33,-73],[50,-12],[56,56]],[[2196,1030],[-47,-27],[-38,-139],[68,-27],[-48,-80]],[[2131,757],[-73,16],[-27,-42],[-87,-36],[-44,5]],[[1900,700],[-29,88]],[[1871,788],[16,34],[62,45],[6,48],[-72,15],[-70,65],[49,73]],[[1862,1068],[41,9],[39,50],[52,7]],[[2325,713],[-194,44]],[[1935,1360],[34,-39],[20,-92],[21,-23],[-16,-72]],[[1862,1068],[-35,21]],[[2095,1384],[-6,-54],[16,-72],[39,-18]],[[1900,700],[-280,9]],[[1659,936],[171,-148],[41,0]],[[974,589],[-105,-65],[-31,24],[-117,-1]],[[721,547],[-13,80]],[[763,690],[33,67],[79,20]],[[875,777],[72,3],[-28,-137],[55,-54]],[[1101,696],[-53,-53],[-22,-67]],[[1026,576],[-52,13]],[[875,777],[29,63],[88,11],[58,-23]],[[182,629],[44,-22],[-14,-86],[-42,-6],[6,-84],[-17,-37]],[[159,394],[-112,3],[-47,54],[22,71],[14,112],[-29,89]],[[721,547],[-2,-77],[-31,-51],[11,-50],[-27,-50],[-59,-10],[-5,-38],[35,-52]],[[643,219],[-67,-42],[-28,10],[-55,-33],[-20,-59],[-71,20],[-40,31],[-40,-11],[-52,74],[-51,13],[-3,68],[-46,53],[-11,51]],[[1026,576],[-5,-33],[46,-106],[30,-253],[-22,-41],[14,-67],[28,-34],[-30,-42],[-57,66],[-38,79],[-52,46],[-55,6],[-44,31],[-107,15],[-91,-24]],[[2403,1556],[-39,-40],[-74,21],[25,-204]],[[2088,1793],[21,32],[92,3]],[[2201,1828],[3,-34],[92,-127],[51,-18],[60,-72],[-4,-21]],[[2691,1505],[-14,-28]],[[2403,1556],[88,21],[69,36]],[[2560,1613],[131,-108]],[[2374,1947],[-173,-119]],[[2257,2203],[73,-81],[-20,-55],[64,-120]],[[2374,1947],[48,-74],[130,-43],[38,-61],[-25,-33],[-5,-123]],[[2691,1505],[91,-83],[115,-19],[57,52],[54,-8],[36,-48],[18,-75],[-70,-18],[1,-33],[126,-179],[-39,-97],[-109,-106],[-53,6],[-110,-25],[-70,29]]],"objects":{"BFA.geo":{"type":"GeometryCollection","geometries":[{"arcs":[[0,1,2,3]],"type":"Polygon","properties":{"name":"Kompienga","postal":"KP"},"id":"BFA"},{"arcs":[[-4,4,5,6,7,8,9]],"type":"Polygon","properties":{"name":"Gourma","postal":"GM"},"id":"BFA"},{"arcs":[[10,11,12,13,14,15,16]],"type":"Polygon","properties":{"name":"Houet","postal":"HO"},"id":"BFA"},{"arcs":[[17,18,19,-15]],"type":"Polygon","properties":{"name":"Kénédougou","postal":"KN"},"id":"BFA"},{"arcs":[[20,21,-17,22]],"type":"Polygon","properties":{"name":"Banwa","postal":"BW"},"id":"BFA"},{"arcs":[[23,24,25,-21,26]],"type":"Polygon","properties":{"name":"Kossi","postal":"KS"},"id":"BFA"},{"arcs":[[27,28,29,30,31]],"type":"Polygon","properties":{"name":"Balé","postal":"BA"},"id":"BFA"},{"arcs":[[32,-32,33,-11,-22,-26,34]],"type":"Polygon","properties":{"name":"Mou Houn","postal":"MO"},"id":"BFA"},{"arcs":[[35,36,37]],"type":"Polygon","properties":{"name":"Oudalan","postal":"OD"},"id":"BFA"},{"arcs":[[38,39,40,41,42,-37]],"type":"Polygon","properties":{"name":"Soum","postal":"SM"},"id":"BFA"},{"arcs":[[43,44,-35,-25,45]],"type":"Polygon","properties":{"name":"Nayala","postal":"NY"},"id":"BFA"},{"arcs":[[46,47,48,-46,-24,49]],"type":"Polygon","properties":{"name":"Sourou","postal":"SR"},"id":"BFA"},{"arcs":[[50,51,52,53,-41]],"type":"Polygon","properties":{"name":"Bam","postal":"BM"},"id":"BFA"},{"arcs":[[54,55,56,57,58,59,60]],"type":"Polygon","properties":{"name":"Boulkiemdé","postal":"BK"},"id":"BFA"},{"arcs":[[61,-55,62,63]],"type":"Polygon","properties":{"name":"Kourwéogo","postal":"KW"},"id":"BFA"},{"arcs":[[64,65,66,-57,67]],"type":"Polygon","properties":{"name":"Bazéga","postal":"BZ"},"id":"BFA"},{"arcs":[[68,-68,-56,-62,69]],"type":"Polygon","properties":{"name":"Kadiogo","postal":"KA"},"id":"BFA"},{"arcs":[[70,71,-70,-64,72]],"type":"Polygon","properties":{"name":"Oubritenga","postal":"OB"},"id":"BFA"},{"arcs":[[-52,73,-73,-63,-61,74,-44,-49,75,76]],"type":"Polygon","properties":{"name":"Passoré","postal":"PA"},"id":"BFA"},{"arcs":[[-76,-48,77]],