{"type":"Topology","transform":{"scale":[0.001579310186264204,0.0019391827618475289],"translate":[88.02178959251563,20.99590766204254]},"arcs":[[[1844,2145],[8,-44],[-22,-47],[42,-51],[93,0],[15,-93],[47,-13],[-22,-98],[38,-54],[-60,-64]],[[1983,1681],[-55,-19],[-38,-40],[-34,-112],[-39,-33],[-63,6],[-42,-81],[23,-41],[-38,-41]],[[1697,1320],[-62,-31],[-32,-49],[-187,23],[108,-61],[89,-17],[24,-24],[-22,-85],[-78,-17]],[[1537,1059],[-57,8],[-54,-47],[-52,50],[-31,-4],[-102,-95],[-34,-4]],[[1207,967],[-63,35],[-83,81],[23,30],[-67,45],[6,24],[-25,95],[-31,17],[-81,87],[-71,28],[32,64],[-9,35]],[[838,1508],[117,-52],[106,18],[3,65],[62,39],[21,57],[-48,55],[-5,50],[26,190],[-57,36],[-30,83],[18,98],[37,46],[-2,41],[39,39]],[[1125,2273],[6,-51],[64,-4],[140,-44],[148,-32],[164,11],[126,-15],[71,7]],[[1207,967],[-22,-80],[38,-60],[17,-67]],[[1240,760],[-90,-104],[23,-82],[-24,-31],[32,-77],[-46,-30],[-56,-7],[-36,-40],[-129,16],[-44,-34],[-19,58],[-112,-19],[-53,13],[-9,83],[-21,45],[13,44],[-56,122],[8,21],[-33,70],[-27,92],[23,55],[-64,60],[5,57],[60,51],[-67,32],[-82,3],[-15,27],[51,89],[-30,1],[-114,94],[34,111],[76,31],[8,53],[-33,28],[36,55]],[[449,1647],[71,-34],[85,16],[88,-103],[145,-18]],[[1641,602],[-34,-72],[-36,38],[70,34]],[[1777,596],[-108,-82],[-34,27],[44,114],[9,58],[-26,88],[-56,28],[13,79],[45,16],[62,-98],[12,-41],[56,-43],[-17,-146]],[[1637,970],[-48,-56],[-48,0],[20,53],[76,3]],[[1537,1059],[36,-55],[-63,-93],[53,-22],[14,-56],[49,-57],[15,-96],[-35,-57],[-62,-58],[-46,6],[-35,-34],[-31,-86],[-62,-36],[-102,32],[18,65],[-75,5],[-34,149],[63,94]],[[2480,371],[29,-55],[-15,-53],[-57,22],[-14,72],[57,14]],[[1938,570],[-15,47],[10,101],[47,-16],[24,-67],[-66,-65]],[[2237,725],[-69,26],[-14,38],[28,31],[56,-55],[-1,-40]],[[2081,1545],[-58,-43],[6,-42],[-53,-45],[-1,-66],[55,-74],[31,-85],[15,-83],[103,21],[46,-104],[101,3],[64,53],[-33,94],[30,49],[94,66],[-15,80],[80,-3],[42,38],[91,-56],[66,-171],[-19,-55],[33,-140],[30,-15],[10,-56],[34,-34],[15,-104],[36,-168],[-25,-21],[35,-125],[-11,-78],[10,-123],[33,-102],[-53,-20],[-22,52],[-64,2],[-64,50],[-55,-23],[-33,-51],[-5,-73],[57,-59],[-46,-34],[-89,82],[-4,75],[-55,64],[29,41],[20,70],[-87,77],[11,38],[-39,127],[-53,78],[-17,78],[-43,63],[-81,86],[-57,37],[-47,-1],[-76,-67],[-39,-50],[-157,17],[-114,104],[-36,84],[-57,75],[25,94],[-35,38],[-7,56],[72,24],[-8,30]],[[1983,1681],[68,-22],[30,-114]],[[1844,2145],[191,24],[149,-35],[60,13],[61,-16],[43,20],[193,7],[170,-55],[98,-62],[13,-46],[-62,-14],[-81,34],[-12,-65],[-51,-120],[-27,-16],[-2,-56],[-100,-15],[-28,-59],[-196,-81],[-147,-2],[-35,-56]],[[449,1647],[4,50],[-166,15],[-47,28],[-166,65],[-74,77],[75,103],[-16,37],[55,14],[26,-33],[51,-3],[65,91],[3,63],[106,11],[118,-17],[72,4],[49,69],[-80,12],[-49,91],[-80,-18],[-73,17],[-67,47],[-3,32],[-122,78],[-51,-15],[-46,68],[57,120],[92,34],[36,55],[83,20],[-23,53],[-68,15],[0,49],[192,-84],[96,-94],[60,20],[-7,50],[37,35],[59,-29],[56,-127],[139,-71],[82,1],[38,-20],[39,49],[-25,45],[60,34],[58,-64],[51,-91],[-27,-35],[30,-106],[-23,-119]]],"objects":{"BGD.geo":{"type":"GeometryCollection","geometries":[{"arcs":[[0,1,2,3,4,5,6]],"type":"Polygon","properties":{"name":"Dhaka","postal":"DA"},"id":"BGD"},{"arcs":[[-5,7,8,9]],"type":"Polygon","properties":{"name":"Khulna","postal":"KH"},"id":"BGD"},{"arcs":[[[10]],[[11]],[[12]],[[13,-8,-4]]],"type":"MultiPolygon","properties":{"name":"Barisal","postal":"BA"},"id":"BGD"},{"arcs":[[[14]],[[15]],[[16]],[[17,-2,18]]],"type":"MultiPolygon","properties":{"name":"Chittagong","postal":"CG"},"id":"BGD"},{"arcs":[[-19,-1,19]],"type":"Polygon","properties":{"name":"Sylhet","postal":"SY"},"id":"BGD"},{"arcs":[[-6,-10,20]],"type":"Polygon","properties":{"name":"Rajshahi","postal":"RJ"},"id":"BGD"}]}}}