{"type":"Topology","transform":{"scale":[0.002802452794813696,0.001881141687068239],"translate":[22.34502323403501,41.239300398770936]},"arcs":[[[1509,929],[-1,-34]],[[1508,895],[8,-131],[24,10]],[[1540,774],[-40,-63],[-61,-15],[-47,-45],[-41,-163]],[[1351,488],[-38,-2],[-54,158],[4,63],[-26,113]],[[1237,820],[87,19],[42,70]],[[1366,909],[58,49],[85,-29]],[[1355,429],[114,-52],[33,-36]],[[1502,341],[-114,-72],[-62,-20],[-1,-34]],[[1325,215],[-50,-43],[-48,54],[-25,-23],[-65,88],[-51,32],[-50,-16],[-9,46]],[[1027,353],[31,45],[7,73]],[[1065,471],[93,36],[59,-70],[41,35],[67,-57],[30,14]],[[1351,488],[4,-59]],[[1065,471],[-86,33],[22,52],[-15,62],[24,47],[-53,27],[-6,110]],[[951,802],[73,13],[64,-19],[81,16]],[[1169,812],[68,8]],[[736,703],[-5,-52],[34,-119],[-17,-90],[4,-64]],[[752,378],[-10,-32],[-75,-79],[-51,-29]],[[616,238],[-89,73],[-20,81],[19,36],[-20,71]],[[506,499],[30,25],[40,89],[-14,61],[110,65],[64,-36]],[[951,808],[0,-6]],[[1027,353],[-56,-58]],[[971,295],[-92,73],[-88,-25],[-39,35]],[[736,703],[-4,103]],[[732,806],[37,19],[73,-40],[78,-1],[31,24]],[[971,295],[9,-92],[18,-52],[4,-115]],[[1002,36],[-95,50],[-104,15],[-23,63],[-87,-16],[-32,16]],[[661,164],[-45,74]],[[1325,215],[41,-105],[-19,-47],[-85,-29],[-118,7],[-95,-41],[-47,36]],[[333,687],[-78,95]],[[255,782],[42,10],[34,90],[46,-27],[69,-7],[-33,-94],[54,-118],[-34,-8],[-100,59]],[[376,1023],[55,-82],[29,23],[122,4]],[[582,968],[63,-81],[2,-67],[85,-14]],[[506,499],[-96,-42]],[[410,457],[-71,146],[-28,0]],[[311,603],[22,84]],[[255,782],[-12,28],[-81,40],[-21,32]],[[141,882],[70,99],[17,55]],[[228,1036],[51,-38],[97,25]],[[311,603],[-77,12],[-54,-19],[-100,145],[-46,0]],[[34,741],[23,126],[84,15]],[[973,1032],[26,-38],[58,-26],[90,-14],[24,-77],[-2,-65]],[[951,808],[-41,69],[-10,52],[42,111],[31,-8]],[[987,1085],[-14,-53]],[[582,968],[18,80]],[[600,1048],[75,8],[56,28],[70,-39],[58,55],[81,1],[47,-16]],[[1049,1303],[-35,-54],[14,-134],[-41,-30]],[[600,1048],[-17,45],[89,25],[5,50],[-44,81],[60,41],[18,50]],[[711,1340],[58,21],[73,-30],[92,3],[115,-31]],[[1120,1292],[-5,-66],[48,-71],[148,-49]],[[1311,1106],[28,-56],[-14,-62],[13,-64],[28,-15]],[[1049,1303],[71,-11]],[[455,1379],[1,-63],[-26,-70],[-50,-68],[-30,-96],[26,-59]],[[228,1036],[-54,46],[-39,59]],[[135,1141],[26,56],[51,48],[40,139]],[[252,1384],[98,23],[105,-28]],[[455,1379],[192,-43],[64,4]],[[410,457],[-38,-19],[-67,15],[-50,-23],[-45,20],[-31,-42]],[[179,408],[-113,65],[-66,98],[59,49],[5,54],[-30,67]],[[135,1141],[-73,47],[-19,93],[-41,84],[17,99],[69,38],[6,59],[30,28],[76,-56],[42,-49],[-49,-19],[-13,-52],[25,-34],[47,5]],[[1976,855],[4,-73],[-54,3],[-83,-87],[-13,-48],[78,-18],[21,-80],[84,-109],[11,-53],[-75,11],[-98,-46],[-92,98],[-81,-5]],[[1678,448],[-10,54],[25,82],[-78,71],[-54,116],[-21,3]],[[1508,895],[42,-18],[40,31],[80,-10],[33,13]],[[1703,911],[42,19],[93,-60],[45,18],[64,-47],[29,14]],[[1678,448],[-39,-46],[-112,-14],[-25,-47]],[[1661,1308],[-99,-114],[0,-40]],[[1562,1154],[-44,-36],[-80,50],[-19,42],[-49,11]],[[1370,1221],[-2,67],[42,-2],[22,55],[-37,37],[51,63]],[[1446,1441],[53,-3],[26,-40],[86,-33],[50,-57]],[[1562,1154],[15,-84],[-68,-141]],[[1311,1106],[-26,51],[33,49],[52,15]],[[1732,1292],[78,-52]],[[1810,1240],[-28,-9],[-32,-161],[-31,-70],[17,-39],[-33,-50]],[[1661,1308],[71,-16]],[[2049,1125],[-78,5],[-94,94],[-30,-23],[-37,39]],[[1732,1292],[35,71],[80,26],[58,72]],[[1905,1461],[90,-12],[16,-62],[86,-46],[127,-11],[9,-100],[-51,-92],[-49,26],[-84,-39]],[[2049,1125],[-51,-105],[-21,-79],[-1,-86]],[[1446,1441],[-23,56]],[[1423,1497],[163,32],[85,33],[80,-29],[47,-57],[97,4],[10,-19]],[[1120,1292],[106,33],[55,74],[77,75],[65,23]],[[661,164],[-54,-12],[-155,-82],[-116,14],[-61,-45],[-62,20],[-3,125],[27,70],[-46,83],[-12,71]]],"objects":{"BGR.geo":{"type":"GeometryCollection","geometries":[{"arcs":[[0,1,2,3,4,5]],"type":"Polygon","properties":{"name":"Sliven","postal":"SL"},"id":"BGR"},{"arcs":[[6,7,8,9,10]],"type":"Polygon","properties":{"name":"Haskovo","postal":"KK"},"id":"BGR"},{"arcs":[[-4,11,-11,12,13,14]],"type":"Polygon","properties":{"name":"Stara Zagora","postal":"SZ"},"id":"BGR"},{"arcs":[[15,16,17,18]],"type":"Polygon","properties":{"name":"Pazardzhik","postal":"PZ"},"id":"BGR"},{"arcs":[[19,-13,-10,20,21,-16,22,23]],"type":"Polygon","properties":{"name":"Plovdiv","postal":"PD"},"id":"BGR"},{"arcs":[[24,25,26,-17,-22]],"type":"Polygon","properties":{"name":"Smolyan","postal":"SM"},"id":"BGR"},{"arcs":[[-9,27,-25,-21]],"type":"Polygon","properties":{"name":"Kardzhali","postal":"KZ"},"id":"BGR"},{"arcs":[[28,29]],"type":"Polygon","properties":{"name":"Grad Sofiya","postal":"SG","name_alt":"Sofia (stolitsa)"},"id":"BGR"},{"arcs":[[30,31,-23,-19,32,33,34,-30,35,36,37]],"type":"Polygon","properties":{"name":"Sofia","postal":"SF"},"id":"BGR"},{"arcs":[[-29,-35,38,39,-36]],"type":"Polygon","properties":{"name":"Pernik","postal":"PN"},"id":"BGR"},{"arcs":[[40,-14,-20,41]],"type":"Polygon","properties":{"name":"Gabrovo","postal":"GB"},"id":"BGR"},{"arcs":[[42,-42,-24,-32,43,44]],"type":"Polygon","properties":{"name":"Lovech","postal":"LV"},"id":"BGR"},{"arcs":[[45,-45,46,47]],"type":"Polygon","properties":{"name":"Pleven","postal":"PV"},"id":"BGR"},{"arcs":[[48,49,-5,-15,-41,-43,-46,50]],"type":"Polygon","properties":{"name":"Veliko Tarnovo","postal":"VT"},"id":"BGR"},{"arcs":[[51,-38,52,53,54]],"type":"Polygon","properties":{"name":"Montana","postal":"MT"},"id":"BGR"},{"arcs":[[-47,-44,-31,-52,55]],"type":"Polygon","properties":{"name":"Vratsa","postal":"VR"},"id":"BGR"},{"arcs":[[-34,56,57,-39]],"type":"Polygon","properties":{"name":"Kyustendil","postal":"KY"},"id":"BGR"},{"arcs":[[-54,58]],"type":"Polygon","properties":{"name":"Vidin","postal":"VD"},"id":"BGR"},{"arcs":[[59,60,-2,61,62]],"type":"Polygon","properties":{"name":"Burgas","postal":"BR"},"id":"BGR"},{"arcs":[[63,-7,-12,-3,-61]],"type":"Polygon","properties":{"name":"Yambol","postal":"YA"},"id":"BGR"},{"arcs":[[64,65,66,67]],"type":"Polygon","properties":{"name":"Razgrad","postal":"RG"},"id":"BGR"},{"arcs":[[68,-6,-50,69,-66]],"type":"Polygon","properties":{"name":"Targovishte","postal":"TU"},"id":"BGR"},{"arcs":[[70,71,-62,-1,-69,-65,72]],"type":"Polygon","properties":{"name":"Shumen","postal":"SH"},"id":"BGR"},{"arcs":[[73,-71,74,75]],"type":"Polygon","properties":{"name":"Dobrich","postal":"DO"},"id":"BGR"},{"arcs":[[76,-63,-72,-74]],"type":"Polygon","properties":{"name":"Varna","postal":"VN"},"id":"BGR"},{"arcs":[[-75,-73,-68,77,78]],"type":"Polygon","properties":{"name":"Silistra","postal":"SI"},"id":"BGR"},{"arcs":[[-67,-70,-49,79,-78]],"type":"Polygon","properties":{"name":"Ruse","postal":"RS"},"id":"BGR"},{"arcs":[[-18,-27,80,-57,-33]],"type":"Polygon","properties":{"name":"Blagoevgrad","postal":"BL"},"id":"BGR"}]}}}