{"type":"Topology","transform":{"scale":[0.0024328716896080313,0.001318998645041189],"translate":[23.16564497923241,51.24353597647177]},"arcs":[[[1320,1608],[9,-75],[-55,-58],[48,-54],[47,-22],[-51,-78],[29,-73],[43,-5],[79,-40],[25,-43],[91,-22],[13,-48],[42,-9],[8,-46],[-48,-2],[-7,-52],[42,-49],[-6,-43],[59,-42]],[[1688,847],[51,-60],[52,-34],[1,-124],[27,-35],[-27,-64],[-9,-74],[22,-29],[-20,-77],[2,-62]],[[1787,288],[-51,-25],[-55,4],[-32,115],[-64,13],[-69,-11],[-77,39],[-91,3],[-15,34],[-96,5],[-39,33],[-128,21],[-35,-8],[-136,3],[-70,22],[-74,-30],[-115,-22],[-137,-1],[-38,-55],[-22,-68],[-108,-100],[-95,44],[-86,-28],[8,111],[48,182],[-16,68],[-51,31],[-48,57],[-76,24],[-19,44],[93,167],[73,58],[68,22],[72,64],[4,55]],[[310,1159],[192,2],[68,-21],[7,88],[48,73],[47,-20],[38,26],[78,-102],[72,25],[28,54],[33,4],[49,62],[30,78],[-23,35],[67,164],[155,-12],[78,-17],[43,10]],[[3369,1423],[-47,-80],[31,-29],[27,-67],[48,-30],[27,-94],[-37,-32],[40,-79],[12,-156],[-17,-47],[75,-111],[6,-48],[-119,13],[-70,-16],[-21,-40],[-49,25],[-71,-2],[-8,-41],[-115,-152],[-13,-79],[-24,-12],[-23,-73],[28,-46],[23,-157],[-35,-70],[-82,47],[-11,63],[-74,72],[-57,-1],[-74,-40],[-87,43],[-46,-37],[-16,-40],[-70,-8],[-31,70],[-25,104],[-31,21],[-53,-51],[-64,-24],[-40,-68],[-30,16],[-11,68],[-47,14],[-58,-36],[-42,88],[-32,-6],[-40,-57],[-106,34],[-44,-26],[-79,42]],[[1688,847],[26,85],[75,49],[77,-76],[92,3],[24,59],[60,-40],[85,11],[26,26],[1,89],[26,36]],[[2180,1089],[80,6],[62,21],[2,42],[58,21],[3,51],[47,7],[36,51],[91,-16],[63,26],[60,-10],[-26,118],[68,90],[-17,62],[21,41],[74,-7],[109,-82],[54,20],[45,43],[62,-30],[92,1],[53,18],[47,-84],[1,-48],[43,-18],[61,11]],[[3294,2433],[43,-80],[17,-89],[74,-65],[100,-44],[40,-71],[-38,-131],[49,-32],[86,24],[86,-37],[33,-35],[33,-127],[110,-81],[-1,-79],[-56,-8],[-42,-38],[-30,-62],[-57,-52],[-76,-32],[-72,7],[-52,28],[-17,49],[-51,13],[-82,-8],[-22,-60]],[[2180,1089],[-73,65],[48,55],[51,134],[-17,104],[-29,-11],[-124,76],[99,22],[38,31],[-35,44],[15,78],[81,67],[12,44],[134,-27],[37,3],[32,67],[67,6],[80,85],[-48,26],[-10,134],[32,40],[-1,133]],[[2569,2265],[57,61],[102,0],[95,-28],[21,72],[140,-22],[62,-24],[5,53],[52,32],[37,-13],[53,24],[101,13]],[[2569,2265],[-2,130],[11,105],[-31,39],[-56,-5],[-8,42],[-79,-24],[-53,11],[-25,-36],[-66,4],[-41,60],[-37,-17],[-20,-64],[-29,6],[-50,65],[-133,-26],[-63,19],[-54,96],[-93,83],[-34,2],[-27,54],[-59,41],[-20,-39],[-66,18],[-69,-23],[-148,27],[-9,-28]],[[1308,2805],[-73,38]],[[1235,2843],[26,90],[31,25],[68,1],[43,-21],[25,64],[53,74],[-133,28],[36,136],[26,39],[0,75],[93,29],[65,92],[71,4],[45,-34],[36,33],[36,-24],[64,-4],[21,98],[110,134],[82,43],[73,-84],[41,32],[95,-4],[35,-93],[63,12],[71,37],[142,-54],[-14,-126],[49,-76],[91,63],[50,1],[26,45],[49,12],[49,-19],[46,25],[103,-46],[41,-49],[11,-49],[40,-10],[20,-44],[70,-17],[-10,-78],[13,-46],[-50,-78],[77,-132],[9,-67],[-29,-52],[-50,-34],[-18,-108],[137,-89],[26,-36],[-42,-98],[47,-30]],[[1308,2805],[1,-71],[64,-69],[37,-93],[36,-40],[-75,-204],[-39,-55],[-78,-8],[-45,-24],[29,-53],[11,-72],[53,17],[35,-80],[-82,-65],[14,-100],[43,-59],[43,-19],[35,-100],[5,-74],[-75,-28]],[[310,1159],[-4,182],[-20,57],[13,49],[-45,90],[-79,258],[-11,100],[-32,126],[64,-8],[114,37],[52,-12],[64,16],[23,-44],[49,-6],[62,54],[121,47],[-16,55],[30,41],[89,-11],[49,84],[73,4],[42,37],[34,-50],[-25,-56],[57,-22],[44,14],[20,68],[-38,64],[-54,-13],[-14,32],[34,58],[14,74],[38,37],[-13,81],[7,79],[24,68],[51,59],[80,7],[28,28]]],"objects":{"BLR.geo":{"type":"GeometryCollection","geometries":[{"arcs":[[0,1,2,3]],"type":"Polygon","properties":{"name":"Brest","postal":"BR"},"id":"BLR"},{"arcs":[[4,-2,5,6]],"type":"Polygon","properties":{"name":"Homyel'","postal":"HO"},"id":"BLR"},{"arcs":[[7,-7,8,9]],"type":"Polygon","properties":{"name":"Mahilyow","postal":"MA"},"id":"BLR"},{"arcs":[[-10,10,11,12]],"type":"Polygon","properties":{"name":"Vitsyebsk","postal":"VI"},"id":"BLR"},{"arcs":[[13,-4,14,-12]],"type":"Polygon","properties":{"name":"Hrodna","postal":"HR"},"id":"BLR"},{"arcs":[[-9,-6,-1,-14,-11]],"type":"Polygon","properties":{"name":"Minsk","postal":"MI"},"id":"BLR"}]}}}