{"type":"Topology","transform":{"scale":[0.003824310966010078,0.0036363409680121956],"translate":[-69.66649226960254,-22.89197008437096]},"arcs":[[[1310,1936],[-7,-147],[-32,-91],[13,-43],[28,-34],[71,-49],[37,-37],[-30,-31],[-56,-89],[-36,-38],[30,-63],[76,-109],[-11,-40]],[[1393,1165],[-62,-3],[-33,38],[-35,11],[-57,-43],[-50,12],[-26,49]],[[1130,1229],[-24,15],[-54,66],[-98,73],[-41,-1],[-45,-34],[-73,0]],[[795,1348],[-52,88],[-43,33]],[[700,1469],[34,18],[-11,90],[-28,25],[20,64],[45,21],[-15,82],[5,48],[-38,58],[2,63],[40,40]],[[754,1978],[73,-75],[11,-28],[58,-67],[65,-35],[49,-6],[116,39],[23,69],[28,46],[133,15]],[[1393,1165],[37,-75],[35,-20],[84,-12],[-7,-62],[12,-190],[19,-135],[34,-3],[40,29],[21,-32],[281,1]],[[1949,666],[-17,-30],[2,-116]],[[1934,520],[-418,1],[-54,23],[-29,-10],[-3,-43],[-37,-9],[-48,13],[-32,41],[-33,-34],[-77,28],[-28,-1],[-16,-156]],[[1159,373],[-59,55],[-3,65],[13,72],[33,84],[-19,90],[14,45],[67,20],[50,27],[31,38],[-30,46],[-19,57],[-57,-4],[-57,32],[-44,68],[18,28],[3,61],[-39,3],[-5,59],[74,10]],[[2111,2581],[-371,-220],[-146,-86],[-103,-32],[4,-96],[22,-59],[63,-90],[33,-18],[41,-62],[-344,18]],[[754,1978],[-82,79],[-5,34],[-46,75],[-33,13],[-5,63],[-25,41],[12,22],[-21,50],[17,19],[-9,72],[17,79],[26,33],[-6,52],[102,137],[20,104],[0,39]],[[716,2890],[13,88],[-10,61],[51,71],[17,39],[42,0],[66,35],[7,59],[36,41],[18,44],[40,19],[121,90]],[[1117,3437],[-14,-20],[13,-95],[25,-49],[-24,-45],[20,-89],[25,-11],[5,-58],[36,-7],[18,-67],[53,-10],[20,-31],[60,-25],[-1,-37],[25,-23],[124,-24],[32,24],[82,-28],[24,-29],[39,-11],[45,14],[22,-53],[47,-40],[88,-21],[24,-20],[70,-3],[1,-27],[63,-59],[6,-19],[66,7]],[[700,1469],[-42,41],[-40,-12],[-117,-77],[-15,-37],[-95,58],[-72,-1],[-42,-24],[-68,-63],[-56,-20]],[[153,1334],[-58,18],[-15,60],[-38,48],[-4,59],[-38,22],[11,28],[52,28],[61,94],[88,46],[1,46],[71,45],[-70,17],[-42,70],[-3,31],[-39,40],[-26,0],[-26,41],[20,47],[38,32],[-64,74],[8,49],[24,10],[5,43],[68,59],[-7,32],[35,14],[-23,61],[-12,65],[14,129],[-5,115],[77,103]],[[256,2860],[60,29],[18,40],[37,24],[17,41],[59,26],[269,-130]],[[795,1348],[-28,-18],[12,-122],[48,-55],[53,-15],[31,-67],[32,-39],[-10,-19],[-87,-7],[-78,-57],[-215,-94],[-73,-7],[-195,67]],[[285,915],[22,52],[-112,89],[-32,124],[0,40],[-29,87],[19,27]],[[256,2860],[-143,260],[-90,163],[48,5],[167,-21],[37,-28],[84,37],[47,73],[27,15],[76,-13],[35,56],[65,49],[43,1],[71,63],[71,52],[46,4],[92,28],[103,8],[25,-21],[42,42],[39,-51],[-9,-28],[14,-66],[-29,-51]],[[1159,373],[-25,-73],[34,-48],[2,-34]],[[1170,218],[-104,3],[-41,-7],[-49,47],[-80,41],[-15,-70],[-21,-22],[-84,-20],[-26,-64],[-61,-25],[-2,-36],[-41,-46],[-92,-19],[-58,1],[-28,15],[5,73],[-23,59],[-12,81],[-27,29],[-3,45],[-24,60],[-2,79],[-55,89],[-41,24],[0,36],[24,27],[-53,35],[1,52],[-25,66],[49,9],[7,58],[-37,36],[33,41]],[[2111,2581],[64,4],[118,-17],[87,-59],[24,-8],[22,-49],[-22,-39],[47,-141],[5,-128],[-67,-13],[76,-99],[16,-198],[13,-14],[435,-16],[33,12],[-5,-61],[-32,-48],[4,-56],[22,-104],[104,-67],[50,-12],[16,-80],[47,-93],[-61,-200],[-1,-41],[-88,-184],[69,-69],[-78,-51],[-4,94],[-239,147],[-240,-3],[-459,-98],[-48,-123],[-70,-101]],[[1934,520],[-1,-18],[-92,-308],[-38,11],[-9,39],[-218,2],[-26,-14],[-55,10],[-55,-117],[-51,-86],[-19,57],[-38,55],[-4,36],[-113,32],[-45,-1]]],"objects":{"BOL.geo":{"type":"GeometryCollection","geometries":[{"arcs":[[0,1,2,3,4,5]],"type":"Polygon","properties":{"name":"Cochabamba","postal":"CB"},"id":"BOL"},{"arcs":[[-2,6,7,8,9]],"type":"Polygon","properties":{"name":"Chuquisaca","postal":"CQ"},"id":"BOL"},{"arcs":[[10,-6,11,12,13]],"type":"Polygon","properties":{"name":"El Beni","postal":"EB"},"id":"BOL"},{"arcs":[[-12,-5,14,15,16]],"type":"Polygon","properties":{"name":"La Paz","postal":"LP"},"id":"BOL"},{"arcs":[[-4,17,18,-15]],"type":"Polygon","properties":{"name":"Oruro","postal":"OR"},"id":"BOL"},{"arcs":[[-13,-17,19]],"type":"Polygon","properties":{"name":"Pando","postal":"PA"},"id":"BOL"},{"arcs":[[-10,20,21,-18,-3]],"type":"Polygon","properties":{"name":"Potosí","postal":"PO"},"id":"BOL"},{"arcs":[[-7,-1,-11,22]],"type":"Polygon","properties":{"name":"Santa Cruz","postal":"SC"},"id":"BOL"},{"arcs":[[23,-21,-9]],"type":"Polygon","properties":{"name":"Tarija","postal":"TR"},"id":"BOL"}]}}}