{"type":"Topology","transform":{"scale":[0.0017363762226367606,0.001456417579162591],"translate":[88.73006677226368,26.70097039993791]},"arcs":[[[515,302],[32,-76],[36,0],[22,-63],[-11,-95]],[[594,68],[-4,-68]],[[590,0],[-144,71],[-78,23]],[[368,94],[-39,78],[25,48],[-9,67]],[[345,287],[1,63]],[[346,350],[101,-15],[15,81]],[[462,416],[48,-48],[-44,-46],[49,-20]],[[765,276],[-5,-117],[-26,-53]],[[734,106],[-78,-35],[-62,-3]],[[515,302],[49,82]],[[564,384],[63,2],[68,-85],[70,-25]],[[214,634],[66,-47],[17,-53],[72,-113],[-23,-71]],[[345,287],[-80,5],[-93,22],[-60,75],[-28,9]],[[84,398],[23,34],[47,0],[-27,71],[13,58],[74,73]],[[214,634],[60,85]],[[274,719],[42,-19],[61,19],[12,-73],[39,-67],[-6,-81],[40,-82]],[[1005,942],[-39,-11],[-34,-50],[1,-49],[-43,-12],[-36,56],[-29,-2],[-47,-79],[-45,-40]],[[733,755],[-63,36],[-35,-9],[-37,-55],[-92,-31]],[[506,696],[-33,43],[-38,-9],[17,104],[-56,50]],[[396,884],[83,100],[112,35],[56,70],[125,40],[110,-7],[188,-70],[-65,-110]],[[368,94],[-55,4],[-51,-23],[-51,8],[-21,41],[-61,21],[-39,46],[-34,82],[-56,36],[41,72],[43,17]],[[506,696],[11,-60],[35,-61],[39,22],[33,-33]],[[624,564],[-41,-43],[-19,-137]],[[274,719],[11,41],[64,42],[47,82]],[[733,755],[-25,-74],[44,-27],[-74,-84],[-54,-6]],[[1166,930],[24,-149],[43,-33],[43,-72],[1,-122],[13,-81]],[[1290,473],[-22,-14]],[[1268,459],[-57,-30],[-63,16]],[[1148,445],[-90,69],[-31,132],[6,65],[-34,27]],[[999,738],[8,101],[-29,70],[27,33]],[[1005,942],[120,10],[41,-22]],[[912,322],[-44,-119],[-97,-129],[-37,32]],[[765,276],[-1,47],[148,-1]],[[1029,292],[87,-56],[7,-63],[55,-36],[19,-52],[78,-31]],[[1275,54],[-131,-9],[-74,9],[-118,77],[-118,-41],[-51,-62],[-193,-28]],[[912,322],[13,27]],[[925,349],[104,-57]],[[1559,885],[-66,-50],[-13,-126],[6,-104]],[[1486,605],[-38,-55],[0,-50],[-46,-27],[-51,23],[-61,-23]],[[1166,930],[89,-16],[38,-34],[68,-7],[48,58],[54,11],[96,-57]],[[1726,521],[-117,-62],[-76,22]],[[1533,481],[3,47],[-50,77]],[[1559,885],[106,-27],[3,-161],[-27,-40],[9,-77],[76,-59]],[[1268,459],[41,-109],[-7,-67],[55,-92],[56,-25]],[[1413,166],[-22,-40],[-70,-24],[-6,-45]],[[1315,57],[-40,-3]],[[1029,292],[51,55],[58,33],[10,65]],[[925,349],[14,37],[-36,54],[-34,87],[71,34],[-41,62],[12,43],[83,31],[5,41]],[[1533,481],[46,-73],[-46,-36],[-7,-55]],[[1526,317],[-20,-51],[-72,-52],[-21,-48]],[[1590,217],[-43,-79],[-45,-7],[-42,35],[-47,0]],[[1526,317],[64,-100]],[[1887,326],[-11,-49],[56,-115],[-28,-56],[-139,-1],[-53,-35],[-105,-4],[-26,47],[-40,3],[-27,-44],[-48,-22],[-45,20],[-106,-13]],[[1590,217],[159,47],[25,36],[113,26]],[[1726,521],[13,-30],[130,39],[63,-116],[-45,-88]]],"objects":{"BTN.geo":{"type":"GeometryCollection","geometries":[{"arcs":[[0,1,2,3,4,5,6]],"type":"Polygon","properties":{"name":"Chhukha","postal":"CK"},"id":"BTN"},{"arcs":[[7,8,-1,9,10]],"type":"Polygon","properties":{"name":"Daga","postal":"DA"},"id":"BTN"},{"arcs":[[11,-5,12,13]],"type":"Polygon","properties":{"name":"Ha","postal":"HA"},"id":"BTN"},{"arcs":[[-6,-12,14,15]],"type":"Polygon","properties":{"name":"Paro","postal":"PR"},"id":"BTN"},{"arcs":[[16,17,18,19]],"type":"Polygon","properties":{"name":"Gasa","postal":"GA"},"id":"BTN"},{"arcs":[[-4,20,-13]],"type":"Polygon","properties":{"name":"Samchi","postal":"SM"},"id":"BTN"},{"arcs":[[21,22,-10,-7,-16,23,-19]],"type":"Polygon","properties":{"name":"Thimphu","postal":"TM"},"id":"BTN"},{"arcs":[[24,-22,-18]],"type":"Polygon","properties":{"name":"Punakha","postal":"PN"},"id":"BTN"},{"arcs":[[25,26,27,28,29,30]],"type":"Polygon","properties":{"name":"Bumthang","postal":"BU"},"id":"BTN"},{"arcs":[[31,-8,32]],"type":"Polygon","properties":{"name":"Chirang","postal":"CR"},"id":"BTN"},{"arcs":[[33,34,-2,-9,-32,35,36]],"type":"Polygon","properties":{"name":"Geylegphug","postal":"GE"},"id":"BTN"},{"arcs":[[37,38,-26,39]],"type":"Polygon","properties":{"name":"Lhuntshi","postal":"LH"},"id":"BTN"},{"arcs":[[40,41,-38,42]],"type":"Polygon","properties":{"name":"Tashi Yangtse","postal":"TY"},"id":"BTN"},{"arcs":[[43,44,45,-34,46,-28]],"type":"Polygon","properties":{"name":"Shemgang","postal":"SG"},"id":"BTN"},{"arcs":[[-47,-37,47,-29]],"type":"Polygon","properties":{"name":"Tongsa","postal":"TO"},"id":"BTN"},{"arcs":[[-48,-36,-33,-11,-23,-25,-17,-30]],"type":"Polygon","properties":{"name":"Wangdi Phodrang","postal":"WP"},"id":"BTN"},{"arcs":[[48,49,-44,-27,-39,-42]],"type":"Polygon","properties":{"name":"Mongar","postal":"MO"},"id":"BTN"},{"arcs":[[50,-50,51]],"type":"Polygon","properties":{"name":"Pemagatsel","postal":"PM"},"id":"BTN"},{"arcs":[[52,-45,-51,53]],"type":"Polygon","properties":{"name":"Samdrup Jongkhar","postal":"SJ"},"id":"BTN"},{"arcs":[[-54,-52,-49,-41,54]],"type":"Polygon","properties":{"name":"Tashigang","postal":"TA"},"id":"BTN"}]}}}