{"type":"Topology","transform":{"scale":[0.002497881712934067,0.002296743866145936],"translate":[14.397710344689406,2.23645375583618]},"arcs":[[[1696,1521],[21,-27],[67,-14],[13,-54],[55,-78],[-10,-74],[37,-55],[6,-45]],[[1885,1174],[-38,-73],[-73,-89],[-43,-80],[-72,-21],[36,-86],[6,-65],[-14,-50]],[[1687,710],[-45,19],[-65,82],[-13,88],[-46,26],[-32,40],[-108,7],[-30,29],[-44,-11],[-45,35],[-31,89],[-58,34],[-80,71],[-33,-5]],[[1057,1214],[-17,26],[49,35],[-34,53],[-41,33],[-80,9],[-82,-47]],[[852,1323],[-12,60],[8,68]],[[848,1451],[34,22],[59,70],[92,34]],[[1033,1577],[17,-58],[32,-5],[193,3],[125,77],[53,-42],[91,-2],[33,-17],[34,-84],[68,35],[17,37]],[[2909,1442],[95,-32]],[[3004,1410],[-10,-138],[-38,-100],[-18,-93],[49,-26],[57,-59],[52,7],[-38,-133]],[[3058,868],[-67,5],[-58,23],[-75,-22],[-108,38],[-44,-9],[-29,34],[-85,28],[-108,-19],[-58,50]],[[2426,996],[36,21],[66,76],[62,21],[28,99],[-14,38],[22,53],[8,111],[32,68],[76,4],[59,33],[35,-42],[15,-53],[58,17]],[[1687,710],[-8,-68],[14,-102],[-18,0],[-44,68],[-87,-24],[-29,-44],[-40,38],[-96,-11],[-41,39],[-130,24]],[[1208,630],[-31,52],[-161,76],[-42,74],[-37,42]],[[937,874],[49,78],[51,-31],[4,46],[-25,24],[-36,73],[-6,82],[82,47],[1,21]],[[937,874],[-53,-37],[-8,-70],[-62,-71],[-138,68],[-80,-10],[-62,-27],[-85,-72],[-24,18],[-79,-52]],[[346,621],[-71,97],[-5,165],[-36,68],[-81,54],[-25,34],[-23,169]],[[105,1208],[120,-5],[19,-23],[52,23],[113,3],[32,20],[77,-14],[-10,62],[41,29],[26,-67],[38,17],[52,-14],[187,84]],[[1208,630],[-33,-28],[-130,-35],[-62,9],[-17,-17],[-69,4],[-28,-28],[-31,-173],[-18,-48],[13,-53],[-113,-261],[-43,119],[9,33],[-20,51],[12,70],[-77,104],[-45,2],[-210,242]],[[105,1208],[0,67],[-56,55],[31,52],[-2,93],[16,50],[-19,80],[-48,-1],[-27,43],[45,59],[84,45],[81,187]],[[210,1938],[102,29],[5,-26],[49,-65],[8,-54],[37,-52],[47,4],[83,47],[-17,-61],[33,-55],[14,-99],[71,-55],[42,0],[57,42],[27,-49],[48,-40],[32,-53]],[[968,2313],[-25,-154],[3,-45],[-32,-44],[46,-190],[41,-41],[57,12],[22,-38],[-52,-41],[-23,-90],[28,-105]],[[210,1938],[48,45],[73,199],[83,62],[20,58],[75,-3],[50,-26],[53,14],[55,44],[123,36],[14,54],[57,32],[31,-88],[76,-52]],[[3200,2767],[-16,-11],[-110,22],[-44,-24],[12,-78],[-6,-70],[-47,-7],[-36,53],[-99,-31],[-54,-40],[11,-64],[-106,-14],[-20,-64],[10,-59]],[[2695,2380],[-27,-47],[6,-35],[-81,-106],[-71,-11],[-26,-53],[-68,-42],[-89,3],[-34,28]],[[2305,2117],[-94,64],[-14,47],[-49,41],[-28,48],[-40,5],[0,38],[-37,36],[-57,7],[-15,55],[14,104],[-81,124],[-36,77]],[[1868,2763],[4,21]],[[1872,2784],[-10,50],[-48,22],[-14,44],[83,52],[100,-6],[115,5],[101,14],[71,40],[116,-10],[31,10],[24,58],[128,64]],[[2569,3127],[33,-16],[83,74],[59,14],[80,81],[23,-18],[6,-55],[37,-6],[61,-77],[37,-102],[90,-91],[11,-72],[40,-43],[58,-13],[13,-36]],[[2305,2117],[-17,-86],[-77,-91],[-24,-48],[7,-49],[-54,3]],[[2140,1846],[-84,11],[-153,-27],[-70,45],[-90,-13]],[[1743,1862],[42,77],[-81,115],[74,135],[-43,133],[25,33],[84,47],[-6,68],[27,69],[0,70],[-15,14],[22,65],[-4,75]],[[2140,1846],[49,-59],[-11,-96],[-49,-38],[-48,-56],[29,-90],[-44,-50],[-15,-40],[170,-2],[26,-22],[-19,-39],[-12,-93],[-30,-31]],[[2186,1230],[-56,32],[-124,-2],[-121,-86]],[[1696,1521],[-3,118],[49,28],[64,62],[-24,72],[-39,61]],[[2426,996],[2,34],[-49,74],[-193,126]],[[2695,2380],[113,-83],[0,-70],[68,-34],[10,-118],[15,-81],[-14,-19],[40,-80],[26,-4],[14,-104],[-26,-48],[31,-76],[29,-15],[18,-48],[-15,-100],[-52,-2],[-43,-56]],[[968,2313],[20,33],[100,27],[54,59],[86,27],[86,44],[87,-8],[69,23],[176,5],[32,7],[33,70],[57,30],[104,154]],[[3629,3012],[-46,6],[-28,-75],[-38,-12],[-40,-42],[-4,-37],[-170,-44],[-48,-40],[-55,-1]],[[2569,3127],[127,188],[56,60],[27,-12],[38,37],[45,76],[44,6],[38,78],[-11,98],[56,13],[56,33],[18,41],[51,-10],[31,44],[83,37],[104,-16],[57,-31],[57,-90],[114,-107],[134,-232],[18,-111],[-26,-50],[17,-52],[-6,-61],[-68,-54]],[[3629,3012],[-4,-78],[46,0],[-34,-84],[23,-34],[153,4],[118,-10],[11,-52],[-49,-87],[57,-45]],[[3950,2626],[60,-48],[23,-36],[-7,-62],[17,-130],[38,-63],[-29,-65],[17,-62],[-3,-72],[-83,-65],[-34,-56]],[[3949,1967],[-324,-197],[-52,-39],[-33,-51],[-134,39],[-39,38],[-99,-12],[-35,-66],[-29,-20],[-66,5],[-52,-34],[-22,-118],[14,-29],[-74,-73]],[[4036,1248],[49,68],[73,12],[94,101],[10,106],[33,18],[23,47],[-54,62],[-74,64],[51,15],[32,49],[-69,59],[-35,3],[-39,-34],[-41,-9],[-27,24],[-113,134]],[[3950,2626],[67,2],[33,-28],[78,-1],[49,-17],[49,-74],[55,-49],[59,-21],[16,-77],[-45,-35],[10,-34],[50,-36],[18,-36],[87,-50],[83,-34],[6,-16],[90,-47],[22,-67],[62,-54],[57,-29],[-40,-77],[5,-39],[65,-47],[23,-32],[-4,-46],[41,-39],[41,0],[46,-50],[64,-16],[20,-30],[57,-30],[36,-74],[-16,-48],[24,-91],[44,-61],[-110,47],[-62,-21],[-38,-49],[-42,21],[-120,-12],[-29,39],[-47,4],[-57,44],[-41,-30],[-118,30],[-61,51],[-87,-29],[-22,-54],[0,-67],[-72,-6],[-18,-28],[-46,16],[-72,-31],[-50,2],[-25,45],[-49,33]],[[4036,1248],[-33,8],[-11,-47],[-29,-4],[-54,-42],[-29,6],[-57,-45],[-52,1],[-100,-42],[-71,-59],[-50,21],[-39,44],[-60,6],[-48,32],[-18,-50],[-27,6],[-98,-216],[-47,-40],[-86,6],[-69,35]]],"objects":{"CAF.geo":{"type":"GeometryCollection","geometries":[{"arcs":[[0,1,2,3,4,5,6]],"type":"Polygon","properties":{"name":"Bangui","postal":"BG"},"id":"CAF"},{"arcs":[[7,8,9,10]],"type":"Polygon","properties":{"name":"Basse-Kotto","postal":"BK"},"id":"CAF"},{"arcs":[[11,12,13,-3]],"type":"Polygon","properties":{"name":"Lobaye","postal":"LB"},"id":"CAF"},{"arcs":[[-14,14,15,16,-4]],"type":"Polygon","properties":{"name":"Mambéré-Kadéï","postal":"HS"},"id":"CAF"},{"arcs":[[-13,17,-15]],"type":"Polygon","properties":{"name":"Sangha-Mbaéré","postal":"SE"},"id":"CAF"},{"arcs":[[-5,-17,18,19]],"type":"Polygon","properties":{"name":"Nana-Mambéré","postal":"NM"},"id":"CAF"},{"arcs":[[20,-6,-20,21]],"type":"Polygon","properties":{"name":"Ouham-Pendé","postal":"OP"},"id":"CAF"},{"arcs":[[22,23,24,25,26,27]],"type":"Polygon","properties":{"name":"Bamingui-Bangoran","postal":"BB"},"id":"CAF"},{"arcs":[[28,29,30,-25]],"type":"Polygon","properties":{"name":"Nana-Grébizi","postal":"KB"},"id":"CAF"},{"arcs":[[31,32,-1,33,-30]],"type":"Polygon","properties":{"name":"Kémo","postal":"KG"},"id":"CAF"},{"arcs":[[-11,34,-32,-29,-24,35]],"type":"Polygon","properties":{"name":"Ouaka","postal":"UK"},"id":"CAF"},{"arcs":[[-31,-34,-7,-21,36,-26]],"type":"Polygon","properties":{"name":"Ouham","postal":"AC"},"id":"CAF"},{"arcs":[[37,-28,38]],"type":"Polygon","properties":{"name":"Vakaga","postal":"VK"},"id":"CAF"},{"arcs":[[39,40,41,-8,-36,-23,-38]],"type":"Polygon","properties":{"name":"Haute-Kotto","postal":"HK"},"id":"CAF"},{"arcs":[[42,-41,43]],"type":"Polygon","properties":{"name":"Haut-Mbomou","postal":"HM"},"id":"CAF"},{"arcs":[[44,-9,-42,-43]],"type":"Polygon","properties":{"name":"Mbomou","postal":"MB"},"id":"CAF"}]}}}