{"type":"Topology","transform":{"scale":[0.0014727892233249587,0.0009623166135975136],"translate":[5.958419018765459,45.82071848626913]},"arcs":[[[149,499],[70,-63],[-96,-94],[-106,-10],[-17,74],[89,36],[20,89]],[[109,531],[40,-32]],[[936,1674],[32,-19]],[[968,1655],[36,-35]],[[1004,1620],[80,-37]],[[1084,1583],[3,-24]],[[1087,1559],[-2,-3]],[[1085,1556],[-115,-6],[-87,-28],[-57,12],[-14,-51],[-54,-5],[-55,-61],[-98,-20]],[[605,1397],[-8,3]],[[597,1400],[80,80],[2,47],[58,52],[-99,58],[63,58],[-12,39],[89,7],[43,-55],[52,-26],[63,14]],[[605,1397],[21,-78],[108,35],[29,-29],[-41,-110]],[[722,1215],[-52,-44]],[[670,1171],[-26,-23]],[[644,1148],[-21,-19]],[[623,1129],[-75,-64]],[[548,1065],[-27,97],[-144,-87],[-48,-4]],[[329,1071],[0,96],[106,44],[45,37],[23,65],[94,87]],[[1672,1829],[-46,-97],[34,-80],[3,-171]],[[1663,1481],[-2,-108]],[[1661,1373],[-46,33],[-33,98],[-60,-37],[-75,30],[-47,-19],[-123,-12]],[[1277,1466],[-11,39]],[[1266,1505],[54,72],[54,-10],[32,52],[-50,82]],[[1356,1701],[-72,91],[-83,5]],[[1201,1797],[63,47],[63,-36],[118,7],[63,50],[164,-36]],[[1661,1373],[26,-30]],[[1687,1343],[-37,-44],[74,-46],[-22,-35]],[[1702,1218],[-145,3],[-17,-25]],[[1540,1196],[-37,-4],[-85,-134],[-2,-53]],[[1416,1005],[-45,-9],[-73,74],[4,77],[35,22],[17,59],[-54,47],[9,84],[-32,107]],[[1702,1218],[65,-5]],[[1767,1213],[-9,-42],[-59,-42],[8,-53]],[[1707,1076],[-76,12],[21,-96]],[[1652,992],[-16,15]],[[1636,1007],[-28,29],[4,100],[-17,55],[-55,5]],[[1710,739],[-55,-43],[-7,-42]],[[1648,654],[-47,-17],[-17,-58],[-67,-71],[-81,-58],[38,-60],[-13,-72],[-62,-48],[-22,-84],[-78,-32],[-28,-57],[-93,15],[-34,39],[-69,19],[-122,-79],[-51,5],[-70,-34],[-79,10],[-58,110],[-45,55],[-44,1],[2,76],[-54,12],[36,140],[-52,79],[25,62]],[[563,607],[53,-2]],[[616,605],[1,0]],[[617,605],[19,-57],[102,-164],[94,84],[30,63]],[[862,531],[120,49],[61,-5],[88,72],[67,-24],[83,63],[82,36],[25,44],[127,-37],[101,46],[48,93]],[[1664,868],[-1,-65],[47,-64]],[[2478,1693],[-18,-26]],[[2460,1667],[-28,-29]],[[2432,1638],[-36,-4]],[[2396,1634],[1,-41]],[[2397,1593],[-94,36],[-32,-88],[19,-53]],[[2290,1488],[-77,20],[-21,89],[27,44],[128,17],[76,54],[55,-19]],[[2388,1745],[53,13],[66,-63],[-1,-44],[-98,-172],[-13,-70],[18,-71],[-24,-46]],[[2389,1292],[37,-84],[-65,-105],[-132,40]],[[2229,1143],[-2,74],[-55,41],[15,94],[-132,49]],[[2055,1401],[-41,54],[-101,0]],[[1913,1455],[21,34],[77,16],[33,50],[-25,65]],[[2019,1620],[65,121],[155,-20],[59,32],[90,-8]],[[2290,1488],[72,9],[35,96]],[[2396,1634],[36,4]],[[2460,1667],[18,26]],[[2176,366],[-62,-56],[-9,-60],[-38,-23],[-1,-107],[39,-56],[-38,-64],[-43,15],[-46,116],[-71,38],[46,86],[-80,43],[-78,16],[-62,88],[-57,46],[10,190],[-38,16]],[[1710,739],[49,55],[88,-1]],[[1847,793],[75,-16],[74,22],[39,43],[56,-42],[-16,-59],[50,-69],[1,-108],[-22,-76],[21,-72],[51,-50]],[[2229,1143],[-86,-59],[-51,6],[-25,-52],[-89,-4]],[[1978,1034],[45,57],[-5,54]],[[2018,1145],[20,34],[-47,74],[45,56],[19,92]],[[1847,793],[-18,57],[18,58],[87,48],[44,78]],[[2389,1292],[130,-8],[129,-42],[2,-69],[26,-36],[144,-70],[61,20],[23,59],[90,75],[61,-61],[-20,-189],[-40,-86],[66,-71],[-28,-71],[-88,16],[-70,79],[-65,-20],[-44,-78],[-4,-90],[73,-34],[-29,-88],[46,-69],[-79,-44],[-44,81],[-9,60],[-44,17],[-89,-35],[-40,4],[-24,-53],[-108,18],[-49,91],[-4,100],[-41,-25],[-64,30],[-15,-84],[6,-111],[-30,-82],[-42,-60]],[[1965,1923],[-43,-9]],[[1922,1914],[-27,-17],[-74,52],[-32,-40]],[[1789,1909],[-92,-19],[-45,55],[49,74],[64,39],[163,-84],[37,-51]],[[1778,1844],[-17,2]],[[1761,1846],[17,-2]],[[2018,1145],[-61,-32],[-20,45],[-137,25],[-33,30]],[[1687,1343],[84,-27],[48,14],[31,67]],[[1850,1397],[63,58]],[[1965,1923],[37,-20],[74,28],[113,-9],[128,-93],[71,-84]],[[2019,1620],[-65,176],[-32,118]],[[1664,868],[27,40],[-2,78]],[[1689,986],[18,90]],[[1850,1397],[-76,54],[-59,-4],[-52,34]],[[1672,1829],[69,43],[20,-26]],[[1778,1844],[11,65]],[[623,1129],[34,-51],[-5,-75],[-85,5],[-19,57]],[[872,764],[-59,-29],[-106,-87],[-17,48],[-54,34],[2,40],[-62,20],[2,73],[37,11],[51,82],[34,136],[-56,56]],[[670,1171],[64,-89],[37,48],[-21,73]],[[750,1203],[104,27],[-7,-99],[102,-19],[-28,-36],[-2,-139],[47,-31],[-42,-55],[0,-54],[-52,-33]],[[563,607],[53,-2]],[[872,764],[-8,-104],[-21,-74],[19,-55]],[[617,605],[3,58],[-171,63],[-74,-2],[-62,-46],[-69,-23],[-95,-156]],[[109,531],[11,40],[-47,59],[-1,46],[55,83],[-9,46],[91,88],[111,84],[9,94]],[[722,1215],[28,-12]],[[936,1674],[35,2]],[[971,1676],[-3,-21]],[[968,1655],[25,39]],[[993,1694],[17,37]],[[1010,1731],[27,13]],[[1037,1744],[24,67]],[[1061,1811],[46,-30],[39,17]],[[1146,1798],[55,-1]],[[1356,1701],[-18,-52],[-84,-46],[-79,7],[16,101],[-140,-82],[-47,-9]],[[1085,1556],[-15,-26],[-126,-80],[60,-95],[52,5],[34,38],[76,19],[-63,97],[70,17],[23,-29],[70,3]],[[1416,1005],[78,-30],[76,0],[66,32]],[[1652,992],[37,-6]],[[1084,1583],[3,-24]],[[1061,1811],[79,33],[6,-46]],[[971,1676],[22,18]],[[1010,1731],[27,13]]],"objects":{"CHE.geo":{"type":"GeometryCollection","geometries":[{"arcs":[[0,1]],"type":"Polygon","properties":{"name":"Genève","postal":"GE"},"id":"CHE"},{"arcs":[[2,3,4,5,6,7,8,9]],"type":"Polygon","properties":{"name":"Jura","postal":"JU"},"id":"CHE"},{"arcs":[[10,11,12,13,14,15,16,-9]],"type":"Polygon","properties":{"name":"Neuchâtel","postal":"NE"},"id":"CHE"},{"arcs":[[17,18,19,20,21,22,23]],"type":"Polygon","properties":{"name":"Aargau","postal":"AG"},"id":"CHE"},{"arcs":[[24,25,26,27,28,-20]],"type":"Polygon","properties":{"name":"Lucerne","postal":"LU"},"id":"CHE"},{"arcs":[[29,30,31,32,33,-27]],"type":"Polygon","properties":{"name":"Nidwalden","postal":"NW"},"id":"CHE"},{"arcs":[[34,35,36,37,38,39,40]],"type":"Polygon","properties":{"name":"Valais","postal":"VS"},"id":"CHE"},{"arcs":[[41,42,43,44,45,46]],"type":"Polygon","properties":{"name":"Appenzell Ausserrhoden","postal":"AR"},"id":"CHE"},{"arcs":[[47,48,49,50,51,52],[53,-45,54,-43,55,-47]],"type":"Polygon","properties":{"name":"Sankt Gallen","postal":"SG"},"id":"CHE"},{"arcs":[[56,-35,57,58]],"type":"Polygon","properties":{"name":"Ticino","postal":"TI"},"id":"CHE"},{"arcs":[[59,60,61,-50]],"type":"Polygon","properties":{"name":"Glarus","postal":"GL"},"id":"CHE"},{"arcs":[[-59,62,-60,-49,63]],"type":"Polygon","properties":{"name":"Graubünden","postal":"GR"},"id":"CHE"},{"arcs":[[64,65,66]],"type":"Polygon","properties":{"name":"Schaffhausen","postal":"SH"},"id":"CHE"},{"arcs":[[-62,69,-30,-26,70,71,-51]],"type":"Polygon","properties":{"name":"Schwyz","postal":"SZ"},"id":"CHE"},{"arcs":[[72,-53,73,-65]],"type":"Polygon","properties":{"name":"Thurgau","postal":"TG"},"id":"CHE"},{"arcs":[[-61,-63,-58,-41,74,75,-31,-70]],"type":"Polygon","properties":{"name":"Uri","postal":"UR"},"id":"CHE"},{"arcs":[[-74,-52,-72,76,-18,77,-68,78,-66]],"type":"Polygon","properties":{"name":"Zürich","postal":"ZH"},"id":"CHE"},{"arcs":[[-71,-25,-19,-77]],"type":"Polygon","properties":{"name":"Zug","postal":"ZG"},"id":"CHE"},{"arcs":[[[-15,79]],[[80,-13,81,82]]],"type":"MultiPolygon","properties":{"name":"Fribourg","postal":"FR"},"id":"CHE"},{"arcs":[[[-14,-81,84,-39,85,-2,86,-16,-80]],[[-12,87,-82]]],"type":"MultiPolygon","properties":{"name":"Vaud","postal":"VD"},"id":"CHE"},{"arcs":[[[-3,88,89]],[[90,91,92,93,94,95,-23,96,-4]]],"type":"MultiPolygon","properties":{"name":"Basel-Landschaft","postal":"BS"},"id":"CHE"},{"arcs":[[97,-21,-29,98,-33,99,-75,-40,-85,-83,-88,-11,-8]],"type":"Polygon","properties":{"name":"Bern","postal":"BE"},"id":"CHE"},{"arcs":[[-95,101]],"type":"Polygon","properties":{"name":"Basel-Stadt","postal":"BS"},"id":"CHE"},{"arcs":[[[-90,102,-91]],[[-22,-98,-7,-101,-5,-97]]],"type":"MultiPolygon","properties":{"name":"Solothurn","postal":"SO"},"id":"CHE"},{"arcs":[[[-76,-100,-32]],[[-99,-28,-34]]],"type":"MultiPolygon","properties":{"name":"Obwalden","postal":"NW"},"id":"CHE"},{"arcs":[[-46,-54]],"type":"Polygon","properties":{"name":"Appenzell Innerrhoden","postal":"AI"},"id":"CHE"}]}}}