{"type":"Topology","transform":{"scale":[0.0019484951571719495,0.0019562174335849302],"translate":[-8.566148022279036,4.344061591669117]},"arcs":[[[2178,2691],[65,-84],[11,-108],[43,18],[69,-34],[43,-50],[-9,-72],[37,-54],[-1,-39],[-58,-85]],[[2378,2183],[-143,13],[-69,44],[-30,62],[-86,25],[-187,7],[18,36],[7,69],[-44,23],[-24,68],[-100,7],[-19,40],[-44,0],[-25,-35],[-37,-111],[11,-38],[-15,-81],[-116,-13],[8,-60],[-13,-47],[34,-12],[13,-40]],[[1517,2140],[-68,16],[-110,40],[-78,121],[-11,32],[-63,60],[20,40],[-49,39],[-67,-63],[-41,33],[-44,-43],[-72,25]],[[934,2440],[5,78],[-23,86],[20,41],[-28,24],[28,67],[5,76],[-36,55],[-65,-2],[38,93],[61,-14],[78,33],[-43,101]],[[974,3078],[-15,63],[15,83],[67,-42],[60,-6],[-3,66],[75,19],[37,-44],[-24,-51],[38,-60],[-32,-67],[32,-37],[85,-14],[63,90],[44,25],[121,18],[34,-17],[53,-59],[95,10],[54,-21],[28,-93],[42,-21],[5,-79],[65,-17],[69,-85],[51,13],[53,-37],[92,-24]],[[934,2440],[-78,-33],[-4,-50],[-57,1],[-58,26],[-41,-40],[10,-68],[-15,-79],[17,-60]],[[708,2137],[-95,94],[-144,118],[-49,70]],[[420,2419],[-93,55],[33,115],[-106,-6],[-38,51],[-8,40],[19,138],[-26,50],[34,57],[143,80],[62,98],[33,19],[89,1],[14,-55],[40,-2],[10,-42],[123,-21],[34,-34],[41,23],[-19,35],[13,40],[86,20],[70,-3]],[[708,2137],[53,-274]],[[761,1863],[-80,3],[-26,41],[-82,47],[-33,-57],[10,-59],[-17,-27],[-72,-23],[-56,28],[-41,53],[-56,14]],[[308,1883],[-61,69],[-93,43],[34,125],[118,3],[37,-36],[65,-21],[42,27],[-1,86],[-38,51],[-99,39],[6,85],[15,33],[87,32]],[[761,1863],[-8,-43],[14,-95]],[[767,1725],[34,-140],[-41,-40],[3,-100],[21,-55],[-13,-69]],[[771,1321],[-50,18],[-72,0],[-155,-18],[-10,-42],[-108,0],[-15,29],[-77,29],[-34,-23],[-7,-56],[-64,-51],[-17,-40],[-36,-21],[-62,36]],[[64,1182],[46,51],[35,134],[-10,61],[-46,101],[-26,103],[15,39],[95,-35],[52,86],[13,51],[-14,36],[31,75],[53,-1]],[[1517,2140],[45,-33],[-12,-42],[71,-31],[31,-57],[-38,-56],[-59,-4],[-35,-37],[-70,-11],[-10,-107],[-18,-24]],[[1422,1738],[-57,-19],[-52,16],[-50,-61]],[[1263,1674],[-51,30],[-23,51],[-119,-18],[-76,22],[-189,-11],[-38,-23]],[[1491,1489],[0,-27],[84,-32],[-1,-76],[-15,-59],[47,-57],[12,-64]],[[1618,1174],[-51,-6],[-117,-72],[-154,16]],[[1296,1112],[-64,106],[-28,105],[11,42],[137,77],[-143,64],[-11,-37],[-60,0],[-50,19],[75,131],[100,55]],[[1422,1738],[5,-61],[37,-60],[-7,-69],[34,-59]],[[1618,1174],[54,-26],[-15,-36],[14,-62],[49,-16]],[[1720,1034],[-15,-76]],[[1705,958],[-35,8],[-99,-34],[-115,15],[-27,-119],[-44,-35],[-95,-111]],[[1290,682],[-44,60],[-41,-9],[-39,99],[-48,92],[-6,78]],[[1112,1002],[155,36],[29,74]],[[1112,1002],[-44,-15],[-50,21],[-52,-35],[-87,6],[-60,71],[9,48],[-23,34]],[[805,1132],[14,71],[-9,43],[-33,32],[-6,43]],[[1705,958],[35,-33],[86,-22],[11,-113],[25,-48],[-29,-77],[5,-64],[-59,-154],[-69,2]],[[1710,449],[-46,-16]],[[1664,433],[-61,22],[7,-69]],[[1610,386],[-220,-37]],[[1390,349],[-8,53],[66,74],[-43,145],[-72,-23],[-43,84]],[[1390,349],[-144,-57],[-229,-79],[-22,-19],[-147,-35],[-74,-59],[-59,-11],[-146,-89],[-60,16],[1,178],[-17,89],[26,26],[-11,63],[45,35],[10,68],[37,48],[-25,19],[27,61],[-13,53]],[[589,656],[166,32],[7,158],[-18,235],[61,51]],[[2807,1385],[-22,51],[-49,37],[-55,12],[-40,36],[-59,9]],[[2582,1530],[17,36],[-122,166],[-40,4],[-32,74],[-50,14],[-17,59]],[[2338,1883],[17,39],[-22,41],[39,130],[-19,46],[25,44]],[[2178,2691],[27,69],[70,40],[38,-13],[87,50],[124,26],[133,-16],[57,-36],[72,-7],[22,-49],[54,-13],[41,-85],[51,-67],[24,-10],[45,41],[8,-101],[-51,-71],[-8,-41],[59,-20],[21,-47],[58,-365],[-59,-38],[11,-42],[-47,-22],[-76,-97],[-52,-124],[-25,-157],[4,-38],[-33,-64],[-26,-9]],[[2338,1883],[-75,-15],[-68,-65],[-61,-34],[-61,-2],[7,-97],[-33,-6],[-43,-42]],[[2004,1622],[-125,9],[-87,-77],[-58,-27],[-48,-46],[-41,-7],[-43,37],[-111,-22]],[[2617,764],[-129,34],[-50,-25],[-56,-50],[-3,-70],[-193,-11],[-56,21],[-24,46],[-101,65],[101,187]],[[2106,961],[16,27],[94,-47],[52,25],[-5,65],[35,63],[161,73]],[[2459,1167],[50,-2],[34,-137],[35,11],[76,-109],[-15,-98],[-22,-68]],[[2582,1530],[-24,-32],[-19,-99],[-68,-41],[11,-45],[-34,-78],[11,-68]],[[2106,961],[-123,30]],[[1983,991],[-17,97],[-30,8],[14,55],[-36,16],[-41,-16],[-28,78],[9,37],[77,32],[-7,59],[24,40],[32,98],[-9,81],[33,46]],[[1664,433],[46,-15],[103,11],[16,-28],[-130,-4],[-89,-11]],[[2617,764],[17,-30]],[[2634,734],[-3,-71],[16,-60],[-14,-35],[0,-88],[17,-24],[-70,-40]],[[2580,416],[-178,35],[-123,41],[-52,-9],[-48,11],[-81,-10],[19,-34],[132,29],[97,-25],[-321,-26],[-84,-19],[-95,-3],[-21,40],[-52,-17],[-63,20]],[[1720,1034],[18,5],[79,-64],[142,-4],[24,20]],[[589,656],[-14,112],[-58,-3],[-62,51],[-62,17],[-22,107],[-44,45],[-45,14],[-64,-11],[-127,40],[-15,49],[-50,-7],[-26,58],[64,54]],[[2807,1385],[-66,-104],[8,-68],[-27,-51],[47,-188]],[[2769,974],[-71,-169],[-37,-61],[-27,-10]],[[2769,974],[27,-44],[16,-85],[34,-91],[-5,-59],[31,-42],[48,8],[47,-21],[27,-123],[-29,-4],[4,-101],[-85,14],[-16,-32],[-43,21],[-40,-7],[-34,39],[37,76],[-49,-5],[-42,-121],[-117,19]]],"objects":{"CIV.geo":{"type":"GeometryCollection","geometries":[{"arcs":[[0,1,2,3,4]],"type":"Polygon","properties":{"name":"Savanes","postal":null},"id":"CIV"},{"arcs":[[-4,5,6,7]],"type":"Polygon","properties":{"name":"Denguélé","postal":"DE"},"id":"CIV"},{"arcs":[[8,9,10,-7]],"type":"Polygon","properties":{"name":"Bafing","postal":"BF"},"id":"CIV"},{"arcs":[[11,12,13,14,-10]],"type":"Polygon","properties":{"name":"Dix-Huit Montagnes","postal":"BA"},"id":"CIV"},{"arcs":[[15,16,17,-12,-9,-6,-3]],"type":"Polygon","properties":{"name":"Worodougou","postal":"WR"},"id":"CIV"},{"arcs":[[18,19,20,-17,21]],"type":"Polygon","properties":{"name":"Marahoué","postal":"ZU"},"id":"CIV"},{"arcs":[[22,23,24,25,26,-20]],"type":"Polygon","properties":{"name":"Fromager","postal":"FR"},"id":"CIV"},{"arcs":[[-21,-27,27,28,-13,-18]],"type":"Polygon","properties":{"name":"Haut-Sassandra","postal":null},"id":"CIV"},{"arcs":[[29,30,31,32,33,-25]],"type":"Polygon","properties":{"name":"Sud-Bandama","postal":"LA"},"id":"CIV"},{"arcs":[[-26,-34,34,35,-28]],"type":"Polygon","properties":{"name":"Bas-Sassandra","postal":"SO"},"id":"CIV"},{"arcs":[[36,37,38,-1,39]],"type":"Polygon","properties":{"name":"Zanzan","postal":"ZA"},"id":"CIV"},{"arcs":[[-39,40,41,-22,-16,-2]],"type":"Polygon","properties":{"name":"Vallée du Bandama","postal":"VB"},"id":"CIV"},{"arcs":[[42,43,44]],"type":"Polygon","properties":{"name":"Agnéby","postal":"AV"},"id":"CIV"},{"arcs":[[45,-44,46,47,-41,-38]],"type":"Polygon","properties":{"name":"N'zi-Comoé","postal":"BG"},"id":"CIV"},{"arcs":[[[-32,48]],[[-47,-43,49,50,51,-30,-24,52]]],"type":"MultiPolygon","properties":{"name":"Lagunes","postal":"AB"},"id":"CIV"},{"arcs":[[-29,-36,53,-14]],"type":"Polygon","properties":{"name":"Moyen-Cavally","postal":null},"id":"CIV"},{"arcs":[[54,55,-50,-45,-46,-37]],"type":"Polygon","properties":{"name":"Moyen-Comoe","postal":null},"id":"CIV"},{"arcs":[[-48,-53,-23,-19,-42]],"type":"Polygon","properties":{"name":"Lacs","postal":"TM"},"id":"CIV"},{"arcs":[[-51,-56,56]],"type":"Polygon","properties":{"name":"Sud-Comoé","postal":"SC"},"id":"CIV"}]}}}