{"type":"Topology","transform":{"scale":[0.0029466974917362423,0.0028909066787734515],"translate":[8.5050561856944,1.7345426519019411]},"arcs":[[[1931,2852],[-75,70],[-100,13],[-8,-37],[-70,-17],[-19,18]],[[1659,2899],[19,25],[18,107],[22,63],[60,87],[4,30],[77,90],[47,-15],[160,91],[6,52],[-22,25],[26,68],[-6,40],[22,47],[-53,54],[-100,12],[-52,249],[65,-24],[21,-48],[39,23],[39,-54],[96,-56],[26,-101],[-2,-63],[50,-21],[-3,-63],[24,-41],[-15,-29],[23,-58],[-20,-27],[-19,-94],[16,-135],[80,-166],[79,-80],[49,-31],[-101,-21],[-57,19],[-164,-21],[-99,25],[-83,-6]],[[281,757],[41,53]],[[322,810],[-2,-59],[-39,6]],[[678,1098],[-39,-41],[39,-28],[-37,-66],[53,-27],[92,62],[34,-42],[44,-114],[-112,-38],[-43,-109],[-44,34],[-31,-26],[-13,-61],[-30,-12]],[[591,630],[-40,8],[-35,-81],[-33,-26]],[[483,531],[-97,93],[-6,73],[22,38],[-17,52],[-46,32]],[[339,819],[-22,49],[26,57],[2,51],[42,45],[51,78],[18,61],[-31,73],[38,20]],[[463,1253],[46,-57],[-3,-22],[39,-66],[51,49],[38,3],[44,-62]],[[915,1627],[-5,-51]],[[910,1576],[-60,-16],[-5,-46],[-53,-36],[-51,3],[-29,-59],[-145,-22],[-27,-18]],[[540,1382],[-60,1],[-83,40],[-22,66],[58,32],[8,46],[-38,93]],[[403,1660],[26,83],[36,5],[83,71],[40,-42],[88,1],[36,64],[78,-39],[15,-45],[61,-40],[14,-87],[35,-4]],[[1486,1476],[-3,-33],[65,-121],[-56,-113],[39,-41],[15,-49],[43,-16],[17,-38],[-9,-78],[-105,-15],[-45,-141],[9,-24],[-98,-77],[36,-32],[-15,-67]],[[1379,631],[-35,35],[-71,-70],[-11,-44],[-110,46],[-51,-47],[-19,-42],[-53,-21],[-109,-4],[-61,97],[-64,1],[-23,22],[-167,-42],[-14,68]],[[678,1098],[35,-3],[59,37],[56,-13],[45,116],[39,44],[6,87],[34,42],[-6,65]],[[946,1473],[110,27],[58,42],[63,23],[35,-29],[80,7],[71,-67],[123,0]],[[2012,1503],[11,-55],[40,1],[16,-64],[-5,-84],[-26,-67],[42,-55],[-1,-50],[19,-130],[96,-76],[35,-100],[-6,-79],[29,-44],[209,-225],[38,-1],[66,-83],[-10,-56],[19,-109],[30,-57],[-35,-10],[-13,-74],[32,-85],[-45,6],[-89,54],[-96,23],[-45,-18],[-39,38],[-49,-16],[-43,8],[-32,32],[-56,1],[-48,36],[-44,-26],[-57,7],[-205,1]],[[1750,146],[-11,238],[-47,-20],[-204,35],[-31,13],[-34,113],[-50,64],[6,42]],[[1486,1476],[298,0],[67,18],[33,-7],[128,16]],[[2288,1914],[-72,-170],[-35,-23],[-72,-156],[-63,-24],[-34,-38]],[[946,1473],[1,90],[-37,13]],[[915,1627],[49,2],[64,70],[1,62],[29,37],[84,67],[-30,40],[21,54],[61,69],[11,65],[48,66],[12,74]],[[1265,2233],[83,-84],[47,-10],[13,-60],[150,-50],[53,2],[15,35],[73,-40],[50,23],[60,5],[32,-28],[59,-6],[74,-91],[5,-45],[44,-4],[65,-49],[200,83]],[[1931,2852],[-84,-118],[30,-24],[97,-113],[9,-26],[151,-122],[81,-54],[52,-62],[54,-119],[33,-102],[41,-17],[-14,-74],[-30,-65],[-63,-42]],[[1265,2233],[-2,68],[60,38],[-9,34],[96,22],[50,60],[5,92],[26,71],[-15,26],[43,33],[73,24],[22,84],[-17,37],[13,65],[49,12]],[[463,1253],[31,67],[46,62]],[[339,819],[-17,-9]],[[281,757],[-16,24],[-103,34],[3,44],[-25,35],[3,73],[-69,17],[-50,-30],[-24,20],[33,115],[67,96],[32,160],[-25,28],[12,50],[45,31],[97,92],[18,33],[94,75],[30,6]],[[1750,146],[-125,1],[-17,39],[-168,-12],[-148,26],[-37,-11],[-148,0],[-50,10],[-91,-3],[-10,-47],[-452,0],[-61,34],[4,104],[19,110],[27,69],[-10,65]]],"objects":{"CMR.geo":{"type":"GeometryCollection","geometries":[{"arcs":[[0,1]],"type":"Polygon","properties":{"name":"Extrême-Nord","postal":"EN"},"id":"CMR"},{"arcs":[[[2,3]],[[4,5,6,7,8]]],"type":"MultiPolygon","properties":{"name":"Littoral","postal":"LT"},"id":"CMR"},{"arcs":[[9,10,11,12]],"type":"Polygon","properties":{"name":"Nord-Ouest","postal":"NW"},"id":"CMR"},{"arcs":[[13,14,-5,15,16]],"type":"Polygon","properties":{"name":"Centre","postal":"CE"},"id":"CMR"},{"arcs":[[17,18,-14,19]],"type":"Polygon","properties":{"name":"Est","postal":"ES"},"id":"CMR"},{"arcs":[[20,-20,-17,21,-10,22,23]],"type":"Polygon","properties":{"name":"Adamaoua","postal":"AD"},"id":"CMR"},{"arcs":[[24,-24,25,-1]],"type":"Polygon","properties":{"name":"Nord","postal":"NO"},"id":"CMR"},{"arcs":[[-16,-9,26,-11,-22]],"type":"Polygon","properties":{"name":"Ouest","postal":"OU"},"id":"CMR"},{"arcs":[[-27,-8,27,-3,28,-12]],"type":"Polygon","properties":{"name":"Sud-Ouest","postal":"SW"},"id":"CMR"},{"arcs":[[-19,29,-6,-15]],"type":"Polygon","properties":{"name":"Sud","postal":"SU"},"id":"CMR"}]}}}