{"type":"Topology","transform":{"scale":[0.0030355023414540515,0.0029538316776566774],"translate":[12.210554868912084,-13.458350523557838]},"arcs":[[[3374,5960],[36,-16],[68,-62],[47,-21],[79,16],[116,-43],[-40,-50],[-73,14],[-36,-37],[-40,-5],[-82,-31],[-4,-47],[36,-11],[1,-65],[22,-31],[55,58],[20,-31],[-29,-81],[-7,-57],[24,-38],[37,-18],[47,10],[110,-69],[7,-45],[-97,18],[-86,-52],[-33,27],[-51,-49],[-57,19],[-51,-65],[-15,-72],[-42,-35],[96,-79],[61,-117],[12,-99],[31,-78],[65,-110],[84,-116],[-34,-42],[-45,12],[-54,-44],[66,-5],[24,-23],[59,18],[55,-74],[-79,-44],[11,-27],[99,-68],[24,-37],[103,-69],[58,0],[34,-51],[16,-86]],[[4022,3952],[-111,13],[-84,-8],[-46,-83],[-48,3],[-112,-20],[-34,42],[-62,9],[-95,36],[-41,-51],[-104,16],[36,-167],[-31,-15],[-29,51],[-69,-65]],[[3192,3713],[-23,-11],[-120,57],[-4,-34],[-55,-18],[-92,7]],[[2898,3714],[-7,39],[-97,118],[-81,-21],[-58,21],[-28,26],[-61,0],[-37,16],[-20,53],[-39,26],[-38,-45],[-22,4],[-14,56],[-62,118],[-69,93],[-26,84],[-69,-60],[23,-77],[-15,-22],[-99,-15],[-52,35],[-57,11],[-57,-61],[-42,-28],[-122,-45],[-146,-95],[-61,-25],[-1,-40],[-80,0],[-39,47]],[[1422,3927],[99,197],[66,62],[89,24],[38,36],[111,133],[-11,111],[13,63],[32,85],[29,41],[-16,83],[5,45],[-14,93],[32,60],[36,122],[0,206],[58,121],[48,66],[48,125],[24,15],[10,67],[-17,130],[19,114],[-37,88],[61,24],[35,62],[60,69],[24,49],[108,75],[102,2],[56,-45],[38,-10],[109,-68],[42,-58],[-3,-26],[49,-39],[88,15],[70,-22],[46,-33],[104,-16],[61,18],[94,-18],[97,-39],[49,6]],[[5855,4844],[-41,37],[-41,-25],[-124,-40],[5,-49],[-78,19],[-40,-22],[-66,6],[-97,-11],[-47,46],[-104,-12],[-55,-35],[-7,-39],[48,-7],[17,-70],[23,-34],[-17,-46],[5,-83],[-54,-38],[-22,-38],[-47,-39]],[[5113,4364],[-88,30],[-28,-8],[-65,24],[-60,57],[-50,21],[-49,-35],[-77,-23],[-49,59],[-52,36],[-14,-33],[82,-68],[13,-24],[-47,-59],[8,-82],[-37,-25],[-5,-59],[-48,-120],[-26,1],[-41,-128],[-83,1],[-74,-75],[-79,-8],[-36,55],[-49,-7],[-126,6]],[[4033,3900],[-11,52]],[[3374,5960],[19,15],[91,181],[37,33],[39,-25],[50,-4],[72,-51],[20,25],[121,55],[44,-2],[53,36],[86,30],[29,32],[47,-27],[17,-33],[45,-3],[56,24],[114,14],[0,52],[19,42],[72,22],[102,-64],[75,19],[113,-62],[99,10],[34,-17],[42,45],[40,10],[108,-44],[36,-58],[29,-3],[41,-45],[2,-55],[80,-15],[0,-26],[54,-43],[42,2],[33,-26],[82,60],[109,14],[62,-50],[43,13],[55,97],[107,-39],[-6,-51],[51,-33],[0,-25],[66,-51],[19,-43],[111,-30],[12,-91],[43,11],[67,-38],[6,-36],[-37,-57],[-19,-71],[36,-48],[-40,-108],[45,-82],[38,21],[93,-75],[-41,-45],[-76,-46],[-96,-102],[-43,-36],[-41,-100],[-42,-22],[-31,-79],[-53,-18]],[[2898,3714],[-22,-75],[-33,-40],[-58,-153],[-7,-77],[9,-211],[-23,-26],[-68,-24],[-42,-38],[-44,37],[-29,-27],[24,-47],[-22,-77],[46,-145],[-14,-70],[11,-98],[-10,-39],[-61,-74],[-40,-15],[-49,-43],[11,-133],[70,-107],[7,-46]],[[2554,2186],[-145,0],[-15,-107],[12,-55],[-29,-34],[-30,-97],[7,-46],[-192,0],[-11,24],[-74,0],[-2,-22],[-105,0],[-30,-38],[-65,20],[-37,-11],[-81,-1],[-30,68],[-54,62],[-113,168],[9,64],[-16,43],[-30,21],[-24,45],[-22,100],[11,71],[-41,43],[-35,61],[-130,8]],[[1282,2573],[40,54],[-1,89],[19,148]],[[1340,2864],[-4,73],[51,85],[23,9],[19,53],[-9,34],[-43,51],[-71,38],[-61,-1],[-34,16]],[[1211,3222],[110,206],[-14,152],[15,84],[-15,118],[17,54],[98,91]],[[3192,3713],[31,-64],[54,-72],[11,-42],[-49,-134],[-20,-25],[4,-52],[51,-30],[9,-61],[77,-73],[88,-57],[63,-68],[83,-14],[20,-60],[-72,-51],[5,-47],[91,-85],[47,12],[96,-51],[17,-79],[-113,-55],[-39,8],[-92,-11],[-15,-30],[4,-58],[40,-62],[-51,-121],[3,-32],[99,-104],[-14,-38],[4,-100],[-17,-141]],[[3607,1916],[-93,-35],[-65,17],[-21,44],[-43,-22],[-78,-6],[-57,10],[-82,44]],[[3168,1968],[5,93],[-19,29],[-416,0],[1,48],[28,77],[-92,0],[-12,-29],[-109,0]],[[969,3058],[64,-79],[33,42],[74,-6],[27,-51],[-10,-47],[-33,-20],[36,-38],[42,-4],[10,34],[48,-21],[80,-4]],[[1282,2573],[-461,-8],[-42,-8],[-182,11],[-26,11],[-209,-11],[-160,15],[-33,-51],[-91,-25],[-78,98],[99,13],[6,190],[-28,37],[77,44],[51,68],[76,20],[36,-4],[61,-40],[45,-2],[59,23],[39,104],[54,-23],[22,26],[85,35],[34,-8],[27,-37],[-38,-41],[18,-37],[-3,-61],[41,5],[38,-21],[64,30],[33,57],[73,75]],[[969,3058],[17,30],[84,42],[36,59],[105,33]],[[5559,3904],[3,-100],[-29,9],[26,91]],[[5550,3971],[-37,-73],[7,-37],[-28,-20],[15,-48],[-28,-40],[16,-95],[36,-17],[52,-102],[22,-9],[6,-80],[-36,-54],[6,-86],[-21,-122],[13,-104],[43,78],[-17,-128],[-19,-6],[-17,-86],[6,-78]],[[5569,2864],[-96,0]],[[5473,2864],[-27,31],[-28,75],[-55,103],[-103,83],[-27,-22],[-119,71],[-80,6],[-95,32],[-36,44],[11,154],[-21,109],[-46,55],[-30,99],[9,128],[54,-7],[48,-28],[65,35],[22,41],[108,6]],[[5123,3879],[32,13],[46,-33],[101,22],[10,43],[80,-18],[30,46],[26,0],[39,39],[63,-20]],[[5113,4364],[30,-39],[-20,-65],[-68,-21],[-17,12],[-74,-28],[15,-71],[-27,-30],[84,-109],[70,-68],[17,-66]],[[5473,2864],[-841,0]],[[4632,2864],[-384,0],[-80,107],[5,30],[44,50],[-17,140],[-75,90],[21,27],[-5,77],[42,37],[42,100],[25,101],[-8,105],[-114,-7],[-82,122],[-13,57]],[[4632,2864],[-61,-129],[19,-42],[-22,-56],[30,-42],[2,-146],[-71,-26],[-8,22],[-56,11],[-37,-34],[-46,-17],[-64,7],[-19,-24],[33,-41],[46,-3],[-18,-56],[-52,-20],[-48,30],[-55,3],[-25,-44],[-99,-67],[-59,-28],[-57,27],[-19,39],[-73,-112],[8,-46],[-20,-61],[-2,-70],[-50,-59],[-111,-6],[-82,5],[-9,37]],[[5569,2864],[-6,-23],[26,-76],[65,-108],[-17,-70],[-47,-34],[4,-48],[27,-23],[56,-132],[18,-63],[87,-107],[70,-31],[46,-40],[20,-40],[8,-86],[23,-80],[81,-68],[18,-62],[-234,-37],[-311,-48],[-189,-207],[-9,-65],[13,-62],[24,-24],[45,15],[35,-114],[-13,-95],[-20,-40],[20,-25],[2,-76],[21,-42],[-45,-57],[-28,-90],[-2,-50],[-38,-75],[47,-139],[106,-74],[68,-94],[75,-4],[81,-29],[-9,70],[107,30],[0,-430],[-32,-11],[-33,24],[22,32],[-31,23],[-128,-72],[-78,29],[-15,64],[-77,106],[-28,-13],[-37,51],[14,23],[-57,74],[-69,7],[-14,18],[-85,40],[-64,-12],[-39,39],[-32,87],[-62,39],[-17,81],[-56,-14],[-21,-102],[-24,-18],[-76,-7],[-88,25],[-126,2],[-51,38],[-37,-3],[-35,24],[-46,5],[-45,25],[-22,92],[-31,42],[-79,-7],[-76,-20],[-49,-40],[-70,12],[13,71],[-25,47],[-63,5],[-4,43],[-54,12],[-38,-49],[-112,21],[-40,-4],[-58,-32],[-60,-10],[-53,16],[-41,-14],[-75,18],[-20,-36],[-52,-30],[-38,131],[51,30],[-4,137],[-35,77],[-14,67],[-54,41],[-47,65],[-20,76],[16,40],[6,146],[28,132],[-28,95],[-34,54],[5,71],[18,54]],[[5855,4844],[-18,-22],[4,-97],[-36,-55],[-11,-55],[-28,-25],[-13,-72],[-69,-35],[-51,-127],[20,-29],[82,26],[-3,-89],[-19,-22],[9,-156],[-47,-40],[-26,-1],[-45,-58],[-54,-16]]],"objects":{"COD.geo":{"type":"GeometryCollection","geometries":[{"arcs":[[0,1,2,3,4]],"type":"Polygon","properties":{"name":"Équateur","postal":"EQ"},"id":"COD"},{"arcs":[[5,6,7,-1,8]],"type":"Polygon","properties":{"name":"Orientale","postal":"HC"},"id":"COD"},{"arcs":[[9,10,11,12,13,-4]],"type":"Polygon","properties":{"name":"Bandundu","postal":"BN"},"id":"COD"},{"arcs":[[14,15,16,-10,-3]],"type":"Polygon","properties":{"name":"Kasaï-Occidental","postal":"KC"},"id":"COD"},{"arcs":[[17,-12,18]],"type":"Polygon","properties":{"name":"Bas-Congo","postal":"BC"},"id":"COD"},{"arcs":[[-18,19,-13]],"type":"Polygon","properties":{"name":"Kinshasa City","postal":"KN"},"id":"COD"},{"arcs":[[[20]],[[21,22,23,24]]],"type":"MultiPolygon","properties":{"name":"Sud-Kivu","postal":"KV"},"id":"COD"},{"arcs":[[25,-24,26,27,-7]],"type":"Polygon","properties":{"name":"Maniema","postal":null},"id":"COD"},{"arcs":[[-8,-28,28,-15,-2]],"type":"Polygon","properties":{"name":"Kasaï-Oriental","postal":"KR"},"id":"COD"},{"arcs":[[-16,-29,-27,-23,29]],"type":"Polygon","properties":{"name":"Katanga","postal":"KT"},"id":"COD"},{"arcs":[[30,-25,-26,-6]],"type":"Polygon","properties":{"name":"Nord-Kivu","postal":null},"id":"COD"}]}}}