{"type":"Topology","transform":{"scale":[0.0025077916575214562,0.0026591090556363634],"translate":[11.114016304109157,-5.008283422085549]},"arcs":[[[1663,2038],[-60,-41],[37,-40],[-14,-45],[-117,-16],[21,-97],[55,-14],[25,-80],[-57,-80],[63,-52],[-8,-41],[-62,-60],[-104,-9],[-116,-26]],[[1326,1437],[-19,62],[26,63],[17,84],[-13,30],[-69,43],[-54,7],[-25,53],[-105,27],[35,58],[-20,93],[30,58],[38,24],[14,47],[62,1],[86,103],[9,37],[-78,91],[-22,75]],[[1238,2393],[110,13],[16,-52],[95,-26],[81,-49],[39,-3],[32,-30],[-24,-57],[-2,-106],[78,-45]],[[1113,195],[-46,25],[-32,-15],[-8,-86],[-44,-34]],[[983,85],[-17,28],[-58,29],[-46,75],[-84,20],[-30,22],[-50,85],[-100,102],[2,82],[15,29]],[[615,557],[56,-13],[41,-102],[56,-36],[122,0],[14,-42],[53,7],[42,96],[39,13],[57,73]],[[1095,553],[72,-12],[44,42],[37,-16],[24,-50],[-36,-22],[65,-97],[-57,-15],[-29,-61],[-79,-50],[-23,-77]],[[2565,1599],[-106,4],[-29,22],[4,80],[-31,13],[5,89],[14,12],[-15,91],[22,51],[-62,71]],[[2367,2032],[-133,162],[-9,60],[35,36],[6,45],[-39,103],[3,71],[20,50],[-14,96],[14,24],[-9,102],[-19,33],[-53,29],[-50,66]],[[2119,2909],[22,50],[-15,37],[18,41],[31,149],[28,24],[148,4],[130,30],[49,34],[67,-31],[72,-6],[14,-26],[96,9],[39,-33],[27,37],[106,6],[45,-43],[6,-57],[-12,-74],[-33,-24],[-54,-132],[-67,-86],[-61,-122],[-1,-229],[-23,-49],[-23,-94],[-35,-58],[16,-104],[-6,-39],[24,-61],[-5,-43],[-34,-45],[-39,-94],[-16,-70],[13,-123],[-81,-88]],[[2367,2032],[-283,-133],[-84,31],[-10,50],[-91,70],[-60,9],[-54,-14],[-25,-29],[-97,22]],[[1238,2393],[-38,14],[-131,16],[-100,-57],[-67,4],[-50,-27],[-4,78],[-44,61],[25,95],[-12,21],[47,54],[5,44],[388,-3],[66,-8],[62,26],[47,-36],[66,-1],[37,-34],[51,-10],[57,17],[46,-40],[53,19],[113,-25],[49,-43],[50,-8],[22,-44],[36,30],[-38,92],[16,80],[37,17],[92,184]],[[2022,778],[14,-147],[-134,-231],[-126,-35],[-43,-66],[-102,-47],[-42,-61],[-67,-55],[-40,-63],[-78,-34],[-53,24],[-42,-6],[4,68],[-23,41],[47,45],[-39,63],[-185,-79]],[[1095,553],[24,46],[83,89],[13,47],[40,27]],[[1255,762],[103,-37],[112,117],[45,9],[10,-56],[70,0],[51,-47],[92,5],[101,60],[39,8],[84,-46],[60,3]],[[2565,1599],[-99,-100],[-107,-27],[-80,-68],[-69,-119]],[[2210,1285],[-45,24],[-32,-7],[-48,27],[-29,59],[-71,36],[-58,16],[-79,46],[-16,37],[-44,8],[-62,-15],[-85,-66],[-34,-49],[-21,-61],[-49,-50],[-82,-32],[-70,-101],[-43,-32],[-44,36]],[[1298,1161],[13,94],[-11,25],[43,81],[-20,15],[3,61]],[[290,488],[150,-90],[94,-38],[40,-50],[15,-51],[76,-30]],[[665,229],[-69,-62],[-92,-21],[-18,-55],[-58,-1],[-23,-54],[-44,-36],[-49,47],[-46,76],[10,39],[-161,134],[-18,41],[-97,66],[39,90],[80,41],[28,30],[35,-14],[47,-58],[61,-4]],[[1191,952],[42,-82],[36,0],[17,-63],[-31,-45]],[[615,557],[-7,45],[34,40],[53,-1],[56,24],[44,38],[8,52],[-49,56],[28,17],[-15,76],[2,90],[-19,2]],[[750,996],[77,-2],[103,-23],[59,37],[70,79],[37,-77],[-7,-54],[59,-13],[43,9]],[[983,85],[-75,-39],[-17,38],[-70,41],[-24,37],[-34,-13],[-69,78],[-29,2]],[[290,488],[23,33],[-28,28],[46,92],[-103,51],[31,70],[-51,56],[-44,-4],[34,62],[-21,124],[79,-25],[73,32],[49,-32],[159,32],[4,65],[-19,98],[84,27],[68,-35],[82,-139],[-6,-27]],[[2210,1285],[-21,-61],[-88,-93],[-60,-48],[-22,-59],[19,-131],[-16,-115]],[[1191,952],[50,58],[-30,24],[33,47],[7,63],[47,17]]],"objects":{"COG.geo":{"type":"GeometryCollection","geometries":[{"arcs":[[0,1,2]],"type":"Polygon","properties":{"name":"Cuvette-Ouest","postal":"CO"},"id":"COG"},{"arcs":[[3,4,5,6]],"type":"Polygon","properties":{"name":"Bouenza","postal":"BO"},"id":"COG"},{"arcs":[[7,8,9]],"type":"Polygon","properties":{"name":"Likouala","postal":"LI"},"id":"COG"},{"arcs":[[10,-3,11,-9]],"type":"Polygon","properties":{"name":"Sangha","postal":"SA"},"id":"COG"},{"arcs":[[12,-7,13,14]],"type":"Polygon","properties":{"name":"Pool","postal":"PO"},"id":"COG"},{"arcs":[[-8,15,16,17,-1,-11]],"type":"Polygon","properties":{"name":"Cuvette","postal":"CU"},"id":"COG"},{"arcs":[[18,19]],"type":"Polygon","properties":{"name":"Kouilou","postal":"KO"},"id":"COG"},{"arcs":[[20,-14,-6,21,22]],"type":"Polygon","properties":{"name":"Lékoumou","postal":"LE"},"id":"COG"},{"arcs":[[-22,-5,23,-19,24]],"type":"Polygon","properties":{"name":"Niari","postal":"NI"},"id":"COG"},{"arcs":[[25,-15,-21,26,-17]],"type":"Polygon","properties":{"name":"Plateaux","postal":"PL"},"id":"COG"}]}}}