{"type":"Topology","transform":{"scale":[0.002447125613059028,0.002528315177958212],"translate":[-81.71932455639212,-4.200757120977549]},"arcs":[[[5026,1171],[-6,-72],[-54,-270],[-60,-319],[-96,-510],[-98,68],[-11,41],[-39,38],[-96,-15],[-77,34],[280,422],[-69,32],[-57,58],[-36,-5],[-187,114],[-37,5],[-61,-25],[-27,-31],[-73,-12],[-28,45],[-128,45],[-80,-73],[-40,3],[-40,-34],[-89,-18],[-109,46],[-30,-33],[-67,0],[-43,32],[-70,18],[-15,41],[35,45],[-26,52],[-5,57],[-63,3],[-70,36],[6,88],[-35,30],[-22,58],[-100,25],[-16,31],[-131,50],[-25,35],[0,45],[-46,87]],[[2985,1438],[225,68]],[[3210,1506],[55,3],[102,-58],[60,10],[52,-39],[51,5],[34,26],[46,-30],[55,17],[76,-50],[58,51],[40,-28],[34,16],[3,48],[43,56],[60,32],[85,8],[61,72],[75,31],[49,39]],[[4249,1715],[66,-16],[8,-23],[81,-36],[1,-36],[38,-70],[35,16],[106,-31],[22,-41],[67,-17],[18,-29],[11,-108],[-27,-32],[63,-16],[93,20],[-21,-42],[63,-5],[38,16],[50,-53],[65,-41]],[[2813,4900],[96,-75],[47,-104],[-41,-83],[9,-41],[39,-24],[51,-138],[37,-6],[132,120]],[[3183,4549],[17,-111],[-49,-34],[-41,-57],[-75,-53],[-38,-12],[-11,-88],[-44,-48]],[[2942,4146],[-35,-64],[6,-79],[-29,-59]],[[2884,3944],[-47,-32],[-37,21],[-92,-33],[-18,-50],[-72,-13],[-27,66],[-87,7],[2,-66],[-62,16],[-49,-27]],[[2395,3833],[-75,34]],[[2320,3867],[-37,113],[8,45],[-43,23],[-12,49],[-42,13],[-143,-9],[-40,52],[4,73],[-62,76],[-13,53],[71,32],[-14,43],[61,10],[56,-13],[17,33],[-10,68],[-67,43],[-75,83],[-95,74],[35,57],[28,75],[-12,67]],[[1935,4927],[17,-51],[35,-35],[2,-50],[38,4],[11,62],[-15,126],[-51,88],[90,24],[94,75]],[[2156,5170],[22,-52],[65,-64],[5,-66],[-82,-124],[-6,-66],[-29,-75],[3,-55],[37,-88],[220,-6],[52,62],[61,19],[19,48],[129,141],[117,11],[44,45]],[[3974,4435],[12,-3]],[[3986,4432],[-56,-109],[-22,-101],[-68,-48]],[[3840,4174],[-38,-59],[30,-49],[-21,-70],[64,-86],[-40,-72],[-35,22],[-69,-81],[-49,-29],[-41,41],[-53,-57],[14,-62],[-51,-39],[-9,-99]],[[3542,3534],[-68,-23],[-76,77],[-58,24],[27,48],[-17,73],[-29,59],[-94,68],[-73,-73],[-99,44],[-23,40],[-16,95],[-42,-23],[-84,-6]],[[2890,3937],[-6,7]],[[2942,4146],[32,-74],[57,-10],[52,-66],[82,-67],[106,10],[31,-14],[8,72],[49,80],[47,-37],[-34,-79],[74,17],[28,50],[75,-17],[58,73],[57,41],[4,102],[52,-19],[30,26],[26,134],[-10,29]],[[3766,4397],[49,-15],[39,50],[44,14],[76,-11]],[[2460,5386],[0,-25],[95,-46],[15,-33],[89,-44],[1,-47],[-60,-33],[16,-126],[55,-47],[98,33],[55,-54],[1,-28]],[[2825,4936],[-12,-36]],[[2156,5170],[77,54],[35,95],[25,29],[81,43],[86,-5]],[[3307,4721],[50,-50],[100,-25],[15,32],[94,-5],[37,-55],[30,-124],[-24,-35],[70,-27],[66,-5],[21,-30]],[[3183,4549],[9,83],[30,34],[8,72],[-23,105],[35,47]],[[3242,4890],[45,-107],[-31,-60],[51,-2]],[[3598,5786],[-88,-11],[-21,22],[43,69],[-71,41],[-14,47],[-131,-3]],[[3316,5951],[-19,61],[8,59],[27,51]],[[3332,6122],[112,7],[97,78],[120,81],[126,37],[77,38],[51,86],[-13,52],[68,11],[15,-44],[61,66],[51,18],[-1,40],[84,-12],[101,-43],[53,-92],[-10,-31],[-127,-87],[-214,-53],[-18,-22],[-98,-173],[-92,-15],[-39,-69],[-43,-40],[-29,-72],[-66,-97]],[[6,6607],[-6,16],[5,14],[8,0],[-7,-30]],[[2890,3937],[-6,-117],[-35,-66]],[[2849,3754],[-108,1],[-50,-53],[-66,-11],[-34,-131]],[[2591,3560],[-51,49],[-84,12],[-61,-9],[-28,45],[48,58],[68,44],[-31,37],[-56,-9],[-1,46]],[[3542,3534],[-33,-196],[-95,33],[-74,-3],[-16,45],[-46,37],[-46,-40],[24,-87],[-26,1],[-139,-78]],[[3091,3246],[25,54],[-22,53],[14,66],[48,75],[-6,72],[-23,5],[-43,-66],[-18,-103],[2,-51],[-22,-67],[-31,4],[-8,-66],[-54,-95]],[[2953,3127],[-29,26]],[[2924,3153],[33,134],[-33,65],[-51,-24],[-81,38],[29,62],[21,132],[12,122],[-5,72]],[[3091,3246],[-22,5],[-92,-136],[-24,12]],[[2586,3527],[-78,-114],[-8,-52],[-66,-86]],[[2434,3275],[-27,12],[16,71],[-8,43],[-33,10],[11,75],[61,39]],[[2454,3525],[132,2]],[[2591,3560],[-5,-33]],[[2454,3525],[-79,20],[-69,108]],[[2306,3653],[-8,55],[-34,53],[56,106]],[[2924,3153],[-44,-38],[-39,-59],[-2,-29],[-56,-65],[-67,9],[15,48],[-110,-10],[-77,-23],[-62,-111],[-86,-70],[-72,15]],[[2324,2820],[-33,66],[15,46]],[[2306,2932],[11,91],[36,106],[42,63],[39,83]],[[3287,2304],[46,-74],[49,-53],[28,-60],[98,-83],[35,-6],[64,47],[30,60],[67,-6],[74,-38],[66,-108],[31,-30],[82,-29]],[[3957,1924],[41,-70],[101,-90],[61,-32],[48,5],[41,-22]],[[3210,1506],[-60,23],[-43,35],[-58,13],[-14,28],[-49,21],[-68,-8],[-35,22],[-8,82],[-24,19],[-90,28],[-14,79],[-84,18],[-24,84],[-97,13],[-25,26],[-117,24],[-29,52],[-58,10]],[[2313,2075],[-97,59],[4,53],[57,98]],[[2277,2285],[58,-7],[61,42],[94,119],[31,27],[53,84],[58,59],[24,59],[26,-9],[66,53],[-24,45],[64,72]],[[2788,2829],[68,-17],[55,-88],[-23,-88],[2,-58],[43,-62],[-31,-46],[4,-32],[40,-47],[242,-83],[99,-4]],[[2324,2820],[87,-77],[16,-26],[-26,-95],[-50,25],[-77,-47],[-97,-3],[14,-31],[-40,-69],[-33,7],[-26,-62],[9,-37],[95,-95],[81,-25]],[[2313,2075],[-62,-29],[-57,2],[-76,39],[8,78],[-29,53],[-34,11],[-42,-48],[-57,0]],[[1964,2181],[-5,75],[33,41],[-33,45],[-126,-23],[-37,11],[45,117],[-42,26],[2,48],[-55,19],[-104,-31],[-45,8],[-49,71],[-9,84],[-49,36]],[[1490,2708],[56,6],[21,-35],[55,21],[-25,48],[78,71],[-11,58],[75,90]],[[1739,2967],[41,-54],[42,-16],[62,27],[98,-39],[37,36],[43,-30],[49,0],[35,28],[13,55],[84,-17],[63,-25]],[[2953,3127],[-51,-87],[-14,-89],[-70,-60],[-30,-62]],[[1964,2181],[-72,-50],[25,-65],[-25,-55],[-61,-74],[53,-44],[2,-91]],[[1886,1802],[-42,-9],[-89,30],[-18,96],[-72,26],[-11,41],[-90,1],[-10,21],[-66,9],[-121,70],[-45,46],[-35,1],[-47,34],[-88,105],[-49,36],[71,73],[95,-8],[28,23],[-17,56],[-34,12],[-13,63],[52,96],[58,61],[41,24],[57,-50],[43,-4],[6,53]],[[2985,1438],[-111,83],[-61,72],[-54,-7],[-55,48],[-43,16],[-31,-31],[-56,18],[-93,58],[-69,6],[-45,32],[-52,72],[-105,38],[-43,-23],[4,-58],[-72,-12],[-63,19],[-66,-10],[-84,43]],[[1739,2967],[40,40],[35,67],[23,5],[45,106],[-57,-4],[-24,27],[50,62],[-96,-25],[-4,59]],[[1751,3304],[61,24]],[[1812,3328],[13,11]],[[1825,3339],[77,-55],[44,8],[26,-32],[66,-17],[56,20],[63,60],[-23,47],[29,103],[45,39],[10,37],[50,46],[38,58]],[[2779,5723],[-65,57],[-77,46],[4,72]],[[2641,5898],[11,21]],[[2652,5919],[0,19]],[[2652,5938],[79,41],[9,26],[68,42]],[[2808,6047],[50,-74],[-2,-126],[-31,-28],[-46,-96]],[[2779,5723],[-10,-52],[55,-41],[-25,-33],[16,-96],[20,-30],[-10,-57],[72,-44],[33,-46],[48,3],[79,-45],[35,-41],[45,2],[58,-28],[12,-38]],[[3207,5177],[26,-29],[-7,-76],[25,-65],[-9,-117]],[[2825,4936],[61,15],[43,53],[-21,109],[25,32],[-29,42],[-87,64],[-30,40],[-17,67],[17,34],[-53,20],[-69,66],[-68,14],[15,78],[-52,9],[-9,54],[-43,20]],[[2508,5653],[-13,70],[40,20],[12,64],[-10,41],[57,43],[47,7]],[[2652,5919],[0,19]],[[3598,5786],[-8,-100],[-22,-70],[5,-63],[-61,-110],[-62,-79],[-35,-77]],[[3415,5287],[-22,-6],[-13,-113],[9,-29],[-53,-63],[26,-68],[-15,-27],[66,-24],[-19,-50],[21,-75],[1,-85],[-56,-49],[-53,23]],[[3207,5177],[29,66],[-32,51],[-25,2],[-25,83],[-55,39],[44,37],[99,3],[-23,76],[-63,61],[-28,43],[6,46],[59,78],[56,9],[78,45],[-15,58],[21,32],[-17,45]],[[1751,3304],[61,24]],[[1825,3339],[-40,17],[13,168],[-19,115],[3,118],[-18,60],[-36,57],[67,11],[34,49],[-45,111],[-52,58],[35,36],[0,52],[21,59],[-28,59],[-49,7],[-17,35],[-52,47],[5,53],[-84,72],[31,95],[36,22],[25,51],[36,-52],[99,71],[-16,31],[72,78],[-12,45],[-54,69],[-24,73],[-24,28],[43,49],[41,-61],[58,-35],[33,-52],[28,-8]],[[2808,6047],[133,-36],[-22,-70],[49,-29],[38,12],[59,119],[-4,69],[17,26],[64,16],[83,-32],[107,0]],[[2460,5386],[32,14],[18,67],[-33,33],[28,102],[3,51]],[[5021,4083],[-57,-27],[-87,3],[-29,-14]],[[4848,4045],[-127,96],[-85,2],[-53,-19],[-147,-5],[-140,24],[-105,-30],[-106,1],[-91,-20],[-86,-30],[-42,25],[-36,50],[10,35]],[[3986,4432],[54,-7],[73,26],[151,-14],[41,-22],[91,19],[24,21],[82,15],[51,-6],[23,-28],[83,-30],[77,13],[21,-20],[259,-316],[5,0]],[[3415,5287],[76,9],[68,42],[23,-75],[52,14],[18,-32],[44,-162],[115,-117],[24,-100],[-64,-65],[16,-42],[-13,-72],[13,-83],[100,-23],[51,-125],[36,-21]],[[4848,4045],[-47,-86],[-76,-83],[-120,-26],[-93,-57],[-4,-26],[-111,-82],[-41,-78]],[[4356,