{"type":"Topology","transform":{"scale":[0.001662269689435812,0.0010299809425809386],"translate":[-84.94745147539292,19.835733841474273]},"arcs":[[[2962,2042],[-43,-61],[-3,-50]],[[2916,1931],[-102,60],[-101,150],[25,59],[-53,88],[-32,-27],[40,-73],[-74,-34]],[[2619,2154],[-15,65],[-74,-4],[-54,39],[-60,109],[-5,88],[31,91],[31,27],[128,-21],[63,79]],[[2664,2627],[39,44],[81,-52],[59,-102],[-7,-56],[55,-40],[20,-71],[5,-129],[46,-179]],[[1257,2037],[101,-51],[-2,-56],[61,-84],[-15,-71],[46,-66],[-33,-53],[-145,-94],[-42,-7],[-103,31],[-51,78],[83,-1],[33,41],[-63,165],[0,80],[51,102],[79,-14]],[[1205,3058],[17,-141],[-23,-49],[78,-174]],[[1277,2694],[-58,-60],[-83,-57],[-65,-146],[-56,2],[-56,-112],[-37,-39],[-62,2],[-30,57],[-28,-50],[-97,-24],[-90,1],[-46,-111],[5,-103],[-29,-33],[-61,22],[-97,-54],[-97,-111],[-34,16],[29,115],[-38,34],[-74,-27],[-84,-78],[-51,-8],[-38,36],[124,89],[95,54],[37,39],[36,-25],[84,25],[-8,80],[-56,69],[23,147],[59,129],[37,17],[32,80],[94,90],[89,70],[109,50],[21,-7],[70,77],[62,29],[41,-10],[24,56],[62,49],[40,-21],[60,38],[70,-33]],[[3622,2488],[-29,-119],[-36,-96],[-7,-78],[49,-51],[2,-40],[-41,-55],[-56,-190],[8,-83],[84,25],[6,-89]],[[3602,1712],[-70,-13],[-56,-33],[-48,0],[-69,46],[-65,3],[-90,54],[-11,29],[-106,23],[-48,-12],[0,59],[-65,-38],[-31,81],[-27,20]],[[2962,2042],[71,69],[69,-27],[37,78],[-30,101],[84,6],[59,-22],[65,96],[44,-17],[4,63],[-49,117],[11,54]],[[3327,2560],[45,-57],[116,-35],[87,26],[47,-6]],[[3622,2488],[87,-8],[15,-66],[49,34],[65,-35],[50,-59],[62,-13],[48,-81],[83,-24],[50,-54]],[[4131,2182],[3,-44],[-106,-109],[58,-104],[-20,-50],[-87,17],[6,-47],[-78,-121],[-47,-12],[-67,-63]],[[3793,1649],[-55,29],[-16,74],[-120,-40]],[[3968,2628],[41,-82],[-88,-38],[-126,71],[40,37],[64,0],[28,31],[41,-19]],[[4815,1575],[-58,-47],[-36,7],[-19,-75],[0,-161],[-33,-73],[-37,-20],[-26,-80],[-106,57],[-8,-49],[-105,-42],[-2,-62],[-64,-20],[-32,-67],[-8,-79]],[[4281,864],[-67,-27],[-74,14],[-107,139],[-60,91],[-36,9],[-55,87],[-6,96],[-53,306],[-30,70]],[[4131,2182],[111,-200],[32,22],[49,-84],[58,-31],[88,30],[-52,86],[20,29],[38,-66],[65,-70],[43,-24],[113,-117],[-8,-88],[-57,53],[-17,-88],[12,-41],[63,18],[27,105],[23,-7],[76,-134]],[[4247,2175],[48,23],[109,-56],[-13,-69],[-28,-22],[-77,34],[-39,90]],[[4187,2331],[72,-63],[-74,-29],[-33,55],[35,37]],[[4061,2526],[58,-40],[20,-83],[-62,0],[-36,68],[20,55]],[[5754,45],[-64,138],[34,68],[-30,135],[2,104],[62,80]],[[5758,570],[27,15],[60,-26],[25,59],[51,12],[34,-50],[48,38],[79,-64],[33,37],[-2,61],[43,47]],[[6156,699],[66,-68],[66,-127],[57,-46],[54,-13],[52,23],[51,-73],[-1,-58],[-54,-51],[-22,-60],[-75,12],[-114,-32],[-139,-10],[-45,-52],[-36,-8],[-18,-51],[-71,-25],[6,125],[-51,-1],[-38,-122],[-90,-17]],[[4949,861],[43,-34],[48,9],[3,-53],[187,-125],[45,-74]],[[5275,584],[-31,-39],[-83,-39],[-31,-122],[7,-122],[-32,-53],[-58,-8],[-3,-38],[-64,-4],[-79,37],[-78,-35],[-23,-47],[-48,-14],[8,-50]],[[4760,50],[-93,25],[-81,-12],[-21,-35],[-217,-28],[-10,37],[70,142],[132,173],[132,94],[41,71],[18,94],[-18,46],[-76,49],[27,71],[-51,25],[-35,53]],[[4578,855],[63,66],[117,-44],[40,14],[82,-10],[26,-46],[43,26]],[[5758,570],[-55,107],[-27,17],[-88,-106],[-56,-2],[-44,-31],[-70,68],[-27,56],[-65,-35],[2,-76],[-53,16]],[[4949,861],[20,207],[103,44],[9,42],[95,100],[18,121]],[[5194,1375],[106,-82],[12,-74],[52,-16],[126,60],[71,-17],[75,-103],[-33,-98],[-43,-81],[-39,7],[-8,-87],[45,-54],[39,68],[52,-52],[66,-16],[32,47],[25,-60],[35,45],[60,-8],[28,-31],[90,17],[89,-64],[60,-15],[22,-62]],[[4578,855],[-93,-38],[-72,1],[-100,22],[-32,24]],[[4815,1575],[83,-66],[90,-39],[51,-65],[111,1],[44,-31]],[[5754,45],[-134,10],[-70,63],[-104,14],[-52,-19],[-79,30],[-81,8],[-167,-46],[-76,7],[-130,-13],[-55,-45],[-46,-4]],[[1713,3254],[14,-47],[-81,-84],[-23,-77],[-64,4],[-15,-26],[-67,57],[-28,63]],[[1449,3144],[80,71],[112,46],[72,-7]],[[1963,3225],[2,-90],[-40,-76],[40,-54],[-9,-78],[27,-47],[-1,-60],[33,-34],[-7,-78],[-24,-48]],[[1984,2660],[-62,61],[-75,40],[-133,-24],[-60,30],[-261,-5],[-89,15],[-27,-83]],[[1205,3058],[16,46],[124,2],[104,38]],[[1713,3254],[143,-35],[107,6]],[[2619,3138],[-15,-78],[-61,-14],[-16,-86],[48,-86],[50,17],[20,-71],[-7,-102],[26,-91]],[[2619,2154],[-100,7],[-87,-15],[-53,8],[-67,40],[-21,64],[2,67],[-42,46],[-20,-123],[-22,-40],[-59,-6],[-13,65],[-77,33],[-77,8],[-104,-23],[-33,69],[-126,79],[-46,53],[28,35],[166,-1],[95,31],[20,24],[1,85]],[[1963,3225],[62,0],[61,-56],[125,41],[52,-87],[39,-13],[26,63],[55,-2],[16,-42],[120,37],[83,-7],[17,-21]],[[2619,3138],[23,-59],[75,-55],[111,-38],[54,27],[80,7],[22,-61],[55,-28],[33,-45],[41,-11],[44,-49],[29,12],[15,-98],[65,-115],[37,-11],[24,-54]]],"objects":{"CUB.geo":{"type":"GeometryCollection","geometries":[{"arcs":[[0,1,2,3]],"type":"Polygon","properties":{"name":"Cienfuegos","postal":"CF"},"id":"CUB"},{"arcs":[[4]],"type":"Polygon","properties":{"name":"Isla de la Juventud","postal":"IJ"},"id":"CUB"},{"arcs":[[5,6]],"type":"Polygon","properties":{"name":"Pinar del Río","postal":"PR"},"id":"CUB"},{"arcs":[[7,8,-1,9,10]],"type":"Polygon","properties":{"name":"Sancti Spíritus","postal":"SS"},"id":"CUB"},{"arcs":[[[11,12,13,-8]],[[14]]],"type":"MultiPolygon","properties":{"name":"Ciego de Ávila","postal":"CA"},"id":"CUB"},{"arcs":[[[15,16,-13,17]],[[18]],[[19]],[[20]]],"type":"MultiPolygon","properties":{"name":"Camagüey","postal":"CM"},"id":"CUB"},{"arcs":[[21,22,23]],"type":"Polygon","properties":{"name":"Guantánamo","postal":"GU"},"id":"CUB"},{"arcs":[[24,25,26,27]],"type":"Polygon","properties":{"name":"Granma","postal":"GR"},"id":"CUB"},{"arcs":[[-23,28,-25,29,30]],"type":"Polygon","properties":{"name":"Holguín","postal":"HO"},"id":"CUB"},{"arcs":[[-30,-28,31,-16,32]],"type":"Polygon","properties":{"name":"Las Tunas","postal":"LT"},"id":"CUB"},{"arcs":[[-22,33,-26,-29]],"type":"Polygon","properties":{"name":"Santiago de Cuba","postal":"SC"},"id":"CUB"},{"arcs":[[34,35]],"type":"Polygon","properties":{"name":"Ciudad de la Habana","postal":"CH"},"id":"CUB"},{"arcs":[[36,37,-6,38,-35,39]],"type":"Polygon","properties":{"name":"La Habana","postal":"LH"},"id":"CUB"},{"arcs":[[40,-3,41,-37,42]],"type":"Polygon","properties":{"name":"Matanzas","postal":"MA"},"id":"CUB"},{"arcs":[[-10,-4,-41,43]],"type":"Polygon","properties":{"name":"Villa Clara","postal":"VC"},"id":"CUB"}]}}}