{"type":"Topology","transform":{"scale":[0.002118524014763302,0.0011981002942395153],"translate":[12.07952197527494,48.5579157519104]},"arcs":[[[1194,1916],[-45,-55],[-25,28],[-57,-128],[27,-94],[37,-51]],[[1131,1616],[-60,-121],[-52,-20],[-117,-4],[-68,-64],[-87,-22],[-63,-41],[-58,-68]],[[626,1276],[-55,18]],[[571,1294],[-27,92],[-9,100],[-47,12],[-72,47]],[[416,1545],[23,70],[71,4],[34,70],[73,34],[29,-21],[72,96],[102,8],[36,49],[67,19],[93,64],[54,0],[17,34],[-62,48],[17,49],[97,-17],[38,-34],[-11,-53],[28,-49]],[[626,1276],[75,-73],[33,-2],[90,-70],[-20,-125],[-30,-50],[17,-178]],[[791,778],[13,-117],[-37,-72],[-9,-72],[-36,-44],[-6,-55],[-35,-75]],[[681,343],[-65,20],[-40,84],[-57,21],[-85,147],[-36,32],[-59,-4],[-73,84],[-9,68],[-26,24],[-34,109],[-53,61],[32,31],[34,104]],[[210,1124],[79,11],[18,21],[94,-9],[11,42],[61,44],[67,-25],[31,86]],[[2223,876],[-21,-44],[27,-81],[33,29],[41,-14],[36,-92],[40,-31],[14,-47]],[[2393,596],[-5,-47],[30,-48],[9,-97],[54,-28],[42,-53],[46,3],[59,-89]],[[2628,237],[-53,-24],[-76,5],[-97,34],[-67,-95],[-24,-80],[-31,-16],[-17,73],[-100,18],[-9,32],[-58,23],[-40,-10],[-36,-56],[-154,26],[-101,96],[-65,-12],[-65,37]],[[1635,288],[15,53]],[[1650,341],[76,-10],[34,36],[78,34],[66,2],[54,37],[8,103],[26,93],[42,29],[-12,106],[21,29],[-7,68]],[[2036,868],[67,5],[14,25],[106,-22]],[[2977,684],[-29,-55],[-64,-29],[-40,-89],[-4,-83],[-24,-35],[-62,-15],[-25,-74],[-31,-1],[-70,-66]],[[2393,596],[58,24],[29,40],[59,14],[80,62],[62,-2],[30,59],[39,16]],[[2750,809],[40,-28],[73,9],[58,-15],[56,-91]],[[2506,1431],[7,-49],[-80,-62],[-15,-88],[-28,-45],[14,-49],[-18,-60],[137,-94],[94,-2],[66,-98],[67,-75]],[[2223,876],[21,87],[-47,98],[-3,137],[36,32],[31,132]],[[2261,1362],[61,44],[-63,150],[24,7],[123,-42],[16,-36],[50,-15],[34,-39]],[[2036,868],[-108,77],[-80,35],[-64,-27],[-49,66],[-78,22],[-50,59]],[[1607,1100],[10,62],[-42,42],[-3,86]],[[1572,1290],[58,20],[87,-12],[35,39],[88,-6],[11,-40],[89,-69],[56,14],[69,59],[61,15]],[[2126,1310],[56,-27],[55,77],[24,2]],[[210,1124],[-26,55],[-105,62],[-28,49],[-2,56],[-49,60],[9,48],[63,-34],[19,-72],[59,119],[53,61],[80,4],[69,40],[64,-27]],[[1342,823],[-15,-37],[-3,-104],[17,-62],[52,-15],[63,-61],[20,19],[59,-23],[33,-67],[67,4],[-21,-107],[36,-29]],[[1635,288],[-34,28],[-98,39],[-133,21],[-6,-103],[-23,-103],[-57,13],[-45,-87],[-4,-70],[-119,40],[-60,-66],[-114,28],[-33,40],[-11,56],[-88,61],[-33,73],[-34,13],[-62,72]],[[791,778],[76,2],[45,36],[56,-7],[46,19],[46,-25],[33,13],[113,-13],[46,33],[18,45],[72,-58]],[[1342,823],[34,46],[77,-7],[37,20],[-28,71],[124,86],[21,61]],[[1206,1301],[6,-97],[-156,-36],[-47,121],[123,53],[74,-41]],[[1440,1633],[-3,-143],[40,-48],[55,0],[40,-152]],[[1131,1616],[66,-17],[100,53],[39,54],[78,-21],[26,-52]],[[1625,1857],[40,-242],[-60,25],[-34,-50],[-30,36],[-51,-19],[-50,26]],[[1194,1916],[79,-34],[16,38],[81,1],[7,124],[109,-26],[58,-161],[81,-1]],[[1625,1857],[77,-43],[39,11],[38,-58],[58,3],[54,-26],[116,-3],[40,-48],[-16,-60],[-37,-15],[-54,-60],[34,-50],[34,6],[95,-137],[23,-67]],[[2506,1431],[103,-12],[60,26],[-8,-82],[-63,-38],[63,-41],[58,-102],[119,36],[77,-59],[107,-42],[37,9],[3,-85],[33,-88],[65,-20],[28,-138],[-48,-25],[-92,1],[-10,-34],[-61,-53]]],"objects":{"CZE.geo":{"type":"GeometryCollection","geometries":[{"arcs":[[0,1,2,3,4]],"type":"Polygon","properties":{"name":"Ústecký","postal":null,"name_alt":"Ústecký kraj"},"id":"CZE"},{"arcs":[[5,6,7,8,-3]],"type":"Polygon","properties":{"name":"Plzenský","postal":null,"name_alt":"Plzenský kraj"},"id":"CZE"},{"arcs":[[9,10,11,12,13,14]],"type":"Polygon","properties":{"name":"Jihomoravský","postal":null,"name_alt":"Jihomoravský kraj"},"id":"CZE"},{"arcs":[[15,-11,16,17]],"type":"Polygon","properties":{"name":"Zlínský","postal":null,"name_alt":"Zlínský kraj"},"id":"CZE"},{"arcs":[[18,-17,-10,19,20]],"type":"Polygon","properties":{"name":"Olomoucký","postal":null,"name_alt":"Olomoucký kraj"},"id":"CZE"},{"arcs":[[-15,21,22,23,24,-20]],"type":"Polygon","properties":{"name":"Pardubický","postal":null,"name_alt":"Pardubický kraj"},"id":"CZE"},{"arcs":[[-4,-9,25]],"type":"Polygon","properties":{"name":"Karlovarský","postal":"KK","name_alt":"Karlovarský kraj"},"id":"CZE"},{"arcs":[[26,-13,27,-7,28]],"type":"Polygon","properties":{"name":"Jihoceský","postal":"CK","name_alt":"Jihoceský kraj"},"id":"CZE"},{"arcs":[[-14,-27,29,-22]],"type":"Polygon","properties":{"name":"Vysocina","postal":"JK"},"id":"CZE"},{"arcs":[[30]],"type":"Polygon","properties":{"name":"Prague","postal":"SK","name_alt":"Hlavní mesto Praha"},"id":"CZE"},{"arcs":[[31,-23,-30,-29,-6,-2,32],[-31]],"type":"Polygon","properties":{"name":"Stredoceský","postal":"SK","name_alt":"Stredoceský kraj"},"id":"CZE"},{"arcs":[[33,-33,-1,34]],"type":"Polygon","properties":{"name":"Liberecký","postal":"LK","name_alt":"Liberecký kraj"},"id":"CZE"},{"arcs":[[-24,-32,-34,35]],"type":"Polygon","properties":{"name":"Královéhradecký","postal":"HK","name_alt":"Královéhradecký kraj"},"id":"CZE"},{"arcs":[[-18,-19,36]],"type":"Polygon","properties":{"name":"Moravskoslezský","postal":"VK","name_alt":"Moravskoslezský kraj"},"id":"CZE"}]}}}