{"type":"Topology","transform":{"scale":[0.0017168624428968435,0.0010425283744188451],"translate":[5.8735819875707085,47.27735690547321]},"arcs":[[[2077,4193],[-55,-35],[-5,-56],[-60,-59],[-14,-35],[-59,-12],[-54,63],[-68,-38],[22,-75],[-148,-28],[-55,-69],[12,-47],[63,29],[20,-95],[-54,-80],[-78,4],[12,-70],[-45,-95],[-60,-57],[-38,19],[-97,-101],[25,-32],[-24,-57]],[[1317,3267],[-46,7],[-66,136],[-108,76],[8,-54],[-42,-61],[-58,-56],[-124,-28],[-9,-59],[-45,-22],[-63,-1],[-143,-61],[-32,-32],[2,-43],[-74,-6],[21,-110],[-46,-14],[-78,35],[-123,-53]],[[291,2921],[-21,44],[8,62],[-19,47],[-69,8],[-23,51],[42,42],[-31,27],[-57,94],[-33,-5],[-30,71],[42,59],[11,61],[-37,21],[2,43],[-76,16],[64,81],[87,62],[-46,48],[7,40],[69,100],[12,118],[-7,48],[-62,83],[7,47],[-39,18],[-5,44],[-43,19],[-12,75],[67,38],[106,15],[91,-34],[85,47],[110,22],[51,82],[-75,48],[53,71],[38,4],[113,121]],[[671,4759],[56,23],[104,9],[67,40],[105,96],[8,59],[41,-13],[14,-46],[73,-49],[45,14],[39,-63],[-40,-96],[66,-36],[-16,-49],[-57,-32],[50,-48],[26,25],[103,23],[39,42],[74,-22],[60,70],[-19,19],[-13,144],[-63,43],[19,42],[50,15],[26,47],[79,17],[41,-42],[2,-70],[70,-18],[78,19],[22,52],[48,33],[28,-85],[-32,-57],[-43,-15],[-10,-66],[51,-27],[-36,-81],[74,-19],[31,-45],[18,-111],[62,-51],[-3,-58],[52,4],[30,-27],[-42,-99],[-7,-85],[36,8]],[[2175,294],[-32,10],[-27,46],[-107,38],[-102,75],[21,-86],[-97,8],[-65,-26],[-63,66],[-140,77],[-55,-35],[-41,-62],[12,-37],[64,-38],[-43,-35],[-55,-3],[-60,38],[-42,-5],[-54,-47],[-102,-7],[-54,34],[-31,-38],[-48,-11],[-57,39],[-39,86],[5,104],[53,210],[-26,89],[23,81],[37,57],[15,69],[29,43],[-9,37],[20,92],[25,28],[-2,92],[81,93],[12,44],[77,61],[57,131]],[[1355,1612],[49,50],[42,95],[18,118],[54,62],[8,140],[-50,108],[5,23]],[[1481,2208],[48,-5],[39,-45],[30,17],[-11,58],[43,17],[23,-74],[58,-23],[21,-121],[57,57],[7,46],[51,0],[39,69]],[[1886,2204],[83,2],[36,61],[51,-1],[14,65],[-66,24],[22,51],[81,9],[65,-23],[73,-80],[37,33],[25,-70],[56,-95],[4,-61],[48,-6],[63,30],[25,-122],[-12,-61],[0,-115],[41,-45],[31,-100],[47,-15],[66,-114],[-26,-204],[-26,-34],[-49,35],[-14,-33],[37,-44],[-11,-89],[-94,-62],[-52,5],[-49,-86],[43,-74],[49,-237],[-30,-93],[6,-82],[19,-56],[-3,-136],[-53,6],[-47,-21],[-51,15],[-61,-52],[-89,-35]],[[2374,3937],[0,-76],[60,-28],[12,-44],[92,-42],[-38,-64],[-15,-56],[28,-60],[-80,11],[3,-120],[-19,-47],[-43,-17],[-8,-76],[-34,-89],[102,25],[2,-147]],[[2436,3107],[-32,-65],[-48,-33],[-89,-11],[-10,-93],[-40,-26],[-11,-43],[-88,2],[9,-62],[-11,-61],[-58,-15],[-45,46],[-59,3],[-34,-35],[-36,18],[-57,-28],[17,-92],[-8,-89],[21,-65],[46,-54],[-4,-84],[-36,-81],[23,-35]],[[1481,2208],[-32,81],[10,45],[36,15],[-58,158],[-3,66],[-62,75],[-32,8],[-124,-61],[-48,-9],[-63,77],[42,33],[46,108],[72,60],[45,11],[-59,110],[-10,126],[76,17],[17,45],[-25,58],[8,36]],[[2077,4193],[103,-17],[29,-44],[-40,-70],[24,-99],[-35,-11],[-5,-53],[66,-26],[17,46],[113,39],[25,-21]],[[1565,5693],[100,-19],[105,-51],[45,-44],[-44,-66],[-123,53],[-83,127]],[[1563,5988],[-26,93]],[[1537,6081],[63,-34],[11,-62],[-48,3]],[[2266,6015],[27,-82],[58,-43],[44,-3],[57,35],[60,-45],[82,27]],[[2594,5904],[117,-58],[43,0]],[[2754,5846],[75,-19],[5,-42],[111,-76],[93,-82],[32,28],[76,-53]],[[3146,5602],[31,-44],[52,9],[96,-37]],[[3325,5530],[-44,-40],[-5,-56],[-50,-35],[-95,-27],[-21,19],[-125,8],[-22,-39],[-115,-26],[-3,-52],[110,-189],[9,-85],[-13,-35],[78,-86],[-44,-28],[9,-54],[40,-38],[-37,-58],[22,-36],[-58,-42],[-1,-45],[-172,-13],[-41,-66],[24,-99],[-30,-26],[2,-63],[49,-78],[18,-59]],[[2810,4182],[-26,-56],[-81,-22],[-54,35],[-33,-48],[-125,-106],[-61,0],[-56,-48]],[[671,4759],[-8,44],[21,77],[-44,83],[-27,-18],[-108,20],[-26,21],[3,138],[40,21],[115,-5],[40,11],[10,137],[15,62],[61,107],[6,65],[-11,107],[12,95],[34,71],[-104,18],[-30,37],[2,87],[19,53],[48,15],[-32,47],[81,76],[136,28],[26,-16],[260,42],[47,-13],[12,-69],[67,-80],[-63,-50],[16,-43],[69,-44],[51,29],[16,66],[-52,15],[15,76],[54,8],[23,-34],[73,-22],[25,-33]],[[1537,6081],[-17,64],[61,179],[56,17],[57,-44],[71,-10],[123,32],[93,0],[74,-118],[48,-50],[57,-95],[106,-41]],[[3722,3651],[38,4],[90,-28],[36,-84],[59,-68],[-107,-42],[-119,-61],[8,-102],[-12,-58],[-35,2],[-27,-63],[-50,-24],[-41,8],[-37,-55],[-12,-71]],[[3513,3009],[-44,-23],[-26,23],[-147,-35],[-65,62],[4,68],[-47,5],[-57,-44],[18,-109],[-21,-83],[-63,36],[1,38],[-91,3],[-61,40],[-87,-32],[-7,-37],[76,-54],[-67,-23],[-10,-33],[-56,16],[-14,94],[-54,29],[-30,45],[-123,106],[-24,36],[-51,7],[-31,-37]],[[2810,4182],[62,-5],[82,-35],[-19,-29],[50,-150],[185,-25],[30,-25],[49,-82],[-62,-64],[43,-43],[5,-59],[153,-6],[25,-72],[74,6],[84,-71],[124,5],[34,53],[-7,71]],[[2266,6015],[-14,23]],[[2252,6038],[109,71],[81,33],[16,38],[75,-83],[-21,-104],[82,-89]],[[3135,6907],[34,-62],[-73,12],[-107,41],[17,38],[50,27],[79,-56]],[[1573,7114],[-70,0],[-10,53],[68,5],[12,-58]],[[2931,6412],[-1,-30],[-82,-63],[-3,-111],[109,-69],[5,-107],[-72,4],[-6,-53],[-107,-66],[-20,-71]],[[2252,6038],[-49,12],[-61,48],[-11,74],[-56,35],[-24,80],[-101,56],[-124,2],[-54,43],[-48,95],[100,5],[8,54],[-59,47],[-33,-20],[-28,53],[15,71],[43,14],[16,43],[-168,-38],[-28,36],[15,73],[71,24],[64,0],[84,50],[4,39],[-93,109],[-27,65],[-68,46],[-24,79],[7,75],[96,9],[216,-53],[18,-43],[131,5],[60,35],[144,-61],[13,-26],[85,6],[1,-61],[35,-44],[-7,-103],[-80,-80],[141,32],[46,-33],[232,-92],[51,-47],[71,10],[72,50],[49,6],[34,-42],[10,-112],[-16,-39],[-91,-72],[-64,-16],[-28,-46],[89,-79]],[[1355,1612],[-64,20],[-92,54],[-92,13],[-73,-12],[-75,45],[-26,65],[-60,15]],[[873,1812],[-45,37],[52,158],[-48,15],[-32,58],[36,38],[-24,89],[-28,-14],[-47,36],[-118,25],[-130,-74],[-63,-19],[-149,-5]],[[277,2156],[1,40],[82,129],[5,89],[-50,11],[-111,78],[-41,62],[-33,93],[29,159],[62,41],[27,50],[43,13]],[[873,1812],[-61,-59],[-66,9],[-84,65],[-97,28],[-20,-63],[-49,9],[-50,112],[-52,64],[14,22],[-46,71],[-54,29],[-31,57]],[[3513,3009],[47,-60],[67,-36]],[[3627,2913],[-12,-69],[60,-69],[3,-65],[34,-56],[129,-71],[33,-63],[-42,-120],[-33,-21],[14,-55],[45,-29],[0,-35],[42,-91],[31,-28],[12,-77],[50,-36],[40,-61],[73,5],[45,-37],[104,-169],[70,-24],[43,-53],[15,-58],[49,-38],[33,28],[57,-71],[51,-25],[53,-97],[-8,-148],[-51,-85],[-52,40],[-61,19],[-47,-23],[10,-52],[-30,-125],[-76,-66],[-81,-16],[-60,-26],[-58,-52],[-32,-7],[-78,-78],[9,-54],[55,-90],[45,-44],[34,-74],[-57,-119],[75,-10],[30,-87],[-20,-37],[0,-87],[-56,-22],[-95,81],[4,46],[-24,60],[-53,9],[-91,-44],[-43,60],[-75,-1],[-52,-17],[-23,-66],[-134,7],[-67,-34],[-117,14],[-40,-73],[-81,-8],[-90,-101],[-52,23],[-50,-33],[-60,0],[-12,41],[-63,58],[-141,67],[-49,-33],[-54,13],[-7,-47],[19,-52],[-85,-131],[-39,-24],[-28,20],[0,78],[-69,-14],[-1,72],[-71,81],[-134,22],[-65,35]],[[4443,5147],[1,-32],[84,-75],[-13,-32],[73,-46],[-27,-50],[-39,-21],[-104,39],[-176,-19],[-38,16],[39,179],[72,52],[57,-27],[71,16]],[[4187,4161],[-122,43],[-41,-32],[-39,11],[-31,-36],[-127,0],[-8,-27],[-73,-20],[-41,10],[-45,-108],[14,-120],[-28,-27],[52,-199],[24,-5]],[[3325,5530],[105,-46],[40,-64],[88,-43],[65,8],[64,-25],[17,-47],[-24,-74],[21,-47],[-38,-52],[-22,-77],[47,-16],[49,-46],[-25,-47],[-22,-157],[23,-25],[-28,-56],[128,-175],[25,10],[57,-48],[62,21],[119,-77],[47,-6],[66,-52],[100,2],[-43,-63],[11,-77],[-70,-90]],[[4187,4161],[63,-43],[24,-77],[-8,-55],[32,-46],[92,35],[65,-53],[142,-18],[119,11],[57,111],[53,50],[64,6],[41,-22],[99,45],[50,5],[65,-20]],[[5145,4090],[15,-25],[113,-51],[21,-128],[33,-55],[-37,-199],[-55,-141],[-50,-99],[-95,31],[13,61],[-49,3],[14,60],[-59,46],[-57,-6],[-51,19],[-22,-57],[77,-54],[-21,-39],[-66,-1],[-24,-30],[-91,-44],[-83,-21],[-45,-57],[-125,-9],[-89,-110],[-36,24],[-60,-50],[-30,12],[-42,-82],[-87,-4],[-8,-57],[-46,-26],[-54,34],[-41,-6],[-44,-40],[-98,-4],[-101,-125],[-31,-93],[-30,93],[-49,51],[-28,2]],[[4961,5810],[29,-79],[-36,-72],[6,-44],[-27,-79],[-116,-85],[10,-80],[-21,-25],[150,-108],[29,-50],[69,-48],[55,-56],[-7,-77],[-54,-72],[39,-141],[52,-21],[9,-36],[-15,-91],[44,-42],[-36,