{"type":"Topology","transform":{"scale":[0.0022642969734297967,0.00140778536986564],"translate":[8.09400475421603,54.62842800754]},"arcs":[[[544,1450],[49,-22],[89,-4],[38,-53],[157,47],[50,49]],[[927,1467],[62,7],[12,-101],[84,-32],[105,14],[77,-62],[-23,-81],[-71,-84],[-54,15],[-35,-42],[-76,18],[-69,-40],[17,-34],[-12,-59],[8,-66],[-44,-61],[-50,-14],[-24,-77],[-84,-25],[-51,24]],[[699,767],[-31,50],[-34,6],[-82,98],[-58,9],[-63,-72],[-62,31],[-38,-5],[-9,-45],[-108,18],[-39,-45],[-54,22],[-85,-1]],[[36,833],[76,49],[17,40],[-29,42],[-17,64],[-49,24],[-17,68],[-5,246],[36,63],[48,-44],[55,1],[101,-74],[30,7],[4,106],[60,92],[35,28],[66,-2],[25,-50],[-6,-65],[56,-4],[22,26]],[[751,321],[59,-38],[43,-48],[18,-49],[-43,-22],[-83,41],[6,116]],[[1212,219],[-43,-131],[-48,51],[41,44],[-12,32],[69,80],[-7,-76]],[[991,697],[67,-46],[6,-58],[45,19],[23,74],[36,-60],[-18,-49],[58,-95],[-19,-126],[-23,-41],[-87,-30],[-99,24],[-35,20],[-53,66],[-101,49],[0,68],[-32,65],[-57,46],[64,30],[26,-28],[144,66],[55,6]],[[699,767],[27,-56],[-14,-66],[-53,-78],[7,-43],[46,-72],[-7,-43],[-87,-31],[48,-82],[60,-46],[11,-59],[-47,-29],[-47,19],[-103,-58],[-54,35],[-163,39],[-73,-7],[-8,91],[21,83],[-32,211],[-77,18],[-67,86],[-43,-41],[-44,26],[39,118],[-3,51]],[[361,1653],[-30,-51],[11,-66],[-45,-65],[-52,-13],[-42,62],[42,87],[73,14],[43,32]],[[1367,1916],[-71,-88],[-77,44],[77,41],[71,3]],[[544,1450],[-62,81],[6,110],[40,42],[65,19],[66,-19],[39,58],[-181,-54],[-67,25],[-106,-24],[-85,-37],[-84,-157],[44,-36],[-35,-53],[-61,52],[-45,116],[139,187],[88,-1],[87,40],[110,-14],[80,17],[71,55],[95,154],[79,94],[102,7],[68,34],[53,48],[31,-13],[-49,-91],[51,-96],[-13,-32],[10,-109],[-41,-37],[-44,-124],[-36,-73],[24,-142],[-56,-10]],[[3001,430],[107,-63],[6,-41],[-32,-68],[-129,42],[-43,36],[10,88],[20,52],[61,-46]],[[1980,657],[-25,47],[42,49],[26,-59],[-43,-37]],[[1713,776],[-52,8]],[[1661,784],[13,58],[48,42],[26,-97],[-35,-11]],[[1884,693],[-84,13],[-5,34],[30,45],[-66,32]],[[1759,817],[-22,116],[-71,22],[167,111],[107,-21],[60,-40],[-49,-87],[40,-88],[0,-63],[-61,-73],[-46,-1]],[[1396,232],[50,-52],[90,-24],[68,18],[54,-71],[-1,-54],[-35,-36],[-69,14],[-70,-27],[-117,74],[-69,20],[21,57],[-26,44],[30,29],[74,8]],[[1963,266],[-16,-39],[-83,2],[-39,-41],[-49,10],[34,58],[63,32],[90,-22]],[[1713,776],[54,6],[-8,35]],[[1884,693],[-71,-83],[11,-37],[57,-22],[40,-39],[9,-42],[-32,-25],[-92,-20],[-60,-61],[54,-9],[-20,-41],[11,-54],[-51,-19],[60,-92],[-45,-36],[-47,-66],[-94,127],[20,55],[39,18],[-34,70],[-69,75],[-100,30],[-78,-6],[-2,46],[-35,29],[22,68],[-62,186],[22,42],[58,-5],[112,99],[2,28],[57,25],[41,-80],[13,-58],[41,-12]]],"objects":{"DNK.geo":{"type":"GeometryCollection","geometries":[{"arcs":[[0,1,2,3]],"type":"Polygon","properties":{"name":"Midtjylland","postal":null},"id":"DNK"},{"arcs":[[[4]],[[5]],[[6]],[[7,-3]]],"type":"MultiPolygon","properties":{"name":"Syddanmark","postal":null},"id":"DNK"},{"arcs":[[[8]],[[9]],[[-1,10]]],"type":"MultiPolygon","properties":{"name":"Nordjylland","postal":null},"id":"DNK"},{"arcs":[[[11]],[[12]],[[13,14]],[[15,16]]],"type":"MultiPolygon","properties":{"name":"Hovedstaden","postal":null},"id":"DNK"},{"arcs":[[[17]],[[18]],[[-14,19,-16,20]]],"type":"MultiPolygon","properties":{"name":"Sjaælland","postal":null},"id":"DNK"}]}}}