{"type":"Topology","transform":{"scale":[0.002101318132186614,0.0017822172119833547],"translate":[-71.9925143676248,17.55130067340945]},"arcs":[[[688,1103],[-32,-83]],[[656,1020],[-61,-27],[30,-41],[-113,-125]],[[512,827],[-47,0],[-103,81]],[[362,908],[-4,90],[79,77]],[[437,1075],[81,8],[19,90]],[[537,1173],[49,-29],[49,22],[53,-63]],[[385,1114],[52,-39]],[[362,908],[-46,12]],[[316,920],[-76,61]],[[240,981],[36,137]],[[276,1118],[109,-4]],[[385,1114],[24,121]],[[409,1235],[128,-62]],[[512,827],[12,-21]],[[524,806],[-40,-58],[-3,-57],[-35,-58],[-50,-36]],[[396,597],[-88,-9],[-90,29]],[[218,617],[-45,92],[2,69],[50,45],[23,62],[68,35]],[[1150,615],[-19,-71],[42,-62]],[[1173,482],[-81,26],[-86,8]],[[1006,516],[-56,13],[7,-38]],[[957,491],[-11,-5]],[[946,486],[-57,64],[-20,112]],[[869,662],[75,-39],[57,22],[43,-57],[106,27]],[[986,835],[-15,-73],[-129,-31]],[[842,731],[-69,81],[-11,41]],[[762,853],[52,42]],[[814,895],[92,-1],[86,-29],[-6,-30]],[[1303,611],[77,-63]],[[1380,548],[4,-74]],[[1384,474],[-72,31],[-139,-23]],[[1150,615],[56,87]],[[1206,702],[14,-83],[36,-74],[47,66]],[[367,1281],[42,-46]],[[276,1118],[-57,43],[-102,16]],[[117,1177],[1,94],[65,49],[49,4],[135,-43]],[[771,1214],[-58,-36],[-25,-75]],[[367,1281],[105,58],[81,-20],[98,-76],[91,5],[29,-34]],[[240,981],[-78,-46]],[[162,935],[-59,62],[34,49],[-20,131]],[[903,1170],[-57,-78]],[[846,1092],[-10,1]],[[836,1093],[-98,1],[-12,-102]],[[726,992],[-70,28]],[[771,1214],[34,-32],[98,-12]],[[836,1093],[-40,-56],[-21,-98]],[[775,939],[-49,53]],[[396,597],[69,-64]],[[465,533],[-79,-58],[-9,-33]],[[377,442],[-43,37],[-41,-7],[-103,48],[-13,49],[41,48]],[[465,533],[-18,-55],[45,-28],[-3,-51]],[[489,399],[-57,24],[11,-92],[-68,-129],[-36,-33]],[[339,169],[-8,43],[-50,20],[-10,96]],[[271,328],[34,24],[-14,63],[86,27]],[[271,328],[-142,88]],[[129,416],[-91,77],[-38,102],[72,4],[27,37]],[[99,636],[119,-19]],[[99,636],[31,56],[-31,119],[67,87],[-4,37]],[[339,169],[-65,-139],[-47,75],[-55,44],[-13,77],[-49,74],[-7,54],[26,62]],[[615,632],[24,-59],[61,-47],[20,-42]],[[720,484],[-4,-52],[-44,-28]],[[672,404],[-16,84],[-43,5],[-27,-46],[-40,-3],[-57,-45]],[[524,806],[30,-70],[68,-72],[-7,-32]],[[775,939],[39,-44]],[[762,853],[-53,2],[-43,-124],[28,-37]],[[694,694],[-36,-62],[-43,0]],[[842,731],[-13,-29]],[[829,702],[-47,-46]],[[782,656],[-88,38]],[[862,383],[-103,2],[-74,-19],[-13,38]],[[720,484],[59,50]],[[779,534],[56,-39],[-15,-36],[42,-76]],[[782,656],[-3,-122]],[[846,1092],[33,-24],[13,-60],[60,-51],[98,-33]],[[1050,924],[15,-62]],[[1065,862],[-79,-27]],[[1323,825],[-55,-55],[44,-70],[-9,-89]],[[1206,702],[37,39],[-122,77]],[[1121,818],[8,52]],[[1129,870],[95,5],[31,-32],[68,-18]],[[1065,862],[56,-44]],[[869,662],[-40,40]],[[1057,983],[-7,-59]],[[903,1170],[70,24],[24,-24],[14,-119],[46,-68]],[[1057,983],[110,20],[97,-25],[85,-5],[-46,-57],[-166,25],[-8,-71]],[[946,486],[-84,-103]],[[1006,516],[-49,-25]],[[1526,802],[-22,-25],[-3,-97],[-46,-55]],[[1455,625],[-75,-77]],[[1323,825],[35,17],[46,-37],[30,26],[92,-29]],[[1471,478],[24,65],[-40,82]],[[1526,802],[98,-94],[106,-88],[11,-44],[-53,-89],[-61,-23],[-40,-94],[-41,-4],[-20,51],[-55,61]],[[1471,478],[-87,-4]]],"objects":{"DOM.geo":{"type":"GeometryCollection","geometries":[{"arcs":[[0,1,2,3,4,5]],"type":"Polygon","properties":{"name":"Santiago","postal":"ST"},"id":"DOM"},{"arcs":[[6,-4,7,8,9,10]],"type":"Polygon","properties":{"name":"Santiago Rodríguez","postal":"SR"},"id":"DOM"},{"arcs":[[-5,-7,11,12]],"type":"Polygon","properties":{"name":"Valverde","postal":"VA"},"id":"DOM"},{"arcs":[[-3,13,14,15,16,-8]],"type":"Polygon","properties":{"name":"San Juan","postal":"JU"},"id":"DOM"},{"arcs":[[17,18,19,20,21,22]],"type":"Polygon","properties":{"name":"Santo Domingo","postal":"SD"},"id":"DOM"},{"arcs":[[23,24,25,26]],"type":"Polygon","properties":{"name":"Sánchez Ramírez","postal":"SZ"},"id":"DOM"},{"arcs":[[27,28,29,-18,30,31]],"type":"Polygon","properties":{"name":"San Pedro de Macorís","postal":"PM"},"id":"DOM"},{"arcs":[[32,-12,-11,33,34]],"type":"Polygon","properties":{"name":"Monte Cristi","postal":"MC"},"id":"DOM"},{"arcs":[[35,-6,-13,-33,36]],"type":"Polygon","properties":{"name":"Puerto Plata","postal":"PP"},"id":"DOM"},{"arcs":[[-10,37,38,-34]],"type":"Polygon","properties":{"name":"Dajabón","postal":"DA"},"id":"DOM"},{"arcs":[[39,40,41,42,-1,-36,43]],"type":"Polygon","properties":{"name":"Espaillat","postal":"ES"},"id":"DOM"},{"arcs":[[44,45,-42]],"type":"Polygon","properties":{"name":"Hermanas","postal":null},"id":"DOM"},{"arcs":[[46,47,48,-16]],"type":"Polygon","properties":{"name":"Bahoruco","postal":"BR"},"id":"DOM"},{"arcs":[[49,50,51,52,-48]],"type":"Polygon","properties":{"name":"Barahona","postal":"BH"},"id":"DOM"},{"arcs":[[-49,-53,53,54,55]],"type":"Polygon","properties":{"name":"Independencia","postal":"IN"},"id":"DOM"},{"arcs":[[-17,-56,56,-38,-9]],"type":"Polygon","properties":{"name":"La Estrelleta","postal":"EP"},"id":"DOM"},{"arcs":[[57,-54,-52]],"type":"Polygon","properties":{"name":"Pedernales","postal":"PN"},"id":"DOM"},{"arcs":[[58,59,60,-50,-47,-15,61]],"type":"Polygon","properties":{"name":"Azua","postal":"AZ"},"id":"DOM"},{"arcs":[[-46,62,-26,63,64,-62,-14,-2,-43]],"type":"Polygon","properties":{"name":"La Vega","postal":"VE"},"id":"DOM"},{"arcs":[[-25,65,66,67,-64]],"type":"Polygon","properties":{"name":"Monseñor Nouel","postal":"MN"},"id":"DOM"},{"arcs":[[68,-60,69,70]],"type":"Polygon","properties":{"name":"Peravia","postal":"PV"},"id":"DOM"},{"arcs":[[71,-70,-59,-65,-68]],"type":"Polygon","properties":{"name":"San José de Ocoa","postal":"JO"},"id":"DOM"},{"arcs":[[72,73,74,-27,-63,-45,-41]],"type":"Polygon","properties":{"name":"Duarte","postal":"DU"},"id":"DOM"},{"arcs":[[75,-32,76,77,78]],"type":"Polygon","properties":{"name":"Hato Mayor","postal":"HM"},"id":"DOM"},{"arcs":[[79,-77,-31,-23,80,-66,-24,-75]],"type":"Polygon","properties":{"name":"Monte Plata","postal":"MP"},"id":"DOM"},{"arcs":[[81,-73,-40,82]],"type":"Polygon","properties":{"name":"María Trinidad Sánchez","postal":"MT"},"id":"DOM"},{"arcs":[[-78,-80,-74,-82,83]],"type":"Polygon","properties":{"name":"Samaná","postal":"SM"},"id":"DOM"},{"arcs":[[-22,84,-71,-72,-67,-81]],"type":"Polygon","properties":{"name":"San Cristóbal","postal":"CR"},"id":"DOM"},{"arcs":[[85,-20]],"type":"Polygon","properties":{"name":"Distrito Nacional","postal":"NC"},"id":"DOM"},{"arcs":[[86,87,-28,-76,88]],"type":"Polygon","properties":{"name":"El Seybo","postal":"SE"},"id":"DOM"},{"arcs":[[89,-87,90]],"type":"Polygon","properties":{"name":"La Altagracia","postal":"AL"},"id":"DOM"},{"arcs":[[91,-29,-88,-90]],"type":"Polygon","properties":{"name":"La Romana","postal":"RO"},"id":"DOM"}]}}}