{"type":"Topology","transform":{"scale":[0.004830700802305438,0.003874533312452781],"translate":[-8.68238521250754,18.977373237307706]},"arcs":[[[2228,2596],[11,-140],[-14,-108],[-26,-327],[-37,-52],[-29,-7],[-45,-39],[-70,-3],[-42,-25],[-5,-20],[50,-69],[8,-73],[39,-39],[-2,-844],[15,-24],[456,-312],[37,-49],[6,-59],[2,-384]],[[2582,22],[-89,-22],[-53,45],[32,67],[-12,37],[3,62],[-56,38],[-93,20],[-22,13],[-23,38],[-24,15],[-22,-16],[-57,23],[-27,28],[-1,29],[-26,24],[-32,11],[-46,36],[8,51],[-7,27],[-276,225],[-197,160],[-215,176],[-180,146],[-216,176],[-89,73],[-237,182]],[[625,1686],[557,437],[-161,352]],[[1021,2475],[41,4],[109,-65],[44,-9],[80,42],[65,56],[49,27],[190,37],[27,22],[130,190],[124,249]],[[1880,3028],[73,83],[58,44],[218,118]],[[2229,3273],[-3,-206],[-26,-198],[28,-273]],[[1659,4221],[-44,-20],[-25,-43]],[[1590,4158],[-56,28],[-19,32]],[[1515,4218],[18,15],[35,63]],[[1568,4296],[32,-48],[44,12],[15,-39]],[[1774,4339],[-1,-1]],[[1773,4338],[-38,-30],[-50,-66]],[[1685,4242],[-26,-21]],[[1568,4296],[58,38],[42,-12],[34,41],[72,-24]],[[1763,4167],[-41,-67],[51,-47],[9,-39],[-85,-78]],[[1697,3936],[-32,20],[-26,-20],[-74,11]],[[1565,3947],[47,47],[28,67],[-28,12],[-22,85]],[[1685,4242],[73,-29],[5,-46]],[[1565,3947],[-26,-17],[-48,-3],[-40,-26]],[[1451,3901],[-28,72],[12,32],[-25,26],[17,42],[-84,63],[8,25],[40,-6],[42,14],[52,42],[30,7]],[[1021,2475],[-314,-93],[-152,354]],[[555,2736],[51,9],[7,-23],[38,0],[75,117],[62,52],[52,27],[52,58],[45,20],[66,11],[40,22],[-3,32],[22,31],[-55,93],[30,19],[3,66],[172,38],[-23,66],[88,21],[262,-13],[-5,38]],[[1534,3420],[54,1],[35,-31],[166,55]],[[1789,3445],[-75,-231],[7,-24],[44,-55],[115,-107]],[[1697,3936],[20,-73],[34,29],[64,-2]],[[1815,3890],[-7,-63],[3,-111],[-20,-97],[5,-47],[-19,-58],[18,-24],[-6,-45]],[[1534,3420],[11,42],[36,32],[-78,59],[-28,49],[12,33],[-36,46],[-2,33],[14,40],[-21,97],[9,50]],[[625,1686],[-174,128],[-164,120],[-164,120],[-123,90],[0,357],[62,61],[65,45],[93,80],[56,-1],[42,32],[39,0],[36,-16],[17,18],[89,16],[56,0]],[[3407,4623],[-26,-59]],[[3381,4564],[-35,-7],[-20,24]],[[3326,4581],[-4,40],[-21,50]],[[3301,4671],[47,-5],[59,-43]],[[3488,4521],[-37,-2]],[[3451,4519],[-70,45]],[[3407,4623],[27,-10],[68,28],[84,-28],[-48,-54],[-50,-38]],[[3134,4543],[-33,12],[-57,-5],[-24,-16],[-35,3]],[[2985,4537],[-54,9]],[[2931,4546],[-10,19]],[[2921,4565],[59,42],[67,7],[44,21]],[[3091,4635],[43,-92]],[[3326,4581],[-54,-36],[-38,-40]],[[3234,4505],[-20,26],[-34,14],[-36,-2]],[[3144,4543],[-10,0]],[[3091,4635],[19,34],[33,4],[17,-24],[68,-25],[68,20],[5,27]],[[4222,1296],[-621,1],[-40,58],[-27,3],[-60,29],[-30,4],[-62,56],[-71,32],[-39,48],[-8,56],[14,56],[-33,45],[-7,67],[-51,15],[-40,24],[-44,65],[-26,17],[18,73],[-13,38],[-53,52],[-28,119],[12,35],[80,79],[64,32],[-12,52],[-115,103]],[[3030,2455],[97,62],[75,36],[75,-7],[460,305]],[[3737,2851],[62,-107],[33,-124],[5,-88],[-16,-134],[33,-104],[-24,-93],[-20,-55],[21,-96],[17,-16],[-2,-53],[-13,-38],[-73,-40],[-16,-61],[117,-185],[11,-33],[2,-107],[33,-27],[14,-45],[40,-26],[56,20],[163,-62],[42,-81]],[[4222,1296],[53,-124],[-211,-156],[-197,-145],[-184,-134],[-211,-156],[-126,-92],[-95,-97],[-124,-133],[-121,-129],[-18,-12],[-138,-33],[-268,-63]],[[2228,2596],[188,23]],[[2416,2619],[171,-149],[194,-22],[249,7]],[[2074,3895],[15,-28],[56,-22],[27,-20],[44,-77],[-10,-53],[21,-56],[21,-26],[24,-72]],[[2272,3541],[1,-83],[9,-43],[-23,-66],[-2,-52],[-28,-24]],[[1815,3890],[33,47],[20,1],[86,52]],[[1954,3990],[57,-25],[1,-39],[32,2],[30,-33]],[[3183,3974],[11,-20],[44,-26],[37,-9]],[[3275,3919],[39,-14],[44,1]],[[3358,3906],[-12,-56],[15,-61],[29,-53],[12,-63],[69,-29],[44,-75],[5,-63],[33,-33],[111,-85],[9,-27]],[[3673,3361],[-362,1],[-58,13],[-37,48],[-35,70],[-45,167],[-18,41],[-39,16],[-245,16]],[[2834,3733],[24,34]],[[2858,3767],[44,71],[8,54],[-9,42],[-28,32],[25,40],[33,-13],[108,-14],[44,9],[65,-29],[35,15]],[[2828,3578],[-50,-80],[-70,-61],[-16,-24],[-44,-106],[-12,-61],[-52,-404],[-16,-32],[-50,-59],[-28,-85],[-74,-47]],[[2272,3541],[167,34],[34,-12],[97,56],[32,-4],[60,12]],[[2662,3627],[166,-49]],[[2074,3895],[63,48],[40,54],[26,8],[58,48],[24,3]],[[2285,4056],[-10,-72],[37,-86],[1,-42],[31,-2],[1,46],[38,15],[22,28],[35,-7],[26,-72],[85,-99],[80,-74],[31,-64]],[[3673,3361],[66,-315],[29,-142],[-48,-29],[17,-24]],[[2828,3578],[-5,104],[11,51]],[[2454,4585],[12,-15]],[[2466,4570],[-42,7]],[[2424,4577],[-9,27]],[[2415,4604],[39,-19]],[[2634,4625],[-25,-59],[-39,-16]],[[2570,4550],[-20,23],[-33,-2]],[[2517,4571],[-51,-1]],[[2454,4585],[11,18],[49,-10],[76,36],[44,-4]],[[2748,4624],[9,-36],[-22,-48],[-33,-25]],[[2702,4515],[-90,1],[-42,34]],[[2634,4625],[114,-1]],[[2424,4577],[-37,-18],[-77,-57]],[[2310,4502],[-74,5],[-24,-8],[-73,9]],[[2139,4508],[10,27]],[[2149,4535],[75,6],[60,17],[59,-8],[72,54]],[[2310,4502],[38,-15]],[[2348,4487],[-36,-31],[18,-37],[-54,-60]],[[2276,4359],[-24,11],[-48,-8],[-52,12]],[[2152,4374],[-26,62],[-6,56],[19,16]],[[2152,4374],[-34,20],[-29,-41]],[[2089,4353],[-27,32],[-21,-6],[-47,23],[-10,40],[-41,0]],[[1943,4442],[7,39]],[[1950,4481],[64,38],[66,16],[69,0]],[[1845,4315],[18,-36],[106,-29]],[[1969,4250],[-10,-42],[-37,-5],[-23,-45]],[[1899,4158],[-58,-17],[-78,26]],[[1773,4338],[72,-23]],[[1943,4442],[-56,-93],[-42,-34]],[[1774,4339],[31,19],[19,48],[107,72],[19,3]],[[2089,4353],[-30,-24],[-4,-26]],[[2055,4303],[-59,-26],[-27,-27]],[[1899,4158],[28,2],[31,-41],[-22,-21],[5,-31],[33,-60],[-20,-17]],[[2263,4280],[8,-31]],[[2271,4249],[0,-29],[21,-33],[45,-37],[-49,-72],[-3,-22]],[[2055,4303],[21,10],[60,-36],[86,7],[41,-4]],[[2276,4359],[-30,-52],[17,-27]],[[2791,4492],[83,-36],[9,-23],[-39,-97]],[[2844,4336],[-41,25],[-53,-14],[-41,44],[-66,10]],[[2643,4401],[56,80]],[[2699,4481],[18,-30],[74,41]],[[2931,4546],[-3,-23],[-50,-31],[-19,50],[-43,-48],[-25,-2]],[[2699,4481],[3,34]],[[2748,4624],[40,0],[66,-29],[3,-21],[64,-9]],[[2517,4571],[7,-17],[-47,-34]],[[2477,4520],[-59,-35],[-70,2]],[[2643,4401],[-9,-39],[-40,-4],[-45,16]],[[2549,4374],[-15,40],[-1,89],[-25,-5],[-31,22]],[[3161,4078],[34,-17],[-12,-87]],[[2858,3767],[-149,92],[-39,78]],[[2670,3937],[-4,76],[49,64],[103,17],[23,25],[0,38]],[[2841,4157],[55,-16],[63,20],[-12,24],[55,25],[39,-16],[-14,-51],[32,6],[75,-5],[-5,-42],[32,-24]],[[2497,4329],[62,-66],[-5,-54],[-37,-33],[40,-95],[52,-9],[24,-99],[37,-36]],[[2271,4249],[50,16],[33,-12],[44,48],[37,8],[31,25],[31,-5]],[[2549,4374],[-6,-24],[-46,-21]],[[2844,4336],[35,-29],[32,-8]],[[2911,4299],[-46,-33],[-40,-5],[-20,-58],[-19,-21],[55,-25]],[[2985,4537],[28,-40],[-1,-38],[24,-50],[-1,-37]],[[3035,4372],[-41,-3],[-40,-21],[-43,-49]],[[3070,4368],[42,-4],[72,-31],[14,-21]],[[3198,4312],[-5,-44],[-31,-20],[-17,-95],[18,-44],[-2,-31]],[[3035,4372],[35,-4]],[[3234,4505],[22,-41],[-8,-30]],[[3248,4434],[-46,9],[-44,-21],[-12,14]],[[3146,4436],[-38,58],[31,13],[5,36]],[[3451,4519],[-40,-13],[7,-31],[-87,-35],[-17,-13]],[[3314,4427],[-54,-22],[-12,29]],[[3359,4251],[-25,-13],[-13,-111],[8,-62],[-26,-48],[-28,-98]],[[3198,4312],[12,-15],[96,-3],[53,-43]],[[3146,4436],[-25,-35],[-51,-33]],[[3314,4427],[8,-33],[44,-44],[29,25],[30,-18]],[[3425,4357],[-4,-59],[-62,-47]],[[3509,4386],[-57,-1],[-27,-28]],[[3488,4521],[40,-16],[-19,-119]],[[3509,4386],[-6,-37],[17,-45],[-6,-65],[29,-41],[-25,-36],[-13,-52],[-3,-66],[-29,-30],[-46,-24],[-25,-53],[-44,-31]]],"objects":{"DZA.geo":{"type":"GeometryCollection","geometries":[{"arcs":[[0,1,2,3,4,5]],"type":"Polygon","properties":{"name":"Adrar","postal":"AR"},"id":"DZA"},{"arcs":[[6,7,8,9]],"type":"Polygon","properties":{"name":"Aïn Témouchent","postal":"AT"},"id":"DZA"},{"arcs":[[10,11,12,-10,13]],"type":"Polygon","properties":{"name":"Oran","postal":"OR"},"id":"DZA"},{"arcs":[[14,15,16,-7,-13,17]],"type":"Polygon","properties":{"name":"Sidi Bel Abbès","postal":"SB"},"id":"DZA"},{"arcs":[[-17,18,19,-8]],"type":"Polygon","properties":{"name":"Tlemcen","postal":"TL"},"id":"DZA"},{"arcs":[[-4,20,21,22,23]],"type":"Polygon","properties":{"name":"Béchar",