{"type":"Topology","transform":{"scale":[0.002054706836822382,0.001949575742048453],"translate":[-91.99983586654669,-4.985334563265262]},"arcs":[[[6546,1242],[55,-42],[-54,-29],[-11,-70],[-49,-129],[-129,-101],[-1,-18]],[[6357,853],[-53,-39],[-1,-79],[-26,-43]],[[6277,692],[-44,99],[-31,-9],[-36,61],[-62,7]],[[6104,850],[-94,0],[25,85],[-79,50]],[[5956,985],[33,55],[2,68],[133,149],[-10,19]],[[6114,1276],[70,-46],[57,-69],[63,30],[57,-79],[54,-3],[26,70],[69,27],[36,36]],[[6104,850],[-2,-88],[44,-95],[-36,-62],[-83,27],[-44,-35],[-83,-1],[-140,-29]],[[5760,567],[-27,57],[2,60],[-27,85],[6,71],[60,10],[37,64],[52,3],[28,78]],[[5891,995],[65,-10]],[[6277,692],[-44,-49],[35,-69],[-14,-146],[23,-24],[-5,-108],[-45,-49],[-34,15],[-22,-55],[-68,-97]],[[6103,110],[-33,78],[13,40],[-77,52],[-85,-20],[-34,41],[-38,5],[-48,41],[-60,5],[-17,-36],[-83,-55],[-38,41],[63,90],[-54,4],[-22,67],[16,43],[86,-3],[68,64]],[[6630,747],[-24,-82],[6,-42],[-27,-31],[-13,-61],[-35,-23],[-4,-54],[-51,-136],[20,-44],[-20,-60],[-84,-43],[-36,-49],[9,-60],[-49,-49],[-40,-13],[-103,12],[-76,98]],[[6357,853],[40,-30],[-4,-60],[20,-25],[67,-17],[15,19],[135,7]],[[1310,2205],[26,-17],[-88,-108],[-58,-12],[-37,19],[69,56],[37,48],[51,14]],[[856,2297],[30,-21],[-5,-53],[-36,-48],[-80,-9],[-58,48],[29,74],[120,9]],[[265,2425],[27,-26],[0,-74],[-39,-17],[-59,15],[-33,88],[104,14]],[[595,2481],[71,-27],[39,-39],[-17,-45],[-113,13],[-8,81],[28,17]],[[321,2636],[28,-62],[36,-22],[12,-103],[29,-46],[58,-37],[21,-36],[3,-84],[30,-10],[48,-69],[-65,-107],[-41,0],[-72,-31],[-116,6],[-50,63],[32,60],[99,60],[37,-9],[31,56],[-56,43],[-13,51],[-57,41],[-45,151],[-77,7],[64,49],[64,29]],[[6392,1953],[-28,-113],[21,-31]],[[6385,1809],[10,-105],[-71,-66],[-4,-152],[-56,-59]],[[6264,1427],[-52,25]],[[6212,1452],[15,42],[-35,61],[23,67],[-10,45],[-44,47],[44,46],[-29,35],[-16,100],[30,45]],[[6190,1940],[97,25],[64,-25],[41,13]],[[6532,1372],[48,-36],[-7,-68],[-27,-26]],[[6114,1276],[6,70],[35,30],[57,11],[52,40]],[[6264,1427],[49,-73],[80,-23],[67,38],[72,3]],[[6621,2206],[2,-143]],[[6623,2063],[-31,-57],[-38,8],[-70,-43],[-44,6],[-48,-24]],[[6190,1940],[-20,42],[15,106],[61,80],[39,106]],[[6285,2274],[80,106],[45,-87],[59,-72],[44,25],[76,-5],[32,-35]],[[5784,1019],[-73,-10],[2,91],[24,60],[74,31],[56,-22],[-83,-150]],[[5891,995],[29,122],[54,110],[-11,56],[-64,-4],[-51,-58],[-41,22],[-4,54],[-119,-130],[-72,47],[-91,104],[-126,50],[21,59],[62,51],[-9,67],[14,35],[-41,117]],[[5442,1697],[117,9],[12,-87],[59,-1],[54,75],[42,0],[24,134],[69,78],[21,65],[71,29],[64,106],[50,16]],[[6025,2121],[50,-5],[-28,-92],[-82,-80],[-58,-128],[4,-100],[40,-22],[60,-115],[71,10],[69,-49],[61,-88]],[[6025,2121],[69,157]],[[6094,2278],[51,-1],[11,-70],[23,-7],[84,72],[22,2]],[[6037,2550],[-4,-24],[52,-52],[39,-9],[5,-104],[-35,-83]],[[5442,1697],[-17,51],[40,51],[13,69],[-44,58],[-40,85],[49,61],[98,2],[33,27],[15,76],[46,73],[-36,112],[31,21],[30,60],[68,43],[80,98],[14,64],[-5,72],[23,14]],[[5840,2734],[19,-40],[107,55],[42,-63],[-24,-31],[66,-40],[-13,-65]],[[6642,1774],[-3,-49],[-41,-38],[12,-88],[-33,-44],[20,-62],[-29,-74],[-36,-47]],[[6385,1809],[40,18],[49,-28],[83,-3],[23,22],[62,-44]],[[7461,1242],[-175,-67],[-399,-147],[-45,-38],[-124,-158],[-67,-11],[-21,-74]],[[6642,1774],[87,41]],[[6729,1815],[51,-38],[29,-75],[46,0],[38,-126],[55,-50],[165,-74],[128,-81],[51,-84],[48,-33],[42,6],[79,-18]],[[8144,2227],[-15,-53],[34,-114],[-59,-3],[-31,26],[-72,-297],[-10,-22]],[[7991,1764],[-10,26],[-133,76],[-125,38],[-72,-18],[-90,29],[-47,105],[-98,-26],[-51,-30],[-87,29],[-3,46]],[[7275,2039],[5,46],[-70,31],[-1,29],[-151,-73],[-26,25],[20,124],[-54,61],[41,37],[69,-17],[67,92],[-20,66],[0,67]],[[7155,2527],[55,-17],[130,7],[99,-135],[148,-87],[66,35],[84,0],[9,-27],[71,-34],[9,76],[84,-5],[84,-37],[15,-24],[68,-12],[67,-40]],[[6322,2694],[28,-28],[85,14],[61,-12],[138,10],[69,-52],[81,32],[56,-18]],[[6840,2640],[55,-66]],[[6895,2574],[-64,-42],[-21,-43],[-82,-25],[-5,-59],[-67,-183],[-35,-16]],[[6037,2550],[50,-6],[53,25],[38,83],[-16,31],[57,36],[103,-25]],[[7991,1764],[-35,-36],[-214,-263],[-281,-223]],[[6729,1815],[29,53],[-1,57]],[[6757,1925],[139,5],[66,36],[72,9],[153,57],[88,7]],[[6623,2063],[43,-92],[40,2],[51,-48]],[[6895,2574],[29,-51],[90,-17],[60,39],[9,-52],[41,-8],[31,42]],[[6581,3166],[-26,-85],[4,-48],[40,-29]],[[6599,3004],[-34,-62],[38,-76],[-94,-100],[-102,10],[-85,-82]],[[5840,2734],[-21,80],[3,64],[-35,58],[17,40],[103,31],[47,40],[95,15],[55,45],[102,4],[49,15],[37,52],[34,-20],[53,38],[32,76],[27,0],[52,-65],[46,-37],[45,-4]],[[7050,2896],[-67,-34],[-60,-75],[-19,-52]],[[6904,2735],[-91,63],[-63,18],[-18,75],[-32,49],[-67,56],[-34,8]],[[6581,3166],[51,-58],[60,-28],[63,-50],[103,-30],[30,-28],[58,18],[72,-89],[32,-5]],[[6904,2735],[-29,-64],[-35,-31]],[[7050,2896],[22,-5],[22,-124],[106,-38],[43,12],[107,-58],[79,14],[74,-26],[77,11],[5,81],[50,29],[43,-26],[83,-22],[49,-82],[79,-62],[70,1],[109,-76],[-30,-95],[38,-100],[65,-42],[3,-61]]],"objects":{"ECU.geo":{"type":"GeometryCollection","geometries":[{"arcs":[[0,1,2,3,4,5]],"type":"Polygon","properties":{"name":"Azuay","postal":"AZ"},"id":"ECU"},{"arcs":[[-4,6,7,8]],"type":"Polygon","properties":{"name":"El Oro","postal":"EO"},"id":"ECU"},{"arcs":[[9,10,-7,-3]],"type":"Polygon","properties":{"name":"Loja","postal":"LJ"},"id":"ECU"},{"arcs":[[11,-10,-2,12]],"type":"Polygon","properties":{"name":"Zamora Chinchipe","postal":"ZC"},"id":"ECU"},{"arcs":[[[13]],[[14]],[[15]],[[16]],[[17]]],"type":"MultiPolygon","properties":{"name":"Galápagos","postal":"GA"},"id":"ECU"},{"arcs":[[18,19,20,21,22]],"type":"Polygon","properties":{"name":"Bolivar","postal":"BO"},"id":"ECU"},{"arcs":[[23,-6,24,25]],"type":"Polygon","properties":{"name":"Cañar","postal":"CN"},"id":"ECU"},{"arcs":[[26,27,-23,28,29]],"type":"Polygon","properties":{"name":"Cotopaxi","postal":"CT"},"id":"ECU"},{"arcs":[[[30]],[[-21,-25,-5,-9,31,32,33]]],"type":"MultiPolygon","properties":{"name":"Guayas","postal":"GU"},"id":"ECU"},{"arcs":[[-29,-22,-34,34,35]],"type":"Polygon","properties":{"name":"Los Rios","postal":"LR"},"id":"ECU"},{"arcs":[[36,-35,-33,37,38]],"type":"Polygon","properties":{"name":"Manabi","postal":"MN"},"id":"ECU"},{"arcs":[[39,-26,-20,40]],"type":"Polygon","properties":{"name":"Chimborazo","postal":"CB"},"id":"ECU"},{"arcs":[[41,-13,-1,-24,-40,42,43]],"type":"Polygon","properties":{"name":"Morona Santiago","postal":"MS"},"id":"ECU"},{"arcs":[[44,45,46,47]],"type":"Polygon","properties":{"name":"Orellana","postal":"NA"},"id":"ECU"},{"arcs":[[48,49,50,-30,-36,-37,51]],"type":"Polygon","properties":{"name":"Pichincha","postal":"PI"},"id":"ECU"},{"arcs":[[52,-44,53,54,-46]],"type":"Polygon","properties":{"name":"Pastaza","postal":"PA"},"id":"ECU"},{"arcs":[[-54,-43,-41,-19,-28,55]],"type":"Polygon","properties":{"name":"Tungurahua","postal":"TU"},"id":"ECU"},{"arcs":[[-47,-55,-56,-27,-51,56]],"type":"Polygon","properties":{"name":"Napo","postal":null},"id":"ECU"},{"arcs":[[57,58,-52,-39,59]],"type":"Polygon","properties":{"name":"Esmeraldas","postal":"ES"},"id":"ECU"},{"arcs":[[60,61,-58,62]],"type":"Polygon","properties":{"name":"Carchi","postal":"CR"},"id":"ECU"},{"arcs":[[63,-49,-59,-62]],"type":"Polygon","properties":{"name":"Imbabura","postal":"IM"},"id":"ECU"},{"arcs":[[-48,-57,-50,-64,-61,64]],"type":"Polygon","properties":{"name":"Sucumbios","postal":"SU"},"id":"ECU"}]}}}