{"type":"Topology","transform":{"scale":[0.0034270562001740184,0.0028948533067446347],"translate":[24.688342732431124,21.994369201877134]},"arcs":[[[1914,3149],[5,-47],[-15,-47],[17,-61],[-5,-25]],[[1916,2969],[-1,-8]],[[1915,2961],[-55,41],[-43,11],[-35,-12]],[[1782,3001],[-12,32],[10,36],[-7,36]],[[1773,3105],[83,18],[6,30],[52,-4]],[[2309,3102],[15,-164],[42,-85]],[[2366,2853],[-55,4],[-42,-21],[-63,13],[-105,-3]],[[2101,2846],[-13,37]],[[2088,2883],[-13,57],[51,19],[36,41],[6,53],[25,56],[-18,30]],[[2175,3139],[0,2]],[[2175,3141],[43,9]],[[2218,3150],[91,-48]],[[1915,2961],[-54,-71],[23,-64]],[[1884,2826],[-48,17],[-19,39],[-24,-1]],[[1793,2881],[5,73],[-16,47]],[[2101,2846],[14,-125],[-2,-31]],[[2113,2690],[-186,-8],[-5,57],[-16,29],[5,37]],[[1911,2805],[59,24],[45,2]],[[2015,2831],[73,52]],[[1945,2964],[-24,-48],[33,-54],[61,-31]],[[1911,2805],[-27,21]],[[1916,2969],[29,-5]],[[1945,2964],[2,64],[75,27],[48,79],[79,21]],[[2149,3155],[26,-16]],[[2175,3141],[43,29]],[[2218,3170],[0,-20]],[[2366,2853],[17,-117]],[[2383,2736],[-59,-43]],[[2324,2693],[-29,60],[-47,-79],[-16,-49],[74,-84],[19,-79]],[[2325,2462],[-28,-1],[-115,-50],[-87,-2]],[[2095,2409],[18,281]],[[2208,3211],[0,-5]],[[2208,3206],[0,5]],[[2158,3235],[3,2]],[[2161,3237],[-3,-2]],[[2008,3264],[-20,-24],[44,-25],[42,-8]],[[2074,3207],[68,-31],[7,-21]],[[1914,3149],[14,10],[-4,73],[-11,36],[31,26]],[[1944,3294],[64,-30]],[[2308,3132],[1,-30]],[[2218,3170],[-10,36]],[[2208,3211],[22,-6],[78,-73]],[[2158,3235],[-22,13],[-4,14],[-22,30],[-22,-9],[9,-12],[-15,-35],[-8,-29]],[[2008,3264],[78,28],[22,4],[9,-5],[44,-54]],[[1432,3114],[8,-232]],[[1440,2882],[14,-29],[192,-123]],[[1646,2730],[-227,-143],[-190,-198],[-59,-47],[-231,-62],[-44,-39],[-126,-281]],[[769,1960],[-683,-1]],[[86,1959],[0,285],[0,239],[-32,99],[-1,59],[-19,40],[2,47],[-36,87],[22,60],[42,63],[25,99],[-32,87],[-6,118],[47,40],[19,41],[30,-28],[61,-10],[123,38],[42,1],[116,-33],[176,-25],[44,-20],[59,-3],[18,-40],[28,-18],[53,-12],[59,18],[10,-41],[123,-18],[25,9],[121,-47],[61,-43],[56,4],[110,59]],[[1666,3264],[34,-37],[-4,-37],[31,-19],[46,-66]],[[1793,2881],[-135,-125],[-12,-26]],[[1440,2882],[31,57],[47,23],[36,45],[-41,69],[11,37],[-11,27],[37,19],[29,50]],[[1579,3209],[19,-23],[36,21],[32,57]],[[1872,2558],[-50,-74],[-45,-36],[-121,-35],[-33,13],[-127,24]],[[1496,2450],[136,138],[75,50],[60,29],[62,8],[21,-20],[22,-97]],[[1432,3114],[71,50],[48,46],[28,-1]],[[2095,2409],[-107,34],[-20,13],[-52,67]],[[1916,2523],[-6,25],[-38,10]],[[1496,2450],[-19,-113]],[[1477,2337],[-48,-130],[-37,-51],[-44,-34],[-135,-75],[-21,-16],[-35,-71]],[[1157,1960],[-388,0]],[[1826,2322],[-10,-85],[-26,-59],[5,-56],[20,-46],[15,-100],[-6,-33]],[[1824,1943],[-78,5]],[[1746,1948],[5,12],[-594,0]],[[1477,2337],[297,7],[52,-22]],[[1916,2523],[-19,-75],[-57,-81],[-14,-45]],[[1666,3264],[40,7],[60,-20],[75,16],[29,54],[74,-27]],[[1986,0],[-1,53],[-20,27],[-31,-43]],[[1934,37],[-26,29],[22,33],[66,24],[27,50],[-8,53],[17,28],[53,-2],[93,48],[65,-17],[14,-16],[61,155],[34,41],[-4,30],[-68,-5],[-22,14],[15,70],[21,29],[53,13],[4,22],[-31,32],[13,32],[56,21],[2,155],[14,41],[-41,141],[-40,31]],[[2324,1089],[15,43]],[[2339,1132],[59,-49],[21,-34],[13,-104],[32,-71],[-36,-70],[-11,-57],[8,-59],[18,-46],[29,-37],[-6,-74],[21,-65],[-13,-46],[-30,-61],[41,-23],[25,-32],[12,-45],[-31,3],[-23,27],[-58,6],[-32,27],[-30,-88],[-58,-59],[-65,-11],[-45,39],[-34,-72],[-29,-33],[-103,-60],[-28,-38]],[[1824,1943],[5,-59],[34,-26],[63,-31],[13,-29],[45,-46],[38,-80]],[[2022,1672],[-49,36],[-44,-35]],[[1929,1673],[-36,78],[-28,30],[-41,20],[-48,53],[-27,60],[-3,34]],[[1929,1673],[69,-78],[122,-163]],[[2120,1432],[46,-46],[33,-13],[40,11],[67,33],[40,-3],[6,-30],[-34,-82],[-55,-58],[18,-103],[43,-52]],[[1934,37],[-20,-37],[-408,0],[-284,0],[-370,0],[-284,0],[-198,0],[-284,0],[0,303],[0,201],[0,303],[0,403],[0,403],[0,346]],[[2120,1432],[54,33],[34,-36],[15,9]],[[2223,1438],[68,33],[65,-5],[34,-35],[15,-69],[-19,-60],[-60,-66],[-11,-25],[5,-50],[19,-29]],[[2022,1672],[62,-50],[26,-66],[26,-36],[43,-17],[44,-65]],[[2325,2462],[-9,-51],[57,-78],[14,-58],[39,-31],[36,-70],[62,-70],[51,-43],[18,-38],[-15,-34],[10,-74],[22,-15],[17,-53],[43,-34],[-1,-42],[49,-94],[-17,-11],[-4,-46],[37,-49],[82,-187],[61,-95],[39,-103],[90,-181],[72,-174],[45,-41],[30,-60],[6,-45],[-11,-62],[10,-14],[-6,-90],[15,-30],[9,-68],[24,-48],[12,-49],[18,-4],[26,-55],[40,-23],[63,-15],[33,-55],[34,-23],[3,-24],[36,-21],[44,-44],[53,-35],[-4,-25],[-203,0],[-272,0],[-204,0],[-204,0],[-263,0],[-239,0],[-187,0]],[[2975,2589],[-43,-61],[-18,-71],[-15,-128],[-62,-144],[13,-50],[-8,-66],[-55,-66],[-47,3],[-26,30],[-80,65],[-44,76],[-38,24],[-60,70],[-10,37],[-14,123],[-76,73],[-42,74],[-18,49],[-8,66]],[[2383,2736],[80,4],[186,-34],[75,-42],[130,-55],[121,-20]],[[2308,3132],[50,-5],[59,19],[37,28],[21,-43],[31,17],[108,3],[117,39],[44,29],[82,-228],[16,-87],[19,-20],[66,-208],[17,-87]],[[2876,2073],[22,-23],[-30,1],[8,22]]],"objects":{"EGY.geo":{"type":"GeometryCollection","geometries":[{"arcs":[[0,1,2,3,4]],"type":"Polygon","properties":{"name":"Al Gharbiyah","postal":"GH"},"id":"EGY"},{"arcs":[[5,6,7,8,9,10,11]],"type":"Polygon","properties":{"name":"Al Isma`iliyah","postal":"IS"},"id":"EGY"},{"arcs":[[12,13,14,-3]],"type":"Polygon","properties":{"name":"Al Minufiyah","postal":"MF"},"id":"EGY"},{"arcs":[[15,16,17,18,-8]],"type":"Polygon","properties":{"name":"Al Qahirah","postal":"QH"},"id":"EGY"},{"arcs":[[19,-18,20,-13,-2,21]],"type":"Polygon","properties":{"name":"Al Qalyubiyah","postal":"QL"},"id":"EGY"},{"arcs":[[[-9,-19,-20,22,23]],[[-11,24,25]]],"type":"MultiPolygon","properties":{"name":"Ash Sharqiyah","postal":"SQ"},"id":"EGY"},{"arcs":[[26,27,28,29,30,-16,-7]],"type":"Polygon","properties":{"name":"As Suways","postal":"SW"},"id":"EGY"},{"arcs":[[35,36,-23,-22,-1,37,38]],"type":"Polygon","properties":{"name":"Ad Daqahliyah","postal":"DQ"},"id":"EGY"},{"arcs":[[39,-12,-26,40,-32,41]],"type":"Polygon","properties":{"name":"Bur Sa`id","postal":"BS"},"id":"EGY"},{"arcs":[[-34,42,-36,43]],"type":"Polygon","properties":{"name":"Dumyat","postal":"DT"},"id":"EGY"},{"arcs":[[44,45,46,47,48]],"type":"Polygon","properties":{"name":"Matruh","postal":"MT"},"id":"EGY"},{"arcs":[[49,-4,-15,50,-46,51,52]],"type":"Polygon","properties":{"name":"Al Buhayrah","postal":"BH"},"id":"EGY"},{"arcs":[[53,54]],"type":"Polygon","properties":{"name":"Al Fayyum","postal":"FY"},"id":"EGY"},{"arcs":[[-52,-45,55]],"type":"Polygon","properties":{"name":"Al Iskandariyah","postal":"IK"},"id":"EGY"},{"arcs":[[-21,-17,-31,56,57,-55,58,59,60,-47,-51,-14]],"type":"Polygon","properties":{"name":"Al Jizah","postal":"JZ"},"id":"EGY"},{"arcs":[[61,62,63,-60,64]],"type":"Polygon","properties":{"name":"Al Minya","postal":"MN"},"id":"EGY"},{"arcs":[[65,-65,-59,-54,-58]],"type":"Polygon","properties":{"name":"Bani Suwayf","postal":"BN"},"id":"EGY"},{"arcs":[[-38,-5,-50,66]],"type":"Polygon","properties":{"name":"Kafr ash Shaykh","postal":"KS"},"id":"EGY"},{"arcs":[[67,68,69,70]],"type":"Polygon","properties":{"name":"Aswan","postal":"AN"},"id":"EGY"},{"arcs":[[71,72,73,-63]],"type":"Polygon","properties":{"name":"Asyut","postal":"AT"},"id":"EGY"},{"arcs":[[-74,74,75,-69,76,-48,-61,-64]],"type":"Polygon","properties":{"name":"Al Wadi at Jadid","postal":"WJ"},"id":"EGY"},{"arcs":[[-70,-76,77,78]],"type":"Polygon","properties":{"name":"Qina","postal":"QN"},"id":"EGY"},{"arcs":[[79,-78,-75,-73]],"type":"Polygon","properties":{"name":"Suhaj","postal":"SJ"},"id":"EGY"},{"arcs":[[-30,80,-71,-79,-80,-72,-62,-66,-57]],"type":"Polygon","properties":{"name":"Al Bahr al Ahmar","postal":"BA"},"id":"EGY"},{"arcs":[[81,-28,82]],"type":"Polygon","properties":{"name":"Janub Sina'","postal":"JS"},"id":"EGY"},{"arcs":[[-83,-27,-6,-40,83]],"type":"Polygon","properties":{"name":"Shamal Sina'","postal":"SS"},"id":"EGY"},{"arcs":[[84]],"type":"Polygon","properties":{"name":"Tabuk","postal":"TB"},"id":"EGY"}]}}}