{"type":"Topology","transform":{"scale":[0.00218415832726676,0.0014398562815135336],"translate":[-9.292887605453595,35.27772324269426]},"arcs":[[[4495,3645],[-110,79],[2,31],[-53,32]],[[4334,3787],[43,59],[-8,51],[19,65],[-40,84],[72,90],[8,62],[-24,34],[10,70],[42,47],[-41,47],[-10,49],[38,55],[86,82],[-16,44],[35,37],[27,81],[20,108],[2,87],[-21,67],[31,84],[-48,63]],[[4559,5153],[-3,98],[71,-4],[49,-34],[68,-5],[38,-49],[77,5],[50,-82],[-10,-75],[18,-36],[88,21],[8,23],[124,-43],[16,-48],[42,-10],[30,40],[73,12],[65,-31],[43,-40],[55,8],[25,48],[36,2],[75,43],[70,-31],[41,-44],[66,-28],[-25,-58],[-52,12],[-13,-80],[42,-51],[10,-72],[-39,-83],[-100,-92],[-71,-47],[-150,-76],[-70,-48],[-75,-112],[-33,-21],[-199,-57],[-40,-3],[-147,-59],[-15,-29],[-89,-15],[-127,-156],[73,-76],[-142,-80],[-17,-45]],[[4334,3787],[-59,-23],[-96,57],[-59,-120],[3,-152],[-71,-104],[-47,1],[-32,-116],[-63,-23],[-37,-83],[-76,42],[-67,-6]],[[3730,3260],[-8,28]],[[3722,3288],[40,33],[-34,35],[-77,32],[-60,-5]],[[3591,3383],[-114,101],[-50,74],[50,64],[12,67],[56,4],[3,155],[-30,37],[-6,53],[-89,104],[-71,50],[-37,-13]],[[3315,4079],[-44,30],[-9,106],[31,67],[35,-40],[35,21],[-20,120],[84,57],[-16,78],[12,48],[-18,72]],[[3405,4638],[2,31]],[[3407,4669],[105,-34],[35,-29],[58,-1],[47,90],[-35,57],[-11,64],[38,95],[-3,46],[89,157],[47,6],[81,83],[28,94],[28,9]],[[3914,5306],[77,-88],[70,0],[54,28],[65,-37],[57,-64],[95,28],[48,-40],[179,20]],[[3407,4669],[-20,53],[37,49],[59,1],[-5,46],[-46,28],[-82,96],[-46,34],[-44,-1],[-48,34],[-59,5]],[[3153,5014],[-5,112],[55,0],[38,203],[72,23],[19,58],[47,47],[30,61],[45,50]],[[3454,5568],[87,-7],[71,-29],[-3,-53],[-35,-59],[23,-32],[65,14],[143,-69],[90,-2],[19,-25]],[[3722,3288],[-43,-10],[-55,17],[-33,88]],[[4495,3645],[-80,-167],[-67,-79],[-27,-65],[-36,-32],[-73,-128],[-106,-230],[11,-135],[39,-98],[3,-71],[40,-89],[52,-56],[74,-27],[37,-50],[-69,-68],[-46,-26],[-33,-61],[-110,-46],[-39,-73],[-48,-46],[7,-63],[-49,-20],[-16,-44],[-4,-87],[-29,-33],[-20,-67]],[[3906,1784],[-71,60],[-50,101],[18,81],[1,81],[-42,27],[-3,56],[35,93],[-7,63]],[[3787,2346],[54,23],[-21,62],[17,29],[-21,83],[-74,-4],[-65,97],[37,97],[2,64],[-70,23],[-79,59],[-1,90],[60,91],[50,7],[21,82],[10,96],[23,15]],[[3906,1784],[-42,-86],[20,-39],[48,-32],[-101,-45],[-66,19],[-45,-27],[-34,25],[-37,-13],[-145,-125]],[[3504,1461],[-43,40],[-48,11],[-76,145],[10,143],[-87,18],[-76,91]],[[3184,1909],[58,118],[82,72],[56,-3],[73,59],[35,-40],[50,2],[40,48],[-11,98],[31,83],[92,60],[48,1],[49,-61]],[[1809,396],[-17,23],[6,31],[34,-25],[-23,-29]],[[2921,0],[-23,6],[7,30],[16,-36]],[[2188,5643],[-2,-74],[-90,-22],[-12,-50],[-42,-2]],[[2042,5495],[-35,33],[-75,-45],[-21,-44],[-121,-16],[-77,-45],[-82,14],[-22,-47],[-81,31],[-9,28],[-114,-30],[-64,25],[-39,-69],[-52,-25],[-122,-1]],[[1128,5304],[-18,52],[-44,3],[7,54],[54,34],[-19,38],[-79,39],[-37,99],[36,76]],[[1028,5699],[21,50],[162,16],[63,-21],[132,33],[70,-19],[74,14],[47,44],[43,-58],[131,-5],[97,-44],[108,-27],[17,9],[94,-38],[101,-10]],[[1128,5304],[-16,-74],[-77,-71],[9,-40],[-27,-101],[64,7],[50,-19],[-8,-52],[46,-42],[-30,-91],[-28,-2],[-72,-97],[27,-34],[-9,-45]],[[1057,4643],[-31,-14],[-43,31],[-48,-86],[-64,-15],[-54,16],[-27,-27],[-71,50],[-80,-28],[-44,4],[-25,-33],[-60,-3],[-19,77],[56,70],[-43,27],[-13,64],[-58,-36],[-136,-43],[-69,-80],[-38,-13],[-10,136],[58,83],[-43,23],[16,60],[-16,50],[18,34],[2,74],[-37,39],[-35,-51],[-41,31],[19,77],[-49,73],[-3,75],[-69,2],[34,161],[37,33],[39,-5],[37,63],[65,38],[62,-34],[87,28],[80,51],[8,112],[36,6],[149,132],[38,-38],[60,45],[40,-58],[30,28],[80,-36],[29,-57],[124,-32],[-7,-48]],[[1816,3360],[-18,-16],[-11,-120],[46,-40],[-9,-72],[65,23],[12,-56],[-26,-77],[103,-132],[43,-29],[80,49],[-3,-66],[-22,-19],[22,-63],[-44,-18],[-60,-102],[11,-118],[-31,-93],[-25,-15]],[[1949,2396],[-56,-7],[-10,-35],[-84,-58],[-98,-128],[26,-91],[-8,-74],[-39,-17],[-48,36],[-36,-4],[-47,-44],[-24,-81],[-109,-35],[-71,32],[-40,40],[-59,-23],[-27,47],[-82,15],[6,41],[-70,18]],[[1073,2028],[-82,-4],[-18,56],[-88,121],[41,119],[0,83],[98,82],[-5,33],[43,77],[-12,49],[-66,10],[-11,50],[-42,28],[4,41],[-34,50],[5,80],[-39,25],[-53,69],[-18,59],[171,-2],[67,10],[22,92],[27,28],[22,102],[-75,120],[13,30],[65,37]],[[1108,3473],[17,-20],[67,0],[61,26],[22,48],[138,84],[63,-56],[-11,-30],[77,-50],[26,31],[64,-22],[87,-67],[84,40],[13,-97]],[[3405,4638],[-51,-26],[-59,23],[-23,63],[-68,66],[-98,-19],[-29,-76],[-80,25],[-57,-15],[-29,47],[-42,4],[-42,75],[5,106],[26,68],[-29,70],[46,64],[80,3]],[[2955,5116],[70,-43],[52,-53],[28,20],[48,-26]],[[2955,5116],[-103,98],[-77,35],[-1,72],[46,-18],[69,11],[-3,60],[-80,7],[6,108],[-59,11],[-66,-39]],[[2687,5461],[-10,58],[57,53],[54,-6],[24,48]],[[2812,5614],[58,14],[43,39],[80,9],[125,-56],[53,-38],[122,-8],[80,27],[52,36],[29,-69]],[[3046,5206],[-80,14],[1,-63],[82,-34],[35,66],[-38,17]],[[3504,1461],[-67,-101],[-55,-172],[3,-33],[-104,-142],[-35,1],[-62,67],[-109,-16],[-37,-81],[-46,-10],[-80,50],[-26,-10],[-109,11],[-46,-6],[-39,-34],[-86,32],[-60,-13],[-49,20],[-56,-18],[-43,15],[-77,-25],[-96,-1],[-41,-90],[-91,-61],[-83,10],[-42,-35],[-82,-27],[-88,-177],[-28,11],[-9,-84],[-75,-36],[-8,21],[-77,34],[-55,68],[-55,5],[-57,79],[-26,68],[-8,121],[-73,41],[-17,55],[20,66],[-51,104],[-112,99],[-130,72],[-177,-9],[-14,135],[-39,125],[47,128],[42,42],[29,115],[52,13],[16,30],[46,-12],[34,122]],[[1949,2396],[70,-29],[25,-57],[52,-21],[122,-124],[68,-31],[16,36],[170,-14],[39,28],[87,-14],[91,9],[33,44],[155,-31],[58,19],[57,50],[86,-24],[-1,-50],[38,-20],[21,-145],[-48,-76],[96,-37]],[[4977,2658],[21,-52],[-52,-70],[-76,-47],[-60,29],[36,90],[112,60],[19,-10]],[[5711,3258],[-39,-61],[19,-64],[71,-27],[28,24],[56,-24],[-32,-110],[-37,-47],[-48,-114],[-73,-63],[-50,67],[-58,-1],[-29,25],[-22,100],[-26,14],[-75,-65],[-43,37],[-18,61],[96,71],[61,69],[105,71],[114,37]],[[6139,3321],[73,-62],[15,-42],[-28,-65],[-106,77],[-67,-1],[-22,85],[135,8]],[[1816,3360],[85,-15],[38,38],[31,-24],[81,81],[52,31],[9,-45],[50,1]],[[2162,3427],[53,14],[39,52],[34,-60],[51,44],[234,-106],[29,-31],[-55,-100],[104,74],[98,2],[103,31],[-10,99],[-47,17],[21,99],[-29,74],[-33,16],[-31,75],[-44,23],[-26,82],[41,150],[-13,47],[-49,58]],[[2632,4087],[61,36],[10,29],[64,8],[23,23],[53,-14],[94,23],[15,-32],[54,3],[62,-35],[60,-98],[79,-9],[90,19],[18,39]],[[2687,5461],[-103,25],[-39,-46],[-96,-73],[-19,-55],[71,-37],[7,-44],[-52,-28],[-106,17],[-28,39],[-9,70],[-102,69],[-120,-23],[-51,82],[2,38]],[[2188,5643],[92,-5],[130,29],[49,32],[93,0],[76,23],[38,-43],[146,-65]],[[2632,4087],[-36,-16],[-76,-99],[-47,-22],[-28,-44],[-14,-78],[-49,-14],[-37,-97],[-41,-16],[-27,-44],[-7,-93],[-36,-2],[-21,-56],[-33,-25],[-18,-54]],[[1108,3473],[36,54],[-29,59],[19,43],[-16,55],[16,45],[-10,135],[-47,113],[56,35],[27,68],[52,80],[69,19],[79,86],[54,106],[-74,64],[-87,7],[-9,46],[24,89],[-61,45],[-150,21]],[[5164,4975],[-19,16],[15,8],[4,-24]]],"objects":{"ESP.geo":{"type":"GeometryCollection","geometries":[{"arcs":[[0,1,2]],"type":"Polygon","properties":{"name":"Cataluña","postal":"CT"},"id":"ESP"},{"arcs":[[-2,3,4,5,6,7,8,9,10]],"type":"Polygon","properties":{"name":"Aragón","postal":"AR"},"id":"ESP"},{"arcs":[[-10,11,12,13]],"type":"Polygon","properties":{"name":"Comunidad Foral de Navarra","postal":"NA"},"id":"ESP"},{"arcs":[[[14,-6]],[[-1,15,16,17,-4]]],"type":"MultiPolygon","properties":{"name":"Comunidad Valenciana","postal":"VC"},"id":"ESP"},{"arcs":[[-17,18,19,20]],"type":"Polygon","properties":{"name":"Región de Murcia","postal":"MU"},"id":"ESP"},{"arcs":[[21]],"type":"Polygon","properties":{"name":"Ceuta","postal":"CE"},"id":"ESP"},{"arcs":[[22]],"type":"Polygon","properties":{"name":"Melilla","postal":"CE"},"id":"ESP"},{"arcs":[[23,24,25,26]],"type":"Polygon","properties":{"name":"Principado de Asturias","postal":"AS"},"id":"ESP"},{"arcs":[[-26,27,28]],"type":"Polygon","properties":{"name":"Galicia","postal":"GA"},"id":"ESP"},{"arcs":[[29,30,31,32]],"type":"Polygon",