{"type":"Topology","transform":{"scale":[0.0026626723622932683,0.0012503942367051817],"translate":[21.86795394824955,57.515818583161035]},"arcs":[[[1491,1648],[-9,-44],[28,-72],[14,-124]],[[1524,1408],[-48,12],[-116,-22],[10,-42],[-73,-175]],[[1297,1181],[-51,71],[-86,52],[-20,64],[-90,-8],[-25,-23],[-12,-73],[-72,-8],[-31,-57],[-70,-24]],[[840,1175],[15,56],[-46,66],[-43,-5],[-71,80]],[[695,1372],[14,42],[68,-3],[58,26],[-11,68],[92,17],[35,48],[84,-32],[28,42],[186,25],[80,-25],[34,64],[128,4]],[[1912,1079],[-78,13],[-18,60]],[[1816,1152],[40,51],[0,78],[45,20],[4,42],[-72,71],[19,45],[-7,130]],[[1845,1589],[59,-42],[177,1],[174,-35],[55,59],[63,-85],[-42,-56],[-64,-12],[-23,-103],[-48,-132],[-67,16],[-94,-12],[-77,-33],[-46,-76]],[[1524,1408],[32,-96],[-31,-73],[42,-16],[36,-51],[7,-75]],[[1610,1097],[-16,-42],[-55,-20],[-71,-96]],[[1468,939],[-127,-61],[-68,16]],[[1273,894],[13,59],[-35,15]],[[1251,968],[2,61],[27,41],[17,111]],[[1912,1079],[8,-69],[61,-77]],[[1981,933],[-105,-39],[-19,-58],[-56,1],[-128,-24],[-72,-38]],[[1601,775],[-80,89],[-59,6],[6,69]],[[1610,1097],[53,23],[43,-25],[36,43],[74,14]],[[1491,1648],[61,45],[34,-38],[71,2],[67,-33],[78,4],[43,-39]],[[2108,541],[-81,25],[-8,23],[-83,5],[-60,-17],[-19,-39],[-66,-11],[-16,-41]],[[1775,486],[-28,35],[-53,6],[-52,-43],[-63,5]],[[1579,489],[-13,138],[48,90],[-13,58]],[[1981,933],[20,-58],[24,-161],[51,-20],[32,-153]],[[320,1196],[80,-22],[32,-77],[-106,-65],[-31,-83],[-37,-12],[-86,167],[-49,-7],[-10,50],[110,17],[51,95],[44,-16],[2,-47]],[[840,1175],[31,-112],[-20,-115]],[[851,948],[-101,-67],[-15,-47],[-90,-12]],[[645,822],[-25,48],[-5,81],[30,26],[74,15],[1,36],[-77,-7],[-59,93],[76,51],[-71,25],[31,97],[-18,70],[64,36],[29,-21]],[[1273,894],[-10,-36],[-91,-82],[-13,-120],[62,-11],[43,-34],[-84,-156],[9,-29]],[[1189,426],[-32,-34],[-93,-41],[-63,-8],[-49,-63],[-36,2],[34,124],[25,39],[3,143],[21,80],[-62,37],[-29,-63],[-65,-62],[-50,62],[-90,20],[-21,63],[-2,81],[-35,16]],[[851,948],[86,-25],[61,53],[62,12],[191,-20]],[[2108,541],[43,-147],[28,-13],[1,-63],[48,-42],[-92,-38]],[[2136,238],[-61,25],[-112,90],[-123,-22],[-85,21]],[[1755,352],[20,134]],[[1755,352],[-56,-13],[-10,-49],[37,-148],[-12,-105]],[[1714,37],[-63,47],[-36,66],[-54,57],[-8,57],[-79,8],[-29,54],[-61,21]],[[1384,347],[25,74],[73,45],[97,23]],[[1384,347],[-59,59],[-73,-25],[-13,53],[-50,-8]],[[2136,238],[-18,-79],[-37,-21],[-34,-138],[-96,32],[-22,35],[-56,18],[-134,-85],[-25,37]],[[290,858],[98,25],[71,-39],[25,-75],[-26,-66],[-44,-28],[-80,-94],[-83,9],[-99,-63],[-31,-153],[-53,-55],[-32,55],[90,132],[-49,22],[-21,46],[-56,25],[46,98],[-34,65],[36,35],[44,-12],[78,70],[53,6],[46,34],[21,-37]],[[556,887],[19,-56],[-66,-16],[-62,55],[53,61],[56,-44]]],"objects":{"EST.geo":{"type":"GeometryCollection","geometries":[{"arcs":[[0,1,2,3,4]],"type":"Polygon","properties":{"name":"Harju","postal":"HA"},"id":"EST"},{"arcs":[[5,6,7]],"type":"Polygon","properties":{"name":"Ida-Viru","postal":"IV"},"id":"EST"},{"arcs":[[8,9,10,11,12,-2]],"type":"Polygon","properties":{"name":"Järva","postal":"JR"},"id":"EST"},{"arcs":[[-6,13,14,15,-10,16]],"type":"Polygon","properties":{"name":"Jõgeva","postal":"JN"},"id":"EST"},{"arcs":[[-7,-17,-9,-1,17]],"type":"Polygon","properties":{"name":"Lääne-Viru","postal":"LV"},"id":"EST"},{"arcs":[[18,19,20,-15,21]],"type":"Polygon","properties":{"name":"Tartu","postal":"TA"},"id":"EST"},{"arcs":[[22]],"type":"Polygon","properties":{"name":"Hiiu","postal":"HI"},"id":"EST"},{"arcs":[[23,24,25,-4]],"type":"Polygon","properties":{"name":"Lääne","postal":"LN"},"id":"EST"},{"arcs":[[-12,26,27,-25,28]],"type":"Polygon","properties":{"name":"Pärnu","postal":"PR"},"id":"EST"},{"arcs":[[29,30,31,-19]],"type":"Polygon","properties":{"name":"Põlva","postal":"PL"},"id":"EST"},{"arcs":[[-13,-29,-24,-3]],"type":"Polygon","properties":{"name":"Rapla","postal":"RA"},"id":"EST"},{"arcs":[[-32,32,33,34,-20]],"type":"Polygon","properties":{"name":"Valga","postal":"VG"},"id":"EST"},{"arcs":[[-21,-35,35,-27,-11,-16]],"type":"Polygon","properties":{"name":"Viljandi","postal":"VD"},"id":"EST"},{"arcs":[[36,-33,-31]],"type":"Polygon","properties":{"name":"Võru","postal":"VR"},"id":"EST"},{"arcs":[[[37]],[[38]]],"type":"MultiPolygon","properties":{"name":"Saare","postal":"SA"},"id":"EST"}]}}}