{"type":"Topology","transform":{"scale":[0.004141853911149444,0.003939842740930508],"translate":[32.989799845086736,3.4618679026601424]},"arcs":[[[1639,2250],[-2,-29],[52,-140],[20,-78],[29,-50],[-18,-100],[15,-68],[-24,-152],[-45,-73],[1,-74],[-20,-45]],[[1647,1441],[-10,-61],[-55,-35],[-64,48],[21,35],[-26,54],[19,39],[-28,45],[-87,30],[-15,48],[16,95],[-32,18],[-56,-3],[-16,-54],[-176,-80],[-38,38],[-79,28],[-42,50]],[[979,1736],[-118,20],[-39,22],[-16,40],[3,72],[30,32],[10,79],[-40,75],[-36,14],[-56,74],[-47,13],[-53,-59],[-32,-6],[-40,44]],[[545,2156],[89,157],[27,25],[95,12],[-2,54],[29,109],[36,53],[14,52]],[[833,2618],[20,-41],[44,-14],[51,-43],[67,11],[71,-18],[71,51],[67,-24],[19,14],[78,-15],[52,7],[77,-93],[12,-31],[43,3],[10,-55],[-18,-34],[20,-90],[122,4]],[[1692,2790],[-8,-22],[-66,-16],[24,-61],[9,-114],[-25,-34],[12,-73],[-4,-77],[31,-24],[-26,-119]],[[833,2618],[-1,55],[22,69],[53,17],[83,-5],[49,37],[66,-87],[79,194],[27,-39],[54,-12],[48,-66],[106,19],[53,36],[29,-50],[68,22],[123,-18]],[[2119,1911],[-115,-6],[-48,-68],[-36,-165],[16,-30],[-66,-78],[-10,-46]],[[1860,1518],[-48,-19],[-110,-133],[-3,39],[-52,36]],[[1692,2790],[67,-13],[35,-33],[100,-42],[50,-59],[36,-66],[82,-56],[61,-58],[40,-73],[46,-27],[58,-78],[-107,-162],[-31,-23],[-14,-50],[8,-65],[-23,-15],[19,-59]],[[883,246],[-146,3],[-62,82],[-7,75],[13,63],[-77,30],[-41,-20],[-14,41],[-40,29],[-27,55],[-8,61],[-26,42],[-27,99],[-50,29],[-5,35],[-50,20],[-25,33]],[[291,923],[97,-21],[110,33],[61,-4],[15,70],[-25,34]],[[549,1035],[-5,35],[27,42],[67,-5],[41,29],[45,-46],[18,-50],[132,-47],[63,-37],[57,2],[70,43],[10,126],[37,40],[4,77],[61,-6],[92,19],[39,-35],[23,42],[36,-8],[9,-58],[-63,-125],[-1,-45],[-84,-106],[42,-10],[21,27],[68,-21],[6,-74],[72,-32],[37,-35],[9,-39],[-32,-55],[-56,66],[-75,0],[-3,-43],[-50,-96],[-34,61],[24,22],[-6,67],[-35,30],[-37,0],[-18,-144],[43,-16],[28,-60],[-37,-23],[-8,-93],[-52,16],[-68,-38],[-105,6],[-23,-58],[1,-59],[-56,-75]],[[291,923],[-39,40],[-7,39],[-70,63],[-61,23],[-99,13],[-15,30],[52,82],[-7,41],[102,16],[23,-23],[67,18],[33,40]],[[270,1305],[39,0],[133,-104],[19,-31],[-2,-72],[34,-49],[56,-14]],[[1860,1518],[48,-33],[101,49],[103,-8]],[[2112,1526],[82,0],[14,36],[50,27]],[[2258,1589],[51,-94],[37,-93],[36,-37],[10,-109],[-71,-58],[-17,68],[-78,39],[-43,-43],[-24,-81],[5,-92],[-12,-86],[74,-31],[3,-30],[-57,-147],[-60,-21],[-28,-37],[-39,42],[-81,41],[-63,-63],[4,-161],[10,-28],[-90,-70],[-87,-18],[-33,12],[-32,-39],[-36,-100],[-7,-50],[-61,-151],[3,-21],[-48,-85],[-51,-32]],[[1473,14],[-47,-1],[-96,28],[-96,-3],[-30,29],[-209,141],[-64,38],[-48,0]],[[270,1305],[-6,153]],[[264,1458],[71,4],[21,106],[55,-12],[27,30],[24,64],[86,-8],[62,-60],[73,-90],[26,-1],[38,-50],[35,48],[8,52],[-35,37],[3,94],[150,66],[71,-2]],[[1408,1427],[-33,-41],[32,-23],[22,44],[-21,20]],[[2237,1503],[-31,0],[-15,-39],[50,-3],[-4,42]],[[264,1458],[-4,82],[62,188],[-11,75],[39,59],[35,21],[61,-38],[29,44],[-2,94],[30,70],[-8,50],[50,53]],[[2258,1589],[-34,13],[-39,-37],[-67,3],[-6,-42]],[[2119,1911],[45,-13],[106,17],[54,21],[71,-28],[-38,-51],[-20,-54],[40,-91],[56,-72],[29,-10],[11,-49],[45,-71],[46,-17],[100,-91],[190,-65],[352,-123],[172,-63],[241,0],[-188,-190],[-187,-191],[-118,-126],[-240,-276],[-235,11],[-107,-29],[-98,-49],[-80,-92],[-158,-22],[-72,-63],[-33,12],[-65,-12],[-76,3],[-85,82],[-221,-106],[-25,-53],[-41,-41],[-34,-9],[-83,14]]],"objects":{"ETH.geo":{"type":"GeometryCollection","geometries":[{"arcs":[[0,1,2,3,4]],"type":"Polygon","properties":{"name":"Amhara","postal":"AM"},"id":"ETH"},{"arcs":[[5,-5,6]],"type":"Polygon","properties":{"name":"Tigray","postal":"TI"},"id":"ETH"},{"arcs":[[7,8,-1,-6,9]],"type":"Polygon","properties":{"name":"Afar","postal":"AF"},"id":"ETH"},{"arcs":[[10,11,12]],"type":"Polygon","properties":{"name":"Southern Nations, Nationalities and Peoples","postal":"SN"},"id":"ETH"},{"arcs":[[-12,13,14]],"type":"Polygon","properties":{"name":"Gambela Peoples","postal":"GA"},"id":"ETH"},{"arcs":[[-9,15,16,17,18,-13,-15,19,20,-2],[21],[22]],"type":"Polygon","properties":{"name":"Oromia","postal":"OR"},"id":"ETH"},{"arcs":[[-21,23,-3]],"type":"Polygon","properties":{"name":"Benshangul-Gumaz","postal":"BE"},"id":"ETH"},{"arcs":[[-22]],"type":"Polygon","properties":{"name":"Addis Ababa","postal":"AA"},"id":"ETH"},{"arcs":[[-18,24,-16,-8,25]],"type":"Polygon","properties":{"name":"Somali","postal":"SO"},"id":"ETH"},{"arcs":[[-17,-25]],"type":"Polygon","properties":{"name":"Dire Dawa","postal":"DD"},"id":"ETH"},{"arcs":[[-23]],"type":"Polygon","properties":{"name":"Harari People","postal":"HA"},"id":"ETH"}]}}}