{"type":"Topology","transform":{"scale":[0.003179308820740811,0.0016098333726861024],"translate":[20.623164510034087,59.851258614552265]},"arcs":[[[2807,4088],[-119,-8],[-137,40],[-51,-61],[1,-62],[59,-29],[-16,-64],[-32,-11],[35,-75],[-97,-5],[26,-55],[-8,-39],[-87,-21],[-135,16],[-40,77],[-74,-8],[-94,-118],[-82,-28],[-206,8],[-18,59],[-116,-42],[-117,-6],[-93,-90]],[[1406,3566],[-86,44],[-47,-11],[-48,94],[-36,-17],[-75,29],[-46,145],[-34,62],[-59,36],[-25,143],[75,79],[3,116],[35,38],[-22,48],[-78,99],[-33,65],[7,67],[42,17],[9,81],[-105,41],[39,63],[-22,93],[5,90],[51,32],[-88,74],[-16,47],[-57,2],[1,54],[-32,50],[-140,79],[-95,32],[-73,0],[-48,57],[-144,73],[-123,114],[-52,16],[9,44],[-98,44],[38,42],[91,-40],[39,30],[-39,58],[20,36],[68,32],[110,-17],[113,-157],[110,-117],[18,-70],[53,9],[80,-30],[53,6],[56,-42],[89,42],[80,18],[16,52],[45,11],[127,-67],[104,-26],[62,-64],[80,46],[27,109],[59,38],[83,6],[47,80],[-21,128],[44,95],[8,100],[41,102],[53,11],[69,75],[26,51],[114,13],[74,-23],[67,17],[94,83],[80,8],[95,-112],[67,-24],[8,-34],[228,-79],[67,-130],[-36,-55],[-115,-100],[-8,-84],[36,-33],[-156,-79],[109,-40],[-27,-67],[-81,-115],[0,-32],[64,-178],[20,-20],[180,-56],[111,-161],[112,-85],[-29,-111],[-125,-130],[-132,-191],[-3,-95],[73,-98],[71,-154]],[[1734,2239],[-15,-54],[30,-87],[-7,-48],[51,-113],[-85,-30],[38,-55],[59,-47],[45,-5],[29,-76],[-36,-64],[72,-45]],[[1915,1615],[17,-55],[-115,-86],[-49,-55],[46,-90],[-18,-66],[62,-123],[-66,-49]],[[1792,1091],[-55,11],[-20,50],[-69,58],[-26,-61],[-83,-14],[-17,-94],[-19,-26],[-139,-18]],[[1364,997],[-17,77],[5,80],[23,24],[-20,51],[2,76],[-22,65],[-39,-14],[-56,91],[-47,-16],[-54,62],[-53,20],[-18,48]],[[1068,1561],[36,48],[120,39],[18,97],[-65,114],[0,46],[-31,88],[30,37]],[[1176,2030],[52,25],[66,-14],[20,86],[-6,48],[78,66]],[[1386,2241],[64,88],[81,-43],[77,-8],[55,-49],[71,10]],[[2433,2424],[60,-38],[35,-159],[28,-70],[-41,-71],[81,-93],[55,-38],[-26,-33],[35,-67],[-49,-35],[-48,28],[-39,-51],[3,-56]],[[2527,1741],[-19,-39],[-57,-16],[-7,-57],[-44,-27],[-13,-47],[-45,-42],[-72,-5],[-54,71],[-90,77],[-57,-33],[-25,15],[-129,-23]],[[1734,2239],[48,104],[-16,114],[19,29],[124,95],[56,17]],[[1965,2598],[214,-50],[61,-28],[106,-82],[56,-60],[31,46]],[[2865,3507],[-4,-104],[-44,-59],[80,-19],[-4,-69],[-48,-9],[-25,-54],[35,-95],[25,-26],[89,-7],[34,-64],[-11,-42],[-53,-23],[33,-66],[6,-68],[72,-28],[75,-60],[9,-84],[-24,-58],[-97,-123],[-64,-29]],[[2949,2420],[-83,-9],[-25,87],[-227,-19],[-114,26],[-33,-8],[-34,-73]],[[1965,2598],[-21,16],[-10,115],[-26,40],[-50,11],[-74,96],[76,49],[35,54],[50,8],[31,57],[66,47],[77,-6],[14,71],[-39,52],[26,43],[170,14],[23,65],[31,18],[150,27],[41,70],[136,36],[53,43],[64,-20],[77,3]],[[1337,3239],[-76,-61],[-22,43],[29,27],[69,-9]],[[2807,4088],[32,-90],[71,-96],[66,-204],[10,-73],[-111,-24],[24,-52],[-34,-42]],[[1386,2241],[-126,124],[-69,109],[-43,21],[-40,57],[-16,55],[-122,74]],[[970,2681],[69,55],[22,77],[109,94],[25,90],[38,55],[72,63],[95,31],[58,-62],[56,85],[-7,51],[-42,97],[24,137],[-20,70],[-63,42]],[[1176,2030],[-100,90],[-55,11],[-53,61]],[[968,2192],[-19,95],[-30,63],[54,34],[-67,49],[-96,-27],[-65,39]],[[745,2445],[51,60],[68,39],[4,63],[70,-12],[32,86]],[[143,2135],[87,-17],[23,-39],[-58,-30],[-52,86]],[[968,2192],[-48,53],[-79,6],[-31,-51],[-76,-33],[-60,11],[-59,-54],[2,-52],[28,-31],[-77,-112],[-8,-50],[-71,-71],[-59,12],[-63,47],[-19,-60],[16,-35],[-60,-64],[7,-35],[-25,-102],[44,-13],[6,-95],[-14,-116]],[[322,1347],[-70,-7],[-34,-43]],[[218,1297],[-25,29],[16,84],[32,54],[-23,25],[7,67],[-42,2],[-25,59],[-18,103],[50,148],[49,10],[44,118],[-8,90],[37,-3],[80,34],[11,-52],[94,40],[54,50],[-57,69],[24,51],[50,-15],[22,83],[56,49],[48,-35],[51,88]],[[1068,1561],[-34,66],[-154,-56],[-42,17],[-38,-56],[-103,-29]],[[697,1503],[-79,19],[-13,-41],[-65,-69],[-51,-26],[-36,-45],[-41,-15],[-90,21]],[[1792,1091],[-20,-105],[12,-42],[69,-60]],[[1853,884],[-37,-46],[-108,-58],[26,-51],[3,-59],[-16,-62],[38,-46]],[[1759,562],[-13,-37],[-90,23],[-87,-28],[-28,10]],[[1541,530],[-15,55],[-46,-22],[-42,45],[-27,-6]],[[1411,602],[10,55],[36,42],[10,62],[-31,102],[-49,8],[-36,43]],[[1351,914],[13,83]],[[1411,602],[15,-30],[-40,-58],[-131,-12],[-28,-63],[-40,24],[-157,32]],[[1030,495],[-61,8],[-71,53],[-66,-11],[-33,32],[42,103],[-31,34]],[[810,714],[75,-20],[85,24],[29,42],[135,52],[91,82],[90,-14],[36,34]],[[810,714],[-72,28]],[[738,742],[-14,103],[-77,19],[-31,47],[45,71],[-39,75],[38,59],[-21,23],[53,86],[-72,127],[56,25],[26,65],[-5,61]],[[2073,814],[-20,-67],[28,-57],[-9,-33],[50,-23],[45,-46],[55,1],[52,-27],[48,-57]],[[2322,505],[-95,-111],[-78,-13],[-27,21],[-99,30],[-18,-37],[-98,-43],[-50,13],[8,95]],[[1865,460],[-64,49],[-42,53]],[[1853,884],[58,-37],[54,43],[23,-70],[85,-6]],[[2995,1242],[-115,-160],[-75,-67],[-24,-44],[-82,-104],[-128,-94],[-57,-83],[-28,-7],[-119,-120],[-45,-58]],[[2073,814],[55,26],[-51,70],[24,52],[75,-25],[201,9],[51,28],[40,56],[58,-24],[51,37],[75,3],[68,23],[82,70],[10,25]],[[2812,1164],[155,77],[28,1]],[[2527,1741],[48,-14],[94,-87],[-8,-43],[62,-25],[42,-85],[14,-91],[62,-78],[-12,-31],[24,-61],[-41,-62]],[[2949,2420],[1,-20],[153,-157],[104,-54],[49,-54],[79,-58],[8,-49],[100,-130],[-40,-73],[-63,-177],[-82,-90],[-23,-41],[-86,-68],[-49,-72],[-105,-135]],[[695,212],[4,-51],[-36,-40],[-82,-30],[-1,116],[109,26],[6,-21]],[[1030,495],[-15,-91],[-33,-9],[13,-59],[-20,-45],[-57,-75],[-32,-22],[-45,11],[-33,-36],[-54,-10]],[[754,159],[-48,48],[44,58],[-21,24],[-64,-49],[-40,-11],[-51,16],[56,81],[-109,6],[-73,33],[-86,102],[-35,-22],[-60,25],[-44,162],[24,112]],[[247,744],[27,-28],[82,1],[48,-13],[31,-54],[46,-7],[30,24],[99,11],[3,27],[72,7],[13,58],[40,-28]],[[247,744],[11,66],[36,30],[-15,196],[36,17],[-48,132],[4,32],[-53,80]],[[1865,460],[-27,-52],[6,-40],[-51,-38],[-54,10],[-84,-49],[12,-34],[-59,-11],[-66,50],[-7,-51],[-98,-11]],[[1437,234],[-21,60],[16,109],[57,-54],[47,21],[-29,55],[29,31],[-24,39],[29,35]],[[1437,234],[-5,-28],[-71,-24],[-111,-10],[-1,-42],[-40,-40],[-91,32],[-128,-49],[-107,-7],[-61,-37],[-10,94],[-46,-6],[-12,42]]],"objects":{"FIN.geo":{"type":"GeometryCollection","geometries":[{"arcs":[[0,1]],"type":"Polygon","properties":{"name":"Lapland","postal":null},"id":"FIN"},{"arcs":[[2,3,4,5,6,7,8]],"type":"Polygon","properties":{"name":"Central Finland","postal":null},"id":"FIN"},{"arcs":[[9,10,-3,11,12]],"type":"Polygon","properties":{"name":"Eastern Finland","postal":null},"id":"FIN"},{"arcs":[[13,14,-13,15]],"type":"Polygon","properties":{"name":"Oulu","postal":null},"id":"FIN"},{"arcs":[[[16]],[[17,-16,-12,-9,18,19,-1]]],"type":"MultiPolygon","properties":{"name":"Northern Ostrobothnia","postal":null},"id":"FIN"},{"arcs":[[-8,20,21,22,-19]],"type":"Polygon","properties":{"name":"Central Ostrobothnia","postal":null},"id":"FIN"},{"arcs":[[[23]],[[-22,24,25,26]]],"type":"MultiPolygon","properties":{"name":"Ostrobothnia","postal":null},"id":"FIN"},{"arcs":[[-21,-7,27,28,-25]],"type":"Polygon","properties":{"name":"Southern Ostrobothnia","postal":null},"id":"FIN"},{"arcs":[[29,30,31,32,33,34,-5]],"type":"Polygon","properties":{"name":"Päijänne Tavastia","postal":null},"id":"FIN"},{"arcs":[[35,36,37,-34]],"type":"Polygon","properties":{"name":"Tavastia Proper","postal":null},"id":"FIN"},{"arcs":[[-6,-35,-38,38,39,-28]],"type":"Polygon","properties":{"name":"Pirkanmaa","postal":null},"id":"FIN"},{"arcs":[[40,41,42,-31,43]],"type":"Polygon","properties":{"name":"Southern Finland","postal":null},"id":"FIN"},{"arcs":[[44,-41,45,46]],"type":"Polygon","properties":{"name":"South Karelia","postal":null},"id":"FIN"},{"arcs":[[-46,-44,-30,-4,-11,47]],"type":"Polygon","properties":{"name":"Southern Savonia","postal":null},"id":"FIN"},{"arcs":[[48,-47,-48,-10,-15]],"type":"Polygon","properties":{"name":"North Karelia","postal":null},"id":"FIN"},{"arcs":[[[49]],[[-37,50,51,52,-39]]],"type":"MultiPolygon","properties":{"name":"Finland Proper","postal":null},"id":"FIN"},{"arcs":[[-53,53,-26,-29,-40]],