{"type":"Topology","transform":{"scale":[0.002185722936439419,0.0015165979915236134],"translate":[-5.048301690020906,41.36266144351431]},"arcs":[[[4737,3359],[38,-72],[75,-47],[43,43],[38,-48],[65,0],[86,100]],[[5082,3335],[37,-38],[-21,-77],[-65,-23],[70,-48],[81,67],[-27,38],[32,53],[38,-20],[54,39],[92,9],[59,-100],[-27,-77],[43,-19],[75,-129],[-43,-52],[-37,0],[-33,-48],[16,-53],[70,-47],[11,-77],[81,-72],[-33,-47],[-16,-72],[-48,-5],[-48,-52],[-49,19],[-54,-24]],[[5340,2480],[-75,-48],[-38,34],[-59,0],[-11,-63],[49,-4],[16,-91],[-108,-5],[-48,-14],[-22,-38],[-54,-15],[-32,-67],[-54,-5],[-27,-47],[0,-67],[-54,14],[-32,-43],[16,-38],[102,-67],[0,-48],[-96,-48],[-38,48],[-102,29],[-54,38],[-108,-33],[-27,52],[-43,-28]],[[4441,1926],[-75,38],[-54,0],[-70,-38],[-81,81],[-59,124],[-21,105]],[[4081,2236],[75,77],[48,0],[76,71],[53,91],[27,72],[-64,48],[-6,57],[-80,0],[-11,-19],[-102,-5],[-6,33],[33,43],[-17,72],[-64,57],[-43,86],[11,82],[48,62],[-22,148],[49,29]],[[4086,3240],[5,-43],[43,-24],[33,14],[118,-14],[48,81],[44,-14],[70,9],[21,-67],[38,-9],[64,219],[108,0],[59,-33]],[[2444,5323],[21,-139],[38,-57],[-11,-158],[97,-33],[70,-67],[22,-53]],[[2681,4816],[16,-57],[48,-43],[11,-57],[-27,-39],[-64,-28],[10,-91]],[[2675,4501],[-59,38],[-81,19],[-48,39],[-5,76],[-33,14],[-64,-14],[-43,-43],[-54,-5],[-11,48],[-75,72],[-54,-43],[-178,-34],[-54,39],[-102,0]],[[1814,4707],[-64,23],[-103,-47],[-43,52],[-21,67]],[[1583,4802],[43,29],[-33,52],[-5,62],[11,101],[-22,14],[6,72],[-49,110],[-59,57],[-27,81],[22,62],[-49,67],[156,-43],[65,34],[86,-5],[22,-48],[-38,-43],[81,-138],[26,33],[114,-24],[199,-14],[75,-38],[86,23],[92,62],[59,15]],[[1814,4707],[5,-273],[11,-62],[-59,-24],[-32,-115],[-65,24],[-91,-28],[-43,-39],[-87,-9],[-97,-34],[-16,-81],[-102,-48],[-54,-4]],[[1184,4014],[-21,52],[-108,15],[-5,57],[-113,-38],[-60,0],[-59,67],[-48,23],[-38,-9],[-38,52],[-86,20],[-54,-10],[-43,57],[-80,-4],[-43,-48],[-76,0],[11,38],[-43,77],[-113,57],[145,33],[22,58],[-65,28],[-27,-28],[-48,57],[134,5],[-43,71],[-81,-38],[-80,5],[-6,53],[22,76],[54,19],[27,33],[48,0],[54,34],[59,-14],[27,24],[86,-5],[113,19],[59,-24],[6,62],[27,38],[54,-19],[64,29],[22,-19],[91,4],[6,-33],[80,-76],[6,-43],[81,-39],[75,58],[81,28],[43,-47],[97,62],[64,14],[22,-62],[97,19]],[[1723,3058],[48,-62],[-5,-53],[-70,72],[27,43]],[[2848,3311],[-54,-14],[-38,-57],[-64,-29],[-11,-120],[54,-57],[-54,-29],[-6,-62],[-32,-14],[-43,-62]],[[2600,2867],[-91,-148],[-76,-48],[-5,-72],[-119,-76],[-27,-53],[-53,-4],[-92,38],[-21,67],[-92,38],[-38,0]],[[1986,2609],[-21,67],[-38,62],[-161,129],[-16,52],[43,10],[-6,43],[32,24],[-10,52],[21,29],[-48,86],[-11,48],[27,52]],[[1798,3263],[135,15],[32,-19],[54,14],[37,34],[-37,38],[5,119],[-48,105],[5,29],[-48,33],[-38,77],[97,0],[64,24],[6,33],[177,15],[70,43],[33,-5]],[[2342,3818],[16,-24],[91,-48],[0,-62],[65,-10],[108,15],[70,-120],[37,-43],[11,-76],[75,-38],[33,-101]],[[2675,4501],[22,-53],[-22,-28],[22,-72],[-32,-33],[-16,-86],[-49,-24],[-16,-48],[-75,-29],[-22,-28],[-65,14],[-32,-148],[-32,-48],[-16,-100]],[[1798,3263],[-151,20],[-27,52],[-134,53],[-22,81],[-64,86],[-65,52],[11,63],[43,66],[-6,44],[-80,23],[21,48],[0,72],[-59,-43],[-70,38],[-54,53],[43,43]],[[2977,2408],[-11,-91],[-48,-47],[-6,-43],[-64,-43],[-27,-48],[-49,-34],[27,-114],[-75,-5],[16,-72],[-16,-38],[-113,-110],[-38,24],[-124,-53],[-37,20],[-70,-77],[-113,14],[-33,-157],[6,-67],[59,-10],[54,-95],[5,-53],[-48,-119],[-49,-43],[0,-43],[-48,-34],[-6,-100]],[[2169,970],[-53,-29],[-87,15],[-80,95],[-33,-9],[-188,67],[-65,-10],[-32,38],[27,34],[11,71],[-124,39],[-38,-5],[-21,52],[64,15],[86,119],[60,292],[43,320],[-6,33],[33,72],[43,-10],[16,43],[-43,39],[-38,-48],[16,277],[22,100],[5,143],[43,15],[59,-43],[70,-81],[22,-125],[22,-4],[-17,124]],[[2600,2867],[43,-10],[43,-66],[86,14],[54,-86],[59,-29],[11,-38],[-21,-115],[102,-129]],[[6632,870],[11,-67],[27,-10],[0,-124],[16,-53],[-5,-119],[-70,-110],[0,-162],[-22,-82],[-38,-38],[-26,-105],[-54,29],[-11,47],[-65,10],[-64,72],[48,62],[-81,24],[33,62],[-6,72],[-70,-5],[38,114],[-54,19],[0,77],[38,14],[-54,58],[32,43],[43,95],[151,62],[32,48],[103,10],[-16,62],[27,114],[43,-14],[10,-124],[-16,-81]],[[5340,2480],[16,-62],[27,-10],[6,-57],[54,-48],[64,-5],[27,-100],[-38,-10],[-32,-71],[-27,-24],[22,-77],[-6,-43],[54,-76],[70,-19],[86,-58],[135,39],[32,-77],[-27,-48],[-64,-71],[5,-62],[-54,-19],[-48,-43],[-65,-34],[-5,-48],[-65,-14],[-59,-91],[-54,5],[-38,-153],[-107,-24],[-43,-33],[-33,14],[-48,-33],[-113,14],[-22,-33],[-37,57],[-54,38],[-54,14],[-81,0],[-11,82],[-140,0],[11,76],[-91,-24],[10,-43],[-134,10],[-32,62],[-135,0]],[[4242,1381],[27,38],[59,34],[16,66],[38,29],[38,-9],[16,67],[-6,47],[87,62],[10,39],[-32,43],[-54,129]],[[4242,1381],[-43,19],[-38,48],[-48,-19],[-92,-77],[-54,-24],[-48,-62],[-92,-14],[-91,-101],[-38,-109],[6,-254],[43,-23],[16,-63],[-113,29],[-76,-43],[-26,5],[-43,-48],[-60,-5],[-27,34],[-64,28],[-76,-9],[-27,-38],[-43,9],[-21,48],[-97,38],[27,43]],[[3117,793],[91,19],[6,34],[86,24],[-49,43],[-48,-10],[-38,62],[54,34],[-11,133],[-97,53],[-26,53],[16,52],[75,48],[65,19],[64,-14],[33,28],[145,-14],[43,29],[-16,62],[11,52],[59,-14],[70,53],[59,14],[0,67],[65,-5],[113,124],[-22,34],[-43,9],[22,86],[-49,-5],[-54,48],[6,115],[-27,33],[-6,53],[-43,52]],[[3671,2164],[38,120],[92,67],[59,19],[43,-91],[81,10],[97,-53]],[[3251,2384],[11,-67],[38,-66],[-16,-48],[21,-48],[60,24],[70,-5],[32,33],[32,82],[59,67],[92,-105],[-6,-48],[27,-39]],[[3117,793],[-22,29],[-80,28],[-60,-28],[-32,67],[-86,-5],[-38,48],[-70,5],[-48,33],[-59,9],[-33,-105],[-102,0],[-43,-14],[-59,38],[-76,-24],[-37,5],[-43,62],[-60,29]],[[2977,2408],[70,10],[70,-62],[64,23],[70,5]],[[3698,3579],[6,-29],[75,-38],[102,10],[27,-34],[59,57],[54,-81],[0,-43],[108,-52],[11,-96],[-54,-33]],[[3251,2384],[70,120],[-10,38],[75,81],[5,38],[54,-4],[16,57],[-21,91],[27,52],[-59,77],[48,38],[43,67],[-16,110],[-48,95],[-60,29],[-32,62]],[[3343,3335],[38,53],[124,33],[5,72],[43,48],[27,-10],[70,43],[48,5]],[[4770,4119],[48,-5],[5,-48],[-37,-28],[48,-130],[-11,-57],[-48,-81],[-38,-14],[-16,-77],[86,-62],[-48,-19],[32,-105],[-27,-58],[16,-66],[-43,-10]],[[3698,3579],[16,172],[-43,134],[-48,52],[27,81],[-32,58],[48,14],[-54,129],[65,19],[21,81],[38,48],[-54,105],[-32,5]],[[3650,4477],[37,53],[6,76],[38,14],[107,0],[27,29]],[[3865,4649],[97,-105],[-16,-48],[70,-14],[81,-119],[10,-34],[49,-5],[91,19],[140,10],[70,38],[43,-14],[92,-124],[-27,-24],[81,-86],[27,19],[48,-58],[49,15]],[[3343,3335],[-70,-5],[-145,24],[-17,-28],[-64,-15],[-43,19],[-49,-43],[-107,24]],[[2681,4816],[91,34],[22,24],[91,0],[33,14],[59,67],[16,43]],[[2993,4998],[32,-57],[6,-105],[86,-101],[16,-52],[70,-48],[16,-77],[65,15],[37,28],[87,-19],[43,-57],[5,-48],[81,-19],[113,19]],[[3085,5189],[-33,-100],[-75,-19],[16,-72]],[[2444,5323],[-102,57],[48,110],[156,96],[302,86],[91,67]],[[2939,5739],[65,-43],[75,-72],[32,-72],[-32,-48],[16,-133],[0,-82],[33,-90],[-43,-10]],[[3903,4936],[-38,-53],[27,-33],[16,-86],[-48,-77],[5,-38]],[[3085,5189],[21,-29],[65,-14],[80,29],[81,-34],[38,15],[86,-48],[113,-29],[108,10],[43,19],[43,-34],[0,-33],[91,-86],[49,-19]],[[4775,5438],[-48,-43],[-65,28],[-32,-62],[21,-43],[-64,-129],[-11,-43],[27,-153],[-43,-38],[-6,-53],[38,-33],[5,-62],[33,-38],[177,-115],[33,-57],[86,-82],[-27,-76],[107,-105]],[[5006,4334],[0,-19],[-80,-62],[-6,-77],[-53,-24],[-76,10],[-21,-43]],[[3903,4936],[64,81],[0,110],[38,124],[162,38],[0,168],[80,57],[6,86],[-16,67]],[[4237,5667],[118,-14],[86,33],[11,67],[48,43],[38,-10],[-38,-110],[27,-23],[6,-101],[54,10],[96,-77],[33,5],[59,-52]],[[4199,5676],[-65,15],[-10,33],[-119,10],[-145,-19],[-108,-5],[-54,33],[-32,-23],[-172,42],[-6,20],[-91,9],[16,53],[-145,-15],[-17,29],[-107,72],[-65,-10],[-38,19]],[[3041,5939],[-10,48],[-6,182],[22,47],[-16,53],[70,48],[113,43],[151,33],[107,5],[33,-67],[-17,-33],[22,-67],[32,0],[32,-53],[49,-19],[48,38],[60,15],[64,-72],[16,-105],[140,-19],[27,-29],[6,-81],[43,19],[75,-14],[49,9],[64,-76],[-16,-53],[38,-57],[-38,-58]],[[4199,5676],[38,-9]],[[2939,