{"type":"Topology","transform":{"scale":[0.0026705488280204283,0.0025254637655577577],"translate":[8.800039320001636,-3.93685618986126]},"arcs":[[[605,1956],[-2,-57],[-17,-56],[23,-31],[195,72],[1,-82],[-28,-58],[-25,-93]],[[752,1651],[-53,-10],[-10,-51],[-36,-30],[-9,-32],[-153,-118],[-43,-13],[-35,42],[-128,-48],[3,-61]],[[288,1330],[-62,48],[-36,73]],[[190,1451],[18,114],[-18,120],[27,-4],[17,-40],[148,-35],[-10,25],[-83,46],[-28,-3],[-32,71],[-40,29],[2,28],[79,28],[39,-18],[-3,66],[-19,70],[67,31],[61,-50],[45,27],[145,0]],[[1905,1522],[-62,33],[-75,17],[-90,3]],[[1678,1575],[-63,25],[-10,35],[-53,24],[-20,-14],[-60,25],[-46,-3],[-56,-268],[-59,-31],[-276,-108]],[[1035,1260],[-19,61],[-33,44],[-9,52],[-23,39],[-1,42],[-21,29],[28,49],[80,46],[5,28]],[[1042,1650],[-36,51],[269,194],[5,54],[51,99],[311,-5]],[[1642,2043],[80,29],[54,-5],[94,60],[71,-7],[25,-16],[50,2],[26,-20],[8,-70],[72,-101],[-7,-33],[-41,-48],[-4,-29],[-36,-31],[-58,-1],[-14,-50],[-35,-25],[-28,-61],[6,-115]],[[1042,1650],[-290,1]],[[605,1956],[345,-2],[-3,447],[8,69],[120,8],[31,-16],[168,-1],[49,12],[156,-28],[22,10],[103,-6],[60,9],[20,-22],[-6,-67],[-28,-21],[-5,-59],[-24,-100],[41,-65],[-20,-81]],[[1035,1260],[-89,23],[-58,47],[-91,-7],[-55,-21],[-26,13],[-63,-69],[-11,-43],[-46,-86],[-68,-9],[-54,-46]],[[474,1062],[-58,44],[13,40],[-21,52],[-53,5],[-42,44],[-25,83]],[[1035,1260],[-22,-33],[1,-48],[18,-64],[76,19],[24,-60],[53,-39],[29,-63],[-5,-60],[71,-74],[87,-31]],[[1367,807],[-7,-42],[25,-36],[-15,-93],[-148,-33],[-47,34],[-68,-34],[-33,24],[-41,2],[19,-131],[-28,-50]],[[1024,448],[-116,130],[-12,35],[-57,54],[-162,-23]],[[677,644],[-60,108],[4,29],[-35,21],[-55,0],[-110,57],[-19,37],[31,29],[4,74],[37,63]],[[1024,448],[38,-11],[48,-59],[-22,-27],[-7,-48],[97,-52],[-44,-97],[26,-47],[-29,-17],[-64,14],[-30,51],[-32,14],[-26,-31],[-76,-43],[-36,-95],[-35,31],[-14,57],[-127,104],[-4,55],[-68,71],[-184,154]],[[435,472],[136,40],[52,104],[54,28]],[[435,472],[-89,104],[44,-7],[67,-51],[44,40],[-86,23],[-117,46],[-11,64],[-74,78],[-3,32],[-44,51],[21,82],[-25,70],[-76,41],[-5,51],[-52,77],[-29,95],[39,23],[38,-51],[31,46],[5,35],[62,75],[15,55]],[[1905,1522],[-21,-44],[99,-29],[24,-70],[50,7],[65,-46],[12,-31],[-18,-48],[2,-41],[-24,-66],[28,-80],[-13,-50],[19,-15],[-41,-85],[15,-44],[-17,-82],[-43,-18],[-6,-61],[-32,-55],[28,-25],[-54,-70],[-74,5],[-8,66],[-35,80],[-66,-82],[-55,-40],[-32,-1],[-117,34],[-66,110],[-21,48],[-28,21]],[[1476,810],[13,56],[46,105],[97,84],[3,65],[39,-17],[61,78],[46,73],[-1,16],[-94,194],[-30,53],[22,58]],[[1476,810],[-41,26],[-68,-29]]],"objects":{"GAB.geo":{"type":"GeometryCollection","geometries":[{"arcs":[[0,1,2,3]],"type":"Polygon","properties":{"name":"Estuaire","postal":"ES"},"id":"GAB"},{"arcs":[[4,5,6,7,8]],"type":"Polygon","properties":{"name":"Ogooué-Ivindo","postal":"OI"},"id":"GAB"},{"arcs":[[-8,9,-1,10]],"type":"Polygon","properties":{"name":"Wouleu-Ntem","postal":"WN"},"id":"GAB"},{"arcs":[[-10,-7,11,12,-2]],"type":"Polygon","properties":{"name":"Moyen-Ogooué","postal":"MO"},"id":"GAB"},{"arcs":[[13,14,15,16,-12]],"type":"Polygon","properties":{"name":"Ngounié","postal":"NG"},"id":"GAB"},{"arcs":[[17,18,-16]],"type":"Polygon","properties":{"name":"Nyanga","postal":"NY"},"id":"GAB"},{"arcs":[[-13,-17,-19,19,-3]],"type":"Polygon","properties":{"name":"Ogooué-Maritime","postal":"OM"},"id":"GAB"},{"arcs":[[20,21,-5]],"type":"Polygon","properties":{"name":"Haut-Ogooué","postal":"HO"},"id":"GAB"},{"arcs":[[-22,22,-14,-6]],"type":"Polygon","properties":{"name":"Ogooué-Lolo","postal":"OL"},"id":"GAB"}]}}}