{"type":"Topology","transform":{"scale":[0.0030007721070172406,0.0017662051701632403],"translate":[-8.569491213781335,49.91398909481957]},"arcs":[[[2424,486],[78,-45],[-36,-51],[-49,-8],[-63,68],[70,36]],[[1968,964],[3,108],[-73,69],[-26,-12],[-57,95],[5,55],[51,95],[-39,4],[-41,68],[66,163],[-48,23],[18,66],[80,14],[-22,139],[-57,42]],[[1828,1893],[-34,68],[43,32],[-14,78],[49,77],[-32,35],[10,92],[74,110],[-18,33],[-89,-43],[-41,2],[-56,94],[-2,37],[-73,96],[82,210],[37,34],[75,21]],[[1839,2869],[76,87],[66,52],[54,76],[28,-3],[65,62],[-32,70],[36,72],[50,51]],[[2182,3336],[67,-96],[63,-29],[36,-237],[83,-237],[57,-70],[105,-36],[75,-47],[56,-118],[39,-29],[38,-77],[-18,-34],[22,-70],[95,-145],[-60,-41],[89,-86],[41,-108],[-4,-80],[-103,-98],[75,-67],[44,-2],[64,101],[88,3],[146,-26],[124,-87],[34,-85],[8,-79],[-47,-122],[-16,-107],[-83,-80],[-15,-45],[-51,-45],[-68,-21],[7,-72],[-60,-50],[-62,-78],[131,-23],[148,24],[-4,-97],[-18,-51],[-110,-51],[-27,-74],[-48,16],[-46,-39],[-86,-23],[-45,-46],[-148,46],[-132,-15],[-81,-38],[-42,61],[-121,1],[-5,-25],[-118,-34],[-93,-15],[-11,-67],[-151,23],[-16,-26],[-70,58],[-57,23],[-65,-11],[-121,-48],[-28,-61],[6,-62],[-48,-56],[-4,-49],[-61,4],[-47,49],[-138,27],[-37,-22],[-86,1],[-16,-58],[-84,-18],[-1,-77],[-52,-53],[-37,69],[-51,24],[-29,-41],[-48,-4],[8,62],[82,19],[129,133],[8,54],[78,40],[80,121],[8,116],[63,-10],[41,50],[21,72],[128,20],[128,-35],[109,13],[33,94],[87,78],[11,59]],[[710,3013],[112,-13],[17,-83],[85,-125],[31,-12],[3,-88],[52,-6],[34,-96],[-8,-54],[-65,-93],[-69,1],[-11,-71],[-48,-39],[-49,32],[-60,2],[-83,-34],[-8,75],[-56,27],[-24,71],[-56,39],[-53,-67],[-35,-101],[-99,15],[-76,36],[-19,51],[-87,82],[51,59],[85,30],[-53,37],[118,53],[66,162],[112,17],[24,70],[64,-10],[105,33]],[[1150,3128],[-75,25],[-17,93],[44,43],[56,-89],[-8,-72]],[[822,3350],[26,-84],[-73,-13],[-26,42],[-57,3],[13,58],[111,50],[6,-56]],[[930,3457],[-61,-122],[-38,63],[31,53],[68,6]],[[845,3796],[24,-52],[56,-5],[48,-40],[-23,-53],[-142,-39],[-20,54],[26,53],[-54,33],[0,43],[85,6]],[[406,4243],[50,-66],[-63,-92],[-22,61],[35,97]],[[460,4383],[18,-66],[-136,31],[22,39],[96,-4]],[[753,4410],[52,-65],[6,-131],[28,-44],[135,-8],[-91,-122],[-35,83],[-98,-20],[-54,86],[-78,36],[-23,46],[73,57],[64,-15],[-14,65],[35,32]],[[791,4780],[-41,-50],[-22,-143],[-58,-57],[-141,-102],[-32,44],[61,70],[-73,31],[-3,83],[54,52],[205,132],[50,-60]],[[1839,2869],[-134,0],[-39,-46],[-80,-19],[-51,-53],[-53,0],[-39,40],[-40,-15],[4,-65],[-171,93],[-31,-32],[-58,22],[-14,90],[41,4],[13,71],[41,44],[18,64],[71,93],[-25,63],[-76,58],[20,27],[-41,65],[-110,80],[-40,-1],[9,-82],[30,-47],[-58,-78],[10,-38],[-60,-155],[-47,5],[22,76],[-1,73],[50,106],[-43,86],[13,61],[48,86],[-27,54],[29,74],[38,36],[-6,45],[-85,-26],[-112,68],[16,40],[-75,37],[110,36],[7,101],[70,145],[-63,58],[-21,79],[36,79],[-15,119],[107,7],[65,70],[6,99],[34,54],[0,58],[41,57],[20,99],[87,-29],[84,-6],[31,-24],[78,24],[84,0],[111,34],[67,-15],[53,35],[61,-12],[-36,-82],[25,-17],[-55,-91],[-73,-39],[-26,-38],[-208,-182],[75,-23],[-36,-86],[62,-35],[115,67],[69,5],[69,-29],[54,19],[161,-20],[108,21],[59,-13],[34,-39],[23,-79],[-73,-87],[-23,-114],[-46,-75],[0,-41],[-85,-101],[-29,-88],[-95,-79],[-3,-36],[82,-52],[-69,-52],[-60,7],[-55,-46],[-58,-83],[121,-5],[46,55],[56,-5],[108,-69],[54,-10],[42,-63]],[[1804,5225],[34,-54],[116,-65],[-44,-28],[-45,40],[-76,-21],[-55,57],[14,62],[56,9]],[[2425,6050],[72,-158],[-66,-248],[-34,15],[38,117],[-136,70],[5,38],[87,9],[3,57],[-31,66],[62,34]],[[1968,964],[-65,-40],[-82,-28],[-27,-56],[-118,0],[-59,46],[-46,82],[-40,-35],[-99,-4],[-7,66],[-56,36],[-72,-10],[-12,-38],[-76,-30],[-61,146],[18,97],[80,-4],[30,46],[76,20],[105,81],[34,61],[14,88],[-24,35],[25,67],[-27,95],[-92,1],[-31,-37],[-85,-10],[53,68],[79,56],[6,48],[63,66],[29,0],[99,51],[69,-14],[77,33],[82,-54]],[[1455,1916],[35,-27],[-25,-10],[-18,-28],[-42,-30],[-47,28],[-25,54],[5,71],[77,10],[40,-68]]],"objects":{"GBR.geo":{"type":"GeometryCollection","geometries":[{"arcs":[[[0]],[[1,2,3,4]]],"type":"MultiPolygon","properties":{"name":"England","iso_a2":"EN","iso_a3":"ENG"},"id":"ENG"},{"arcs":[[5]],"type":"Polygon","properties":{"name":"Northern Ireland","iso_a2":"NI","iso_a3":"NIR"},"id":"NIR"},{"arcs":[[[6]],[[7]],[[8]],[[9]],[[10]],[[11]],[[12]],[[13]],[[-4,14]],[[15]],[[16]]],"type":"MultiPolygon","properties":{"name":"Scotland","iso_a2":"SC","iso_a3":"SCT"},"id":"SCT"},{"arcs":[[[-2,17]],[[18]]],"type":"MultiPolygon","properties":{"name":"Wales","iso_a2":"WA","iso_a3":"WLS"},"id":"WLS"}]}}}