{"type":"Topology","transform":{"scale":[0.002003516733471961,0.0018588540316362599],"translate":[-3.262509317550951,4.737127996859556]},"arcs":[[[1812,2165],[-87,2],[-50,-141],[2,-61],[58,2],[-8,-75],[-47,-7],[-65,49],[-45,-7],[-43,-58],[-75,-4],[-21,-35]],[[1431,1830],[-44,4],[-103,92],[-63,1],[-102,-95],[5,-67],[-43,-15],[-53,159],[-33,38],[22,57],[41,53],[-14,56],[-36,6],[-57,42],[-55,1],[-21,-37],[-68,-5],[-48,-33],[-37,13],[-31,-29],[-17,-90],[17,-45],[54,-5],[-8,-50],[-53,9],[-32,-44],[-87,-6],[-77,84],[-18,74],[-34,70],[-53,71],[-54,39]],[[329,2178],[-8,74],[-21,49],[-57,22],[8,43],[50,74],[-8,107],[-43,51],[9,47]],[[259,2645],[57,8],[57,57],[93,20],[129,0],[65,15],[88,-3],[34,27],[6,69],[58,44],[-38,36],[12,63],[65,80],[62,-20]],[[947,3041],[66,-49],[17,64],[37,39],[58,22],[78,2],[30,55],[38,1],[40,-51],[61,5],[88,43],[123,36]],[[1583,3208],[1,-36],[55,-25],[52,-51],[26,-51],[53,0],[41,-50],[-8,-148],[10,-44],[-24,-100],[16,-102],[-62,2],[1,-84],[51,32],[48,6],[54,-61],[-17,-102],[-36,-86],[37,-87],[-16,-39],[-53,-17]],[[947,3041],[-99,117],[-2,63],[57,69],[15,89]],[[918,3379],[34,-12],[124,-1],[18,11],[277,-14],[55,61],[120,18],[31,-26],[59,-13],[-24,-134],[-29,-61]],[[259,2645],[-24,47],[26,39],[-7,82],[-17,39],[-5,81],[20,41],[-38,22],[9,47],[-58,129],[34,124],[56,65],[575,7],[88,11]],[[1522,1321],[-29,-6],[-91,-64],[-80,-8],[-89,-135],[-78,-30],[29,-68],[-90,-105],[-36,-89],[-24,-26],[-24,-156]],[[1010,634],[-106,-13],[-48,17],[-62,-5],[-92,54],[-32,4],[-46,57],[1,78],[-30,13]],[[595,839],[-74,44],[4,47],[-57,24],[-20,-69],[-30,2]],[[418,887],[-8,35],[32,51],[-20,53],[55,30],[19,85],[-35,1],[13,69],[32,38],[96,-10],[100,104],[-66,44],[-77,23],[15,54],[126,6],[18,-44],[42,-27],[52,3],[56,34],[-3,42],[61,64],[39,-2],[20,-70],[101,8],[24,30],[125,-24],[45,24],[59,-81],[145,-47],[38,-59]],[[1431,1830],[39,-13],[69,-60],[61,-134],[31,-11],[50,-112],[15,-67],[51,-31],[-7,-94]],[[1740,1308],[-218,13]],[[418,887],[-48,18],[-57,87],[-97,40],[-6,81],[-22,53],[-41,28],[-46,-4],[-19,56]],[[82,1246],[26,10],[32,66],[-4,41],[24,165],[51,131],[74,101],[40,17],[-5,51],[57,40],[-48,310]],[[1010,634],[31,-16],[26,-54],[188,-28],[85,7],[36,-11]],[[1376,532],[58,-75],[15,-47]],[[1449,410],[-74,-70],[-65,-15],[-81,-68],[-125,-9],[-91,-52],[-43,-4],[-125,-40]],[[845,152],[-2,54],[21,38],[53,31],[-91,108],[6,63],[-113,55],[14,59],[-25,64],[-34,20],[-81,92],[-40,20],[-7,40],[49,43]],[[1740,1308],[-7,-119],[-29,-72],[28,-64],[-36,-32],[40,-122],[-14,-47],[-46,-32],[1,-66],[75,-23],[35,-24],[1,-58]],[[1788,649],[-50,-36],[-57,62],[-108,-58],[-23,-52],[-52,-1],[-35,-25],[-52,28],[-35,-35]],[[845,152],[-68,-44],[-21,-33],[-82,-30],[-35,-37],[-54,-8],[-133,98],[-167,49],[-137,19],[18,41],[74,16],[-4,105],[28,5],[-24,120],[-48,31],[-46,-8],[-30,44],[5,62],[-34,96],[-15,89],[-33,54],[-39,190],[26,53],[-7,72],[63,110]],[[1965,550],[-176,11],[-82,-30],[-61,-51],[-197,-70]],[[1788,649],[41,31],[79,-12],[57,-118]],[[1812,2165],[38,-83],[86,-64],[34,-57],[10,-54],[-65,-42],[19,-271],[-56,-74],[0,-58],[24,-38],[49,-32],[-24,-89],[0,-69],[-52,-31],[25,-41],[-12,-35],[53,-56],[3,-56],[41,-21],[2,-52],[24,-37],[70,-51],[38,0],[13,-43],[88,-78],[-68,-57],[-27,-83],[-40,-34],[-120,-9]]],"objects":{"GHA.geo":{"type":"GeometryCollection","geometries":[{"arcs":[[0,1,2,3,4,5]],"type":"Polygon","properties":{"name":"Northern","postal":"NP"},"id":"GHA"},{"arcs":[[-5,6,7]],"type":"Polygon","properties":{"name":"Upper East","postal":"UE"},"id":"GHA"},{"arcs":[[-7,-4,8]],"type":"Polygon","properties":{"name":"Upper West","postal":"UW"},"id":"GHA"},{"arcs":[[9,10,11,12]],"type":"Polygon","properties":{"name":"Ashanti","postal":"AH"},"id":"GHA"},{"arcs":[[13,14,-13,15,16,-2]],"type":"Polygon","properties":{"name":"Brong Ahafo","postal":"BA"},"id":"GHA"},{"arcs":[[17,18,19,20,-11]],"type":"Polygon","properties":{"name":"Central","postal":"CP"},"id":"GHA"},{"arcs":[[21,22,-18,-10,-15]],"type":"Polygon","properties":{"name":"Eastern","postal":"EP"},"id":"GHA"},{"arcs":[[-12,-21,23,-16]],"type":"Polygon","properties":{"name":"Western","postal":"WP"},"id":"GHA"},{"arcs":[[24,-19,-23,25]],"type":"Polygon","properties":{"name":"Greater Accra","postal":"AA"},"id":"GHA"},{"arcs":[[26,-26,-22,-14,-1]],"type":"Polygon","properties":{"name":"Volta","postal":"TV"},"id":"GHA"}]}}}