{"type":"Topology","transform":{"scale":[0.0021442123589011826,0.0019866487911916575],"translate":[-14.980221343568953,7.237916664738684]},"arcs":[[[1801,2454],[3,-43],[-37,-54],[35,-118],[-46,-63],[32,-51],[-56,-37],[-41,-59],[-55,-12],[-47,-63]],[[1589,1954],[-42,-45],[-105,-12],[-11,84],[-44,57],[-54,3],[-40,-37],[-97,-36],[-32,15],[-26,70],[-50,-2],[-50,-64],[-12,-50]],[[1026,1937],[-67,10],[-46,39]],[[913,1986],[43,102],[106,91],[-49,65],[13,95],[-20,54],[11,125],[103,61]],[[1120,2579],[34,15],[67,-43],[79,22],[53,29],[67,5],[83,-17],[113,24],[46,-13],[-43,-108],[109,-98],[39,9],[34,50]],[[3181,1181],[-156,-58],[-58,10],[0,-84],[-50,-120],[-26,-85],[-79,-24],[-10,-36],[-102,-12],[-108,79]],[[2592,851],[-75,58],[0,68],[-61,35],[16,60],[68,47],[4,33],[-120,-2],[-115,97],[-65,-6],[-39,-49],[-77,3],[1,65],[43,74],[-14,46],[15,53],[51,50],[-6,72],[42,41],[-48,52],[-95,-3],[-115,123],[-82,29],[-13,32],[84,93],[7,43],[57,50],[164,21],[62,-8],[59,-38],[58,-6],[13,56],[-60,31],[-38,48],[-88,42],[-23,30],[9,87],[29,48],[-9,85],[11,50],[39,12]],[[2281,2473],[102,-50],[69,-13],[44,73],[96,43],[29,-5],[24,56],[-48,49],[42,21],[81,-16],[72,-39],[9,-101],[32,-20],[1,-59],[39,-9],[11,-50],[-24,-128],[63,-9],[16,-56],[76,-56],[41,-9],[-26,-58],[-66,-82],[-34,-63],[73,-6],[16,34],[74,-5],[20,-32],[-3,-122],[8,-100],[31,-58],[115,-58],[6,-49],[-31,-63],[-35,-15],[-30,-57],[24,-49],[-17,-131]],[[1589,1954],[42,-40],[-56,-38],[4,-73],[56,-34],[12,-37],[-58,-101],[3,-53],[89,-58],[-8,-55],[-43,-77]],[[1630,1388],[-198,-2],[-6,-35],[-87,-20]],[[1339,1331],[-17,45],[9,65],[-55,86],[-70,-3],[-15,38],[20,63],[-50,42],[-4,35],[-100,-74],[-42,25],[-75,-8],[15,71],[-9,123],[14,32],[66,66]],[[913,1986],[-104,-21],[-9,95],[-85,-16],[-49,33],[-36,-20],[-76,-9],[14,-69],[-25,-72],[20,-37],[-73,-48],[-21,-60],[117,-8],[28,-34],[71,66],[30,-46],[38,-12],[-11,-65],[-45,-32],[-5,-42],[-49,-72],[-79,17],[-60,-101],[97,-67]],[[601,1366],[-19,-38],[-52,-8],[-47,54],[-130,70],[-60,60],[-51,0],[-1,53],[-56,75],[-34,0],[13,69],[-76,64],[-24,112],[-64,-46],[10,81],[61,150],[66,89],[77,1],[113,76],[123,-14],[66,29],[67,8],[3,147],[-116,75],[62,63],[67,8],[15,93],[-29,41],[-1,58],[304,-19],[-3,-60],[48,-25],[31,35],[65,-51],[50,-1],[41,-36]],[[1339,1331],[-78,24],[-108,-35],[-14,-73],[-47,-63],[-29,-85],[-63,-70],[-57,-5],[-33,-89],[-40,-26],[-74,40],[-24,94],[-50,31],[-60,69],[-38,17]],[[624,1160],[-14,16]],[[610,1176],[22,74],[-48,11],[-5,43],[22,62]],[[2046,911],[44,34],[46,-34],[38,19],[11,-75],[43,-32],[62,8],[42,27],[181,-42],[79,35]],[[3181,1181],[41,-94],[96,6],[-30,-113],[79,-47],[-73,-40],[-20,-116],[91,-38],[34,-50],[1,-84],[-38,-27],[-66,24],[-14,25],[-120,4],[-31,-124],[114,-64],[-50,-118],[1,-86],[-48,-85],[-34,23],[-85,-16],[-38,66],[-56,3],[-20,-94],[-91,-131],[-91,-5],[-40,30],[-13,42],[-95,20],[39,101],[-1,61],[-39,62],[8,76],[-41,123],[-32,64],[-83,73],[-95,-27],[-37,-27],[-24,42],[-151,-20],[-48,-68],[-30,-14],[-40,46],[14,61],[73,77],[-55,74],[3,115]],[[2046,911],[-72,18],[34,112],[-84,75],[1,29],[-73,116],[-70,65],[-19,55],[-133,7]],[[1801,2454],[31,45],[66,-1],[49,-53],[-1,-36],[45,-67],[154,146],[53,19],[83,-34]],[[624,1160],[-17,-10],[-13,3],[16,23]]],"objects":{"GIN.geo":{"type":"GeometryCollection","geometries":[{"arcs":[[0,1,2,3,4]],"type":"Polygon","properties":{"name":"Labe","postal":null},"id":"GIN"},{"arcs":[[5,6,7]],"type":"Polygon","properties":{"name":"Kankan","postal":null},"id":"GIN"},{"arcs":[[8,9,10,-2]],"type":"Polygon","properties":{"name":"Mamou","postal":null},"id":"GIN"},{"arcs":[[-4,11,12]],"type":"Polygon","properties":{"name":"Boke","postal":null},"id":"GIN"},{"arcs":[[-3,-11,13,14,15,-12]],"type":"Polygon","properties":{"name":"Kindia","postal":null},"id":"GIN"},{"arcs":[[16,-6,17]],"type":"Polygon","properties":{"name":"Nzerekore","postal":null},"id":"GIN"},{"arcs":[[-7,-17,18,-9,-1,19]],"type":"Polygon","properties":{"name":"Faranah","postal":null},"id":"GIN"},{"arcs":[[20,-15]],"type":"Polygon","properties":{"name":"Conakry","postal":null},"id":"GIN"}]}}}