{"type":"Topology","transform":{"scale":[0.0017295826857122451,0.0012258632514106083],"translate":[19.636812428173755,34.821945017206815]},"arcs":[[[645,2474],[77,-33],[5,-66],[-46,-67],[-64,71],[-49,103],[39,53],[38,-61]],[[540,2979],[58,-162],[73,-117],[-2,-54],[-43,0],[-61,44],[-60,-7],[-21,58],[-54,-25],[-24,40],[34,108],[53,-16],[36,59],[11,72]],[[614,3149],[-10,-64],[-56,12],[-13,59],[23,74],[49,56],[25,-98],[-18,-39]],[[169,4055],[3,-42],[-48,-25],[35,-104],[12,-85],[86,-26],[-53,-36],[-72,53],[-21,85],[-81,83],[-30,67],[23,32],[102,24],[44,-26]],[[1976,1127],[-1,-48],[-60,16],[-23,34],[-5,100],[32,45],[32,-61],[54,-59],[-29,-27]],[[2200,2115],[-7,31],[-72,-2],[-73,46],[4,83]],[[2052,2273],[87,-60],[22,17],[87,-78],[-48,-37]],[[2230,2335],[-40,69],[70,5],[-30,-74]],[[2252,2577],[7,-43],[-45,-36],[-37,23],[44,70],[31,-14]],[[2037,2544],[-48,97]],[[1989,2641],[81,36],[-2,46]],[[2068,2723],[40,59],[156,-90],[36,35],[5,78],[83,66]],[[2388,2871],[106,-41],[68,-71],[-46,-66],[16,-119],[-2,-70],[31,-22],[12,-65],[-9,-78],[-22,-31],[-48,21],[-28,85],[-79,29],[-49,105],[-74,29],[17,53],[-76,-20],[-24,-38],[-105,-1],[-39,-27]],[[2037,2544],[-84,-13],[-1,-63],[59,3],[39,-34],[-11,-104],[13,-60]],[[2200,2115],[-96,-10],[-78,-76],[-39,37],[34,77],[-70,16],[-28,43],[-63,-5],[-44,67],[-28,-84],[16,-79],[115,-227],[25,-70],[7,-77],[44,-90],[6,-50],[-42,-42],[32,-111],[42,-75],[-34,-37],[-34,70],[-37,-7],[-50,110],[-38,39],[-31,83],[-109,-17],[-54,-144],[16,-114],[-24,-12],[-67,48],[17,50],[-7,83],[-46,119],[-40,63],[-49,16],[9,85],[-61,12],[-54,-27],[-16,-96],[17,-66],[-48,-63],[-29,67],[-67,7],[-3,114],[-59,72],[-19,91],[15,52],[52,51],[-1,78]],[[1182,2086],[99,2],[57,108],[-54,47],[-39,7],[-9,162],[33,61],[104,-61],[78,13],[48,33],[2,105],[55,30],[25,73],[-8,60]],[[1573,2726],[89,-28],[98,-51],[108,-104],[62,33],[-50,44],[32,40],[77,-19]],[[1182,2086],[-76,149],[-86,76],[-59,15],[-2,80],[-100,54],[-9,33],[84,80],[67,118],[10,74],[126,-49],[41,23],[52,95],[49,37],[67,-10],[103,-65],[48,-52],[76,-18]],[[1280,2909],[-39,-20],[-106,-10],[-37,-31],[-96,77],[-69,-58],[-88,3],[5,115],[-41,21],[-7,83],[-26,52],[-41,21],[-28,86],[-50,-35],[-25,35],[20,72],[30,24],[92,21],[63,-67],[44,108],[-58,34]],[[823,3440],[26,45],[72,2],[77,47]],[[998,3534],[20,-62],[-16,-64],[57,-39],[4,-47],[59,-26],[-23,-49],[13,-58],[50,-33],[91,2],[90,55],[23,-14],[-10,-191],[-62,-45],[-14,-54]],[[1226,4976],[31,-60],[-65,-18],[27,-125],[65,-17],[7,-102],[31,-57],[87,-71],[45,-115],[-33,-50]],[[1421,4361],[-81,-145],[-63,-52],[27,-58],[-83,-24],[-164,31],[-47,-39],[-53,-9]],[[957,4065],[-39,35],[-75,-16],[-94,211],[16,42],[-67,153],[-60,-14]],[[638,4476],[16,84],[34,43],[49,-4],[62,81],[10,66],[-42,79],[1,48],[126,61],[65,-8],[50,33],[74,0],[42,-28],[59,50],[42,-5]],[[2293,3578],[110,-73],[-74,-21],[-36,94]],[[1777,4171],[17,-49],[69,-83],[38,-142],[102,-83],[14,-35],[84,-107],[42,-107],[-24,-33],[-51,13],[-26,82],[-86,40],[-103,-24],[-9,-54],[78,-84],[36,-90],[-16,-36]],[[1942,3379],[-73,-6],[-89,30],[-49,32],[-67,-3],[-12,73],[-149,99],[-69,-110],[-85,-57],[-80,80],[-78,-9],[-34,99],[-93,-27],[-66,-46]],[[998,3534],[-17,39],[30,64],[-64,44],[-55,69],[-8,119],[-32,77],[61,8],[-10,71],[54,40]],[[1421,4361],[52,-3],[88,-36],[5,-59],[88,-94],[123,2]],[[823,3440],[-33,-20],[-63,51],[-59,3],[-20,-54],[-94,89],[-62,76],[-23,59],[-48,-1],[-41,37],[-41,84],[24,59],[-67,21],[32,103],[46,36],[3,84],[60,23],[-43,68],[55,113],[95,8],[36,18],[12,68],[46,111]],[[3863,2294],[-50,-51],[-101,-43],[-45,24],[55,73],[71,-4],[48,35],[22,-34]],[[4231,2394],[54,-24],[-108,-68],[-43,3],[-46,54],[-63,-30],[-10,52],[45,42],[106,14],[65,-43]],[[3717,3068],[46,-73],[3,-122],[-22,-99],[-79,-46],[-47,46],[-11,43],[52,22],[14,63],[-26,61],[-59,50],[3,53],[86,19],[40,-17]],[[3917,3670],[-18,-31],[52,-47],[82,-143],[-109,-67],[-85,35],[-64,10],[-3,61],[77,65],[-62,20],[-60,-87],[-112,40],[-25,38],[7,56],[117,24],[59,28],[1,45],[103,4],[40,-51]],[[3353,4243],[-81,-176],[-33,91],[-55,-83],[-46,22],[-11,114],[104,20],[36,-39],[55,51],[31,0]],[[2854,3315],[-68,0],[3,67],[58,-19],[7,-48]],[[2200,3325],[22,-49],[81,-59],[48,0],[89,-68],[125,-2],[31,-66],[52,-48],[-18,-108],[39,-94],[-4,-42],[47,-45],[87,-38],[63,16],[4,-78],[-16,-62],[-45,-22],[-34,50],[-33,-41],[-50,94],[-43,9],[-2,66],[-50,107],[-39,16],[-3,54],[-79,-3],[-158,20],[-20,43],[18,49],[-20,35],[-55,21],[-35,65],[-141,124],[-77,14],[-57,35],[72,80],[118,45],[48,-33],[35,-85]],[[1942,3379],[-118,-70],[-64,2],[-34,27],[-34,-63],[81,11],[38,-53],[57,-25],[27,17],[84,-39],[18,-64],[66,27],[58,-24],[26,-123],[145,-23],[14,-49],[49,-63],[33,4]],[[2068,2723],[-85,19],[-33,30],[-66,17],[-118,66],[-26,56],[-58,-72],[-48,101],[-32,-8],[-23,-60],[-136,24],[-84,32],[-79,-19]],[[2466,575],[83,0],[21,51],[59,-3],[-8,-106],[48,19],[6,-82],[44,-25],[147,36],[73,29],[70,-19],[75,17],[49,-57],[113,-16],[72,6],[62,-37],[90,39],[50,-42],[2,-131],[59,-9],[38,51],[99,40],[65,-22],[46,63],[30,-83],[-40,-117],[-55,-30],[-94,30],[-102,-27],[-120,6],[-54,-24],[-117,1],[-56,-27],[-271,-17],[11,90],[-29,44],[-83,9],[-94,69],[-63,-7],[-121,18],[-55,24],[-232,5],[-40,55],[59,177],[48,-17],[38,112],[28,-86],[49,-7]],[[2306,5348],[5,-54],[49,-26],[-10,-43],[67,-82],[77,-51],[33,11],[66,-101],[-16,-41],[-87,-82],[-52,-17]],[[2438,4862],[-83,-36],[-11,-35],[82,-107],[-3,-84],[23,-39],[79,-21]],[[2525,4540],[-1,-55]],[[2524,4485],[-46,40],[-111,-8],[-20,-54],[48,-73],[123,-69],[16,-84],[-27,-44],[-86,49],[-18,59],[-68,101],[-160,49],[-35,-57],[93,-136],[99,-45],[-31,-51],[-137,71],[-43,76],[-4,107],[-156,74],[-75,62],[-39,68],[88,55],[-42,75],[-93,-100],[-92,-36],[41,-89],[-63,-165],[11,-91],[80,-98]],[[1226,4976],[79,108],[9,36],[69,33],[43,-14],[46,31],[138,-37],[98,9],[84,65],[26,106],[79,1],[114,-19],[100,70],[73,1],[122,-18]],[[2525,4540],[102,-29],[117,-141],[-48,-41],[-76,119],[-96,37]],[[3489,4622],[6,-53],[-53,-20],[-72,47],[64,48],[55,-22]],[[2975,4730],[-81,-40],[-76,78],[32,73],[44,39],[52,-17],[31,-78],[-2,-55]],[[2306,5348],[75,19],[85,51],[28,-21],[59,21],[-3,51],[78,9],[60,-16],[89,8],[40,28],[41,-99],[80,-36],[97,4],[168,-87],[63,-45],[154,62],[80,-14],[70,35],[41,-30],[138,44],[32,60],[-7,70],[-60,155],[101,31],[139,-57],[70,-64],[23,-178],[-56,-22],[-83,-76],[-37,-4],[-6,-135],[22,-101],[-58,-36],[-72,-125],[-53,-24],[-18,71],[-54,23],[-108,-1],[-112,15],[-138,67],[-24,-17],[-71,26],[-45,38],[-39,-55],[-73,-31],[-36,-42],[-100,4],[-36,76],[-87,-4],[-60,-54],[17,-40],[-134,-84],[-71,3],[-77,41]],[[4389,805],[-5,-67],[-35,-94],[43,-88],[-42,-43],[-23,35],[-3,121],[27,86],[38,50]],[[4974,1314],[-2,-49],[-61,-153],[-115,-130],[-40,-69],[-47,-42],[-40,51],[26,108],[-33,64],[37,24],[22,63],[56,58],[127,71],[70,4]],[[3945,1448],[-92,-69],[-23,62],[115,7]],[[2783,1576],[48,12],[7,-65],[-105,-21],[-6,74],[56,0]],[[3332,1555],[-36,-49],[-37,42],[19,62],[54,-55]],[[4367,1624],[-34,-43],[-48,12],[8,53],[59,42],[68,13],[24,-48],[-77,-29]],[[2902,1817],[63,-75],[-50,-5],[-13,80]],[[4241,1811],[42,-37],[-12,-42],[-60,2],[30,77]],[[3263,1878],[-7,-63],[-37,-47],[-58,19],[27,80],[34,27],[41,-16]],[[3445,1858],[-25,-107],[-67,-30],[-46,114],[103,105],[35,-82]],[[3302,2191],[68,-36],[-92,-42],[24,78]],[[3149,2307],[94,-21],[-17,-75],[-58,23],[-19,73]],[[2739,2337],[13,-51],[-48,-70],[-21,69],[56,52]],[[3013,2523],[61,-7],[-6,-51],[28,-61],[-20,-51],[-151,178],[35,59],[53,-67]]],"objects":{"GRC.geo":{"type":"GeometryCollection","geometries":[{"arcs":[[[0]],[[1]],[[2]],[[3]]],"type":"MultiPolygon","properties":{"name":"Ionioi Nisoi","postal":"II"},"id":"GRC"},{"arcs":[[[4]],[[5,6]],[[7]],[[8]],[[9,10,11,12]]],"type":"MultiPolygon","properties":{"name":"Attiki","postal":"AT"},"id":"GRC"},{"arcs":[[-10,13,-6,14,15,16]],"type":"Polygon","properties":{"name":"Peloponnisos","postal":"PP"},"id":"GRC"},{"arcs":[[[-16,17]],[[18,19,20]]],"type":"MultiPolygon","properties":{"name":"Dytiki Ellada","postal":"GW"},"id":"GRC"},{"arcs":[[21,22,23,24]],"type":"Polygon","properties":{"name":"Dytiki Makedonia",