{"type":"Topology","transform":{"scale":[0.0020067606461630543,0.0016826334068309717],"translate":[-92.20798954607616,13.728903048336974]},"arcs":[[[1114,849],[-154,-121],[-11,-38],[-48,5]],[[901,695],[-48,6],[-49,-15],[-31,12]],[[773,698],[-25,57],[-45,33],[-37,56],[3,64],[87,-25],[75,-1],[18,29]],[[849,911],[52,-1],[43,-31],[39,52],[78,-16],[63,12],[17,-19],[-27,-59]],[[445,912],[-68,-22],[-34,-42]],[[343,848],[-48,39]],[[295,887],[-50,76],[-66,7],[-103,-43],[-6,70],[-19,29]],[[51,1026],[176,351],[14,13],[364,1]],[[605,1391],[-99,-227],[-56,-48],[-14,-53],[35,-70],[39,-8],[3,-56],[-68,-17]],[[1481,1294],[-61,4],[-19,-31]],[[1401,1267],[-58,-11],[-1,31],[-82,-1],[-31,23],[-55,-12],[-17,31],[-165,53],[-115,16]],[[877,1397],[-6,107],[31,52],[2,43],[-41,7],[-34,35],[-42,2],[-3,59],[-50,92],[-165,102],[-27,59],[-25,6],[-60,95],[-37,1],[-33,38],[219,-1],[0,327],[15,8],[350,0],[548,-1],[5,-462],[-17,-322],[-26,-350]],[[343,848],[-34,-15],[14,-86],[45,-45],[21,-55]],[[389,647],[-21,-46]],[[368,601],[-20,-16]],[[348,585],[-50,-7],[-28,-23],[-47,20],[-47,-103],[-81,5]],[[95,477],[-27,101],[60,21],[50,-5],[29,36],[28,86],[31,59],[-12,53],[41,59]],[[348,585],[-30,-36],[-19,-69],[2,-122],[-27,-127]],[[274,231],[-125,99],[-126,121]],[[23,451],[72,26]],[[23,451],[-23,49],[23,78],[-14,67],[17,51],[1,57],[40,46],[-65,97],[0,31],[49,99]],[[1401,1267],[-65,-66],[-67,-112],[37,-48],[-26,-34],[-4,-79],[21,-66]],[[1297,862],[-136,-12]],[[1161,850],[-47,-1]],[[849,911],[5,46],[-78,14],[-21,51],[44,39],[-14,65],[-74,33],[-15,51],[22,44],[2,73],[51,46],[95,-17],[11,41]],[[773,698],[-54,-75]],[[719,623],[-3,-63],[-46,-63],[-13,-45]],[[657,452],[-63,-48],[-48,13]],[[546,417],[-1,59]],[[545,476],[23,128],[-10,48]],[[558,652],[32,54],[85,15],[98,-23]],[[776,440],[27,-32],[16,-95]],[[819,313],[14,-25],[-11,-52],[-34,-42],[0,-80]],[[788,114],[-141,-6],[-128,10],[-75,17],[-105,54]],[[339,189],[35,85],[-2,47],[55,17],[90,-15],[29,94]],[[657,452],[34,-50],[24,28],[61,10]],[[901,695],[25,-26],[5,-62],[65,-45]],[[996,562],[-28,-38],[-10,-57]],[[958,467],[-51,-11],[-30,-64],[2,-36],[-60,-43]],[[776,440],[16,106],[-36,60],[-37,17]],[[339,189],[-65,42]],[[368,601],[-3,-66],[36,-13],[16,30],[128,-76]],[[389,647],[24,24],[74,1],[24,30]],[[511,702],[47,-50]],[[445,912],[0,-37],[40,-62],[-17,-18],[43,-93]],[[1183,682],[-44,-34],[-58,-22],[-15,-33],[-70,-31]],[[1161,850],[41,-69],[-26,-15],[39,-64],[-32,-20]],[[1074,419],[-14,-45],[-37,-12],[-18,-51],[66,-49],[4,-43],[-53,-72],[-66,22],[28,-94],[-4,-40]],[[980,35],[-129,64],[-63,15]],[[958,467],[79,3],[37,-51]],[[1525,798],[-25,82],[11,39],[-37,17],[-90,-46],[-87,-28]],[[1481,1294],[98,-3],[126,-25],[80,-63],[89,63],[51,-28],[56,-54],[-42,-28],[-41,-60],[-286,-257],[-87,-41]],[[1504,704],[-19,-47],[42,-75],[-8,-76],[-43,-4],[-58,-94],[-67,4]],[[1351,412],[-11,62],[-38,-2],[-45,32]],[[1257,504],[13,71],[-8,49],[-30,1]],[[1232,625],[32,72],[81,-21],[30,28],[129,0]],[[1183,682],[20,-54],[29,-3]],[[1257,504],[-38,-45],[-27,11],[-86,-51],[-32,0]],[[1351,412],[-36,-6],[-15,-50],[34,-61],[-54,-15],[-35,-31],[-26,-70],[-59,8],[-71,-63],[-38,-47],[3,-77],[-74,35]],[[1525,798],[-20,-45],[-1,-49]],[[605,1391],[253,1],[19,5]]],"objects":{"GTM.geo":{"type":"GeometryCollection","geometries":[{"arcs":[[0,1,2,3]],"type":"Polygon","properties":{"name":"Baja Verapaz","postal":"BV"},"id":"GTM"},{"arcs":[[4,5,6,7,8]],"type":"Polygon","properties":{"name":"Huehuetenango","postal":"HU"},"id":"GTM"},{"arcs":[[9,10,11]],"type":"Polygon","properties":{"name":"Petén","postal":"PE"},"id":"GTM"},{"arcs":[[12,13,14,15,16,-6]],"type":"Polygon","properties":{"name":"Quezaltenango","postal":"QZ"},"id":"GTM"},{"arcs":[[17,18,19,-16]],"type":"Polygon","properties":{"name":"Retalhuleu","postal":"RE"},"id":"GTM"},{"arcs":[[-17,-20,20,-7]],"type":"Polygon","properties":{"name":"San Marcos","postal":"SM"},"id":"GTM"},{"arcs":[[21,22,23,-4,24,-11]],"type":"Polygon","properties":{"name":"Alta Verapaz","postal":"AV"},"id":"GTM"},{"arcs":[[25,26,27,28,29,30]],"type":"Polygon","properties":{"name":"Chimaltenango","postal":"CM"},"id":"GTM"},{"arcs":[[31,32,33,34,-28,35]],"type":"Polygon","properties":{"name":"Escuintla","postal":"ES"},"id":"GTM"},{"arcs":[[36,37,38,-32,39,-26,-2]],"type":"Polygon","properties":{"name":"Guatemala","postal":"GU"},"id":"GTM"},{"arcs":[[-29,-35,40,-18,-15,41]],"type":"Polygon","properties":{"name":"Suchitepéquez","postal":"SU"},"id":"GTM"},{"arcs":[[-36,-27,-40]],"type":"Polygon","properties":{"name":"Sacatepéquez","postal":"SA"},"id":"GTM"},{"arcs":[[-30,-42,-14,42,43]],"type":"Polygon","properties":{"name":"Sololá","postal":"SO"},"id":"GTM"},{"arcs":[[44,-43,-13,-5]],"type":"Polygon","properties":{"name":"Totonicapán","postal":"TO"},"id":"GTM"},{"arcs":[[45,-37,-1,-24,46]],"type":"Polygon","properties":{"name":"El Progreso","postal":"PR"},"id":"GTM"},{"arcs":[[47,48,-33,-39,49]],"type":"Polygon","properties":{"name":"Santa Rosa","postal":"SR"},"id":"GTM"},{"arcs":[[50,-22,-10,51]],"type":"Polygon","properties":{"name":"Izabal","postal":"IZ"},"id":"GTM"},{"arcs":[[52,53,54,55]],"type":"Polygon","properties":{"name":"Chiquimula","postal":"CQ"},"id":"GTM"},{"arcs":[[56,-55,57,-50,-38,-46]],"type":"Polygon","properties":{"name":"Jalapa","postal":"JA"},"id":"GTM"},{"arcs":[[58,-48,-58,-54]],"type":"Polygon","properties":{"name":"Jutiapa","postal":"JU"},"id":"GTM"},{"arcs":[[59,-56,-57,-47,-23,-51]],"type":"Polygon","properties":{"name":"Zacapa","postal":"ZA"},"id":"GTM"},{"arcs":[[-3,-31,-44,-45,-9,60,-25]],"type":"Polygon","properties":{"name":"Quiché","postal":"QC"},"id":"GTM"}]}}}