{"type":"Topology","transform":{"scale":[0.0018293912377789873,0.0015039318363343995],"translate":[-89.36185406154613,12.98068216369722]},"arcs":[[[910,131],[-14,-2],[-3,24],[12,0],[5,-22]],[[1599,1868],[40,-78],[-31,-60]],[[1608,1730],[-118,15],[-78,-36],[-42,12],[-74,-13],[-105,-82],[-128,23],[-11,45],[-94,-16],[-31,33],[-18,73],[-49,38]],[[860,1822],[-3,48],[36,85]],[[893,1955],[68,-27],[51,-54],[35,-5],[55,39],[106,-35],[149,-22],[60,28],[38,-12],[107,11],[37,-10]],[[2384,2000],[0,-612]],[[2384,1388],[-50,65],[-86,47],[-61,96],[-79,45],[-56,57],[-85,34],[-60,-36],[-53,-70],[-97,-35],[-47,24]],[[1710,1615],[-1,60],[-77,28],[-24,27]],[[1599,1868],[34,-13],[129,83],[78,4],[100,69],[60,-19],[52,-46],[65,-25],[128,10],[98,67],[41,2]],[[1298,1353],[44,-50],[-14,-29],[46,-154],[57,-60],[16,-100]],[[1447,960],[-58,-58],[-42,-71],[-10,-154],[-40,-23],[-3,-79],[-20,-44],[-53,-18],[-4,-61],[-43,7]],[[1174,459],[-80,13],[-14,43],[-37,1],[-4,-58]],[[1039,458],[-103,61],[1,49]],[[937,568],[28,81],[-10,88]],[[955,737],[19,36],[43,16],[41,41],[-18,28],[42,83],[-46,84],[37,70],[67,45],[15,44],[2,91]],[[1157,1275],[33,75],[36,14],[72,-11]],[[2384,1171],[0,217]],[[2384,2000],[185,-82],[1,-60],[100,2],[7,34],[93,-12],[191,-195],[-43,11],[-55,-69],[23,-47],[67,-41],[20,-34],[49,23],[-85,47],[46,21],[71,-65],[3,-44],[74,24],[6,27],[118,-20],[28,-25],[39,-107],[10,-57],[-68,32],[-52,-14],[-26,-39],[-183,-115],[-85,-13],[-87,-30],[-29,28],[-29,-59],[-27,5],[-79,-36],[-24,27],[-94,9],[-39,87],[-73,8],[-53,-50]],[[1727,2289],[-60,-7],[-98,-58],[28,47],[76,25],[54,-7]],[[2384,1171],[-16,-102],[-67,-68],[-29,-53],[26,-45],[-112,-59],[-38,-78],[-71,-60]],[[2077,706],[-29,70],[-78,34],[-47,-11],[-38,-33],[-58,81],[-67,10],[-49,48],[-61,-36],[-46,2],[-52,49],[-105,40]],[[1298,1353],[55,44],[15,114],[50,28],[55,-9],[14,33],[63,37],[84,-38],[76,53]],[[1157,1275],[-119,49],[-50,56],[-42,-26],[-57,0]],[[889,1354],[-18,81],[-85,35],[-1,70],[58,79],[-6,62],[37,67],[-31,41],[17,33]],[[1039,458],[21,-21],[40,-123],[-16,-40]],[[1084,274],[-50,7],[-42,-32],[-41,45],[-54,-43],[-3,94],[-35,22],[43,178],[-21,30]],[[881,575],[56,-7]],[[955,737],[-91,36],[-26,55],[104,32],[-31,54],[-86,49]],[[825,963],[-64,122],[-58,35]],[[703,1120],[3,55],[46,59]],[[752,1234],[13,-22],[121,106],[3,36]],[[752,1234],[-37,63],[10,94],[-40,51],[26,39],[-34,42],[-4,64],[-53,35],[-7,47],[-93,33],[-31,-13]],[[489,1689],[63,64],[19,38],[45,18],[63,-4],[48,63],[54,19],[13,33],[99,35]],[[825,963],[-38,-29],[-169,-204],[8,-58]],[[626,672],[-38,-57],[-100,-35],[-15,77]],[[473,657],[87,72],[5,92],[-52,30],[0,59],[-39,38],[21,45],[52,11],[21,55],[-12,54]],[[556,1113],[147,7]],[[881,575],[-32,42],[-113,-28],[-40,76],[-70,7]],[[556,1113],[12,51],[-21,58],[-44,24],[-25,-28],[-37,81],[-49,-5]],[[392,1294],[-32,17],[33,92],[-5,43],[-60,96]],[[328,1542],[161,147]],[[392,1294],[-17,-74],[11,-61],[-67,-4],[26,-112]],[[345,1043],[-51,-9],[-54,17],[-56,106],[-66,-7]],[[118,1150],[-45,83],[32,78],[-10,29],[26,54],[91,42],[116,106]],[[473,657],[-137,56],[-50,31],[-37,67],[-35,7]],[[214,818],[-2,64],[19,25],[98,56],[16,80]],[[214,818],[-31,67],[-108,47],[-75,22],[63,105],[47,5],[8,86]],[[1174,459],[16,-70],[43,-30],[37,3],[64,87],[82,34]],[[1416,483],[-2,-35],[39,-236],[-61,-5],[-52,-35],[-21,-113],[-53,-59],[-21,10],[-126,-9],[-26,87],[-82,115],[73,71]],[[2077,706],[-75,-54],[-26,-49],[-42,-26],[-149,130],[-103,-132],[-16,-46],[-52,-18],[-72,22],[-102,-9],[-24,-41]]],"objects":{"HND.geo":{"type":"GeometryCollection","geometries":[{"arcs":[[0]],"type":"Polygon","properties":{"name":"La Unión","postal":"UN"},"id":"HND"},{"arcs":[[1,2,3,4]],"type":"Polygon","properties":{"name":"Atlántida","postal":"AT"},"id":"HND"},{"arcs":[[5,6,7,-2,8]],"type":"Polygon","properties":{"name":"Colón","postal":"CL"},"id":"HND"},{"arcs":[[9,10,11,12,13,14,15]],"type":"Polygon","properties":{"name":"Francisco Morazán","postal":"FM"},"id":"HND"},{"arcs":[[16,-6,17]],"type":"Polygon","properties":{"name":"Gracias a Dios","postal":"GD"},"id":"HND"},{"arcs":[[18]],"type":"Polygon","properties":{"name":"Islas de la Bahía","postal":"IB"},"id":"HND"},{"arcs":[[-17,19,20,-10,21,-7]],"type":"Polygon","properties":{"name":"Olancho","postal":"OL"},"id":"HND"},{"arcs":[[-8,-22,-16,22,23,-3]],"type":"Polygon","properties":{"name":"Yoro","postal":"YO"},"id":"HND"},{"arcs":[[-13,24,25,26]],"type":"Polygon","properties":{"name":"Valle","postal":"VA"},"id":"HND"},{"arcs":[[-15,27,28,29,30,-23]],"type":"Polygon","properties":{"name":"Comayagua","postal":"CM"},"id":"HND"},{"arcs":[[-24,-31,31,32,-4]],"type":"Polygon","properties":{"name":"Cortés","postal":"CR"},"id":"HND"},{"arcs":[[33,34,35,36,-29]],"type":"Polygon","properties":{"name":"Intibucá","postal":"IN"},"id":"HND"},{"arcs":[[-14,-27,37,-34,-28]],"type":"Polygon","properties":{"name":"La Paz","postal":"LP"},"id":"HND"},{"arcs":[[-30,-37,38,39,40,-32]],"type":"Polygon","properties":{"name":"Santa Bárbara","postal":"SB"},"id":"HND"},{"arcs":[[41,42,43,-40]],"type":"Polygon","properties":{"name":"Copán","postal":"CP"},"id":"HND"},{"arcs":[[-36,44,45,-42,-39]],"type":"Polygon","properties":{"name":"Lempira","postal":"LE"},"id":"HND"},{"arcs":[[-46,46,-43]],"type":"Polygon","properties":{"name":"Ocotepeque","postal":"OC"},"id":"HND"},{"arcs":[[47,48,-25,-12]],"type":"Polygon","properties":{"name":"Choluteca","postal":"CH"},"id":"HND"},{"arcs":[[49,-48,-11,-21]],"type":"Polygon","properties":{"name":"El Paraíso","postal":"EP"},"id":"HND"}]}}}