{"type":"Topology","transform":{"scale":[0.0016661924665687027,0.001037398421926925],"translate":[13.507382410939446,42.47622765779026]},"arcs":[[[1957,478],[66,-10],[92,20],[60,-13],[-14,-53],[-81,12],[-73,-25],[-128,33],[78,36]],[[2130,533],[110,-6],[91,-44],[38,-34],[112,-56],[36,34],[73,-20],[3,-44],[101,-108],[137,-108],[69,-25],[59,-42],[-15,-80],[-104,80],[-13,59],[-85,30],[-17,38],[-88,59],[-57,58],[-47,-11],[-173,70],[-142,107],[-65,0],[-23,43]],[[2367,648],[82,-64],[24,-34],[21,-78],[-50,-23],[-38,16],[-45,71],[-46,45]],[[2315,581],[52,67]],[[1707,1398],[-5,-40],[50,-51],[-42,-52],[-9,-66],[-68,-38],[-41,12],[-69,-83],[20,-51],[-39,-38]],[[1504,991],[-57,86],[8,80],[-96,81],[-39,3],[-17,46],[-79,63]],[[1224,1350],[109,-7],[66,67],[47,-23],[48,31],[22,63],[69,13],[7,-87],[43,-17],[72,8]],[[1613,577],[9,-40],[-74,-21],[3,69],[62,-8]],[[1834,726],[58,-13],[55,-52],[-35,-33],[-80,15],[-113,50],[115,33]],[[1980,835],[51,-29],[-27,-37],[-131,-10],[-76,20],[-48,32],[43,62],[117,-4],[71,-34]],[[2315,581],[-29,47],[-86,52],[-60,55],[-83,130],[-32,31],[-77,13],[-76,29],[-96,59],[-20,38],[-58,1],[-112,-38],[-31,-30],[-51,23]],[[1707,1398],[106,40]],[[1813,1438],[90,-123],[21,-67],[66,-61],[157,-187],[93,-34],[28,-39],[-11,-82],[36,-89],[43,-43],[31,-65]],[[887,1557],[28,-53],[68,-84],[-23,-23],[-39,62],[-34,98]],[[1337,2370],[23,-87],[-34,-56],[53,-87],[54,22],[44,-77],[46,-48],[-23,-47],[66,-18],[22,-84],[-9,-47],[39,-26],[-10,-74],[17,-72],[67,-121],[47,-22],[21,-44],[53,-44]],[[1224,1350],[-48,43],[-65,101],[-88,101],[-40,62],[8,82],[74,5],[7,77]],[[1072,1821],[21,45],[46,-33],[89,-29],[49,68],[-26,37],[37,37],[-54,84],[-28,118],[-24,24],[75,65],[-45,41],[24,38]],[[1236,2316],[-20,50],[74,17],[47,-13]],[[1650,3456],[-72,-88]],[[1578,3368],[-102,-57],[-16,22]],[[1460,3333],[-71,46],[-88,-9]],[[1301,3370],[14,62],[-57,52],[-8,47],[30,66],[66,3],[78,47]],[[1424,3647],[48,-63],[173,-6],[5,-122]],[[1384,2937],[17,-55],[-17,-65],[-82,25],[-9,-151],[-14,-55],[99,-14]],[[1378,2622],[-28,-149],[4,-64],[-17,-39]],[[1236,2316],[-56,40],[-58,102],[-81,56],[-28,40],[-42,-20],[-71,19]],[[900,2553],[-22,24],[0,115],[35,58],[56,-35],[59,79],[3,60]],[[1031,2854],[82,43],[-39,40],[-17,76],[49,65]],[[1106,3078],[42,25],[83,-87],[41,16],[76,-44],[36,-51]],[[803,2048],[35,9],[38,-35],[-1,-48],[50,-82],[21,22],[103,-117],[-34,-23],[-52,8],[-92,137],[-68,129]],[[1072,1821],[-83,98],[-45,66],[-47,42],[-60,107],[-11,165],[23,94],[-24,74]],[[825,2467],[27,41],[51,-6],[-3,51]],[[578,2388],[-11,-99],[12,-138],[-27,-49],[-59,171],[-9,57],[44,15],[14,46],[-74,139],[7,59],[39,-4],[14,-114],[50,-83]],[[634,2674],[36,-72],[25,-13],[0,-72],[90,-106],[-65,-30],[-70,74],[-48,9],[-51,53],[53,40],[30,117]],[[825,2467],[-17,56],[-117,99],[-89,100],[-109,52],[-34,-61],[-23,-131]],[[436,2582],[-19,16],[-6,232],[-45,59]],[[366,2889],[61,23],[92,-19],[58,47],[52,126],[65,-84],[3,-34],[128,-63],[24,44],[81,-34],[50,-48],[51,7]],[[1794,3170],[3,-41],[69,-57],[104,-52],[84,-129]],[[2054,2891],[41,-31],[31,-53],[79,-39]],[[2205,2768],[-18,-64],[-42,-63],[26,-45]],[[2171,2596],[-66,49],[-49,56],[-88,-96],[-120,41],[-63,-21],[-60,-88],[-25,-98],[-76,24],[-66,78],[-22,55],[-41,47],[-72,-1],[-45,-20]],[[1384,2937],[53,5]],[[1437,2942],[20,-51],[67,0],[33,56],[-33,49],[57,46],[58,-34],[32,72]],[[1671,3080],[1,54],[48,21],[5,61],[69,-46]],[[1460,3333],[-74,-23],[-27,-41],[45,-56],[-46,-100],[70,-53],[33,-52],[-24,-66]],[[1106,3078],[-61,41],[33,33],[75,28],[14,38],[128,16],[6,136]],[[1578,3368],[54,-116],[-24,-58],[40,-113],[23,-1]],[[436,2582],[-48,-73],[6,-80],[-55,-3],[-60,-160],[-67,-1],[-33,57],[-19,76],[-78,103],[-29,72],[0,92],[-49,188],[-4,73],[73,-51],[78,4],[78,-38],[49,38],[1,49],[87,-39]],[[2745,2694],[72,-44],[97,16],[105,-47]],[[3019,2619],[-21,-44],[19,-57]],[[3017,2518],[-41,-14],[-44,43],[-93,37],[-27,-47],[-61,0],[-62,34],[-51,-63],[-40,-13],[-91,96],[-67,-42],[-50,-4],[-64,22],[-68,48],[-15,-33],[-72,14]],[[2205,2768],[42,32],[84,6],[112,-107],[74,-17],[12,-45],[74,12],[45,62],[97,-17]],[[3304,2865],[-45,-15],[-25,37],[-60,-7],[-5,-49],[-79,-21],[-14,-68],[-73,-27],[25,-50],[-9,-46]],[[2745,2694],[5,85],[58,60],[65,35],[-41,54],[-11,81],[-75,31]],[[2746,3040],[-86,99],[-20,57]],[[2640,3196],[105,-19],[78,13],[64,-37],[57,-4],[41,47],[63,34],[53,80],[54,-25],[82,45],[-31,-117],[31,-43],[10,-56],[31,-37],[-34,-47],[18,-78],[45,28],[47,-40],[-52,-27],[2,-48]],[[2054,2891],[52,28],[241,9],[8,59]],[[2355,2987],[51,1],[81,-58],[137,-43],[122,153]],[[3304,2865],[-5,-79],[53,-16],[42,-63],[120,-35],[17,-76],[-150,-7],[-57,-32],[22,-42],[2,-95],[27,-32],[-31,-41],[-53,4],[8,-50],[-69,-2],[-43,25],[-27,53],[12,57],[-40,24],[-22,52],[-93,8]],[[2355,2987],[37,97],[-65,26],[-64,97],[-83,65]],[[2180,3272],[-4,40],[50,66],[54,-1]],[[2280,3377],[171,-42],[39,-87],[150,-52]],[[1794,3170],[62,51],[53,21],[3,82]],[[1912,3324],[2,54],[27,63],[75,30],[23,-66],[87,-71],[54,-62]],[[1912,3324],[-51,1],[-53,48],[-96,48]],[[1712,3421],[-6,94],[85,23],[63,55],[81,23],[8,75]],[[1943,3691],[42,-20],[27,77]],[[2012,3748],[18,-70],[51,-78],[85,-85],[49,-2],[31,-39],[34,-97]],[[1943,3691],[-96,11],[-61,-15],[-73,18],[-49,57]],[[1664,3762],[-27,110],[65,52],[89,-31],[44,-34],[57,-15],[32,-49],[88,-47]],[[1712,3421],[-42,-11],[-20,46]],[[1424,3647],[95,47],[12,67],[44,14],[51,-24],[38,11]]],"objects":{"HRV.geo":{"type":"GeometryCollection","geometries":[{"arcs":[[[0]],[[1]],[[2,3]]],"type":"MultiPolygon","properties":{"name":"Dubrovacko-Neretvanska","postal":"DN","name_alt":"Dubrovacko-neretvanska županija"},"id":"HRV"},{"arcs":[[4,5,6]],"type":"Polygon","properties":{"name":"Šibensko-Kninska","postal":"SB","name_alt":"Sibensko-Kninska|Šibensko-kninska županija"},"id":"HRV"},{"arcs":[[[7]],[[8]],[[9]],[[-4,10,-5,11,12]]],"type":"MultiPolygon","properties":{"name":"Splitsko-Dalmatinska","postal":"SD","name_alt":"Splitsko-dalmatinska županija"},"id":"HRV"},{"arcs":[[[13]],[[14,-12,-7,15,16,17]]],"type":"MultiPolygon","properties":{"name":"Zadarska","postal":"ZD","name_alt":"Zadarska županija"},"id":"HRV"},{"arcs":[[18,19,20,21,22]],"type":"Polygon","properties":{"name":"Krapinsko-Zagorska","postal":"KZ","name_alt":"Krapinsko-zagorska županija"},"id":"HRV"},{"arcs":[[23,24,-18,25,26,27,28]],"type":"Polygon","properties":{"name":"Karlovacka","postal":"KA","name_alt":"Karlovacka županija"},"id":"HRV"},{"arcs":[[[29]],[[-17,30,31,-26]]],"type":"MultiPolygon","properties":{"name":"Licko-Senjska","postal":"LS","name_alt":"Licko-senjska županija"},"id":"HRV"},{"arcs":[[[32]],[[33]],[[-27,-32,34,35,36]]],"type":"MultiPolygon","properties":{"name":"Primorsko-Goranska","postal":"PG","name_alt":"Primorsko-goranska županija"},"id":"HRV"},{"arcs":[[37,38,39,40,-24,41,42,43]],"type":"Polygon","properties":{"name":"Sisacko-Moslavacka","postal":"SM","name_alt":"Sisacko-moslavacka županija"},"id":"HRV"},{"arcs":[[44,-42,-29,45,-21]],"type":"Polygon","properties":{"name":"Zagrebacka","postal":"ZG","name_alt":"Zagrebacka županija"},"id":"HRV"},{"arcs":[[-43,-45,-20,46]],"type":"Polygon","properties":{"name":"Grad Zagreb","postal":"GZ"},"id":"HRV"},{"arcs":[[-36,47]],"type":"Polygon","properties":{"name":"Istarska","postal":"IS","name_alt":"Istarska županija"},"id":"HRV"},{"arcs":[[48,49,50,-40,51]],"type":"Polygon","properties":{"name":"Brodsko-Posavska","postal":"SP"},"id":"HRV"},{"arcs":[[52,-49,53,54,55]],"type":"Polygon","properties":{"name":"Osjecko-Baranjska","postal":"OB","name_alt":"Osjecko-baranjska županija"},"id":"HRV"},{"arcs":[[-52,-39,56,57,-54]],"type":"Polygon","properties":{"name":"Brodsko-Posavska","postal":"SP","name_alt":"Brodsko-posavska županija"},"id":"HRV"},{"arcs":[[58,-50,-53]],"type":"Polygon","properties":{"name":"Vukovarsko-Srijemska","postal":"VS","name_alt":"Vukovarsko-srijemska županija"},"id":"HRV"},{"arcs":[[-55,-58,59,60,61]],"type":"Polygon","properties":{"name":"Viroviticko-Podravska","postal":"VP","name_alt":"Viroviticko-podravska županija"},"id":"HRV"},{"arcs":[[-60,-57,-38,62,63]],