{"type":"Topology","transform":{"scale":[0.003029907027040111,0.0019487081839965111],"translate":[16.159164017753376,45.74332320666821]},"arcs":[[[344,849],[6,-170],[-40,-10]],[[310,669],[-47,-34],[-113,-31],[-82,-115]],[[68,489],[-31,86],[-37,24],[38,48],[54,14],[24,54],[-32,26],[4,84],[66,49]],[[154,874],[45,-22],[95,26],[50,-29]],[[867,183],[22,-46],[-10,-54]],[[879,83],[-49,3],[-87,-86],[-66,22],[-106,3],[-78,31]],[[493,56],[-12,108],[25,58],[134,100]],[[640,322],[68,21],[34,-95],[56,6],[69,-71]],[[569,1031],[0,-153]],[[569,878],[-170,-7],[-55,-22]],[[154,874],[7,82],[-79,28],[67,46],[62,-38],[85,13],[10,138],[83,14],[44,-56],[68,-51],[68,-19]],[[666,621],[14,-84]],[[680,537],[-22,-10],[-38,-131],[20,-74]],[[493,56],[-20,43],[-82,10],[-31,64],[-91,67],[-31,52]],[[238,292],[55,7],[-1,48],[45,12],[13,114]],[[350,473],[26,35],[120,39],[135,83],[35,-9]],[[569,878],[35,-57],[38,8]],[[642,829],[1,-54],[40,-61],[-17,-93]],[[350,473],[-28,8],[0,152],[-12,36]],[[238,292],[-14,36],[-106,61],[-50,100]],[[1001,928],[44,-34],[-60,-64],[-64,4],[-7,105],[53,17],[34,-28]],[[1316,634],[-28,-91]],[[1288,543],[-27,-108],[-40,-9],[-3,-100],[-53,-9],[-12,-54],[20,-50]],[[1173,213],[-54,3],[-94,-94],[-38,2],[-108,-41]],[[867,183],[42,75],[2,130],[-20,59],[47,48],[-25,72]],[[913,567],[14,95]],[[927,662],[98,61],[13,-57],[75,38],[78,-86],[102,37],[23,-21]],[[913,567],[-98,-72],[-99,49],[-36,-7]],[[642,829],[66,25],[70,76],[56,3]],[[834,933],[31,-77],[46,-64],[-13,-71],[29,-59]],[[569,1031],[116,1],[105,20],[46,-8],[41,28]],[[877,1072],[35,-47],[-78,-92]],[[1129,1023],[31,-72]],[[1160,951],[3,-30],[104,-107],[28,-68],[-10,-48],[31,-64]],[[877,1072],[-20,61],[59,53]],[[916,1186],[8,-69],[41,-31],[97,-13],[27,-66],[40,16]],[[1280,1249],[19,-19]],[[1299,1230],[-36,-24],[-10,-76],[-64,-34],[-60,-73]],[[916,1186],[163,16],[25,53],[39,20],[101,-50],[36,24]],[[1980,1364],[-26,-46],[-128,-74],[-71,5],[-34,-77],[-40,10],[-46,-44]],[[1635,1138],[-26,-93],[-71,-51]],[[1538,994],[-15,-4]],[[1523,990],[-54,15],[-62,137],[22,68],[-23,26],[-65,-30],[-42,24]],[[1280,1249],[78,39],[32,42],[37,98],[99,22],[108,-41],[104,37],[55,-35],[45,-78],[142,31]],[[1979,944],[-20,48],[-66,35],[-31,-20],[-86,52],[5,56],[-94,-3],[-52,26]],[[1980,1364],[37,1],[29,-82],[41,0],[39,-73],[48,8],[38,-45],[-8,-65],[-66,-67],[-124,-29],[-35,-68]],[[1807,655],[5,-39],[-48,-71],[0,-42],[-67,-61],[-45,-147],[-37,-42],[-87,14]],[[1528,267],[-29,67],[-34,-5],[-4,189],[-54,26]],[[1407,544],[-1,32],[95,30],[-2,46],[40,63],[57,51]],[[1596,766],[91,-46],[6,-67],[32,-39],[82,41]],[[1528,267],[-41,-65],[-208,3],[-106,8]],[[1288,543],[86,-19],[33,20]],[[1979,944],[-55,-46],[4,-51],[-46,-50],[-32,-98],[-43,-44]],[[1596,766],[11,58],[-17,113],[-52,57]],[[1523,990],[-28,-49],[-88,-75],[-44,30],[-31,60],[-64,28],[-108,-33]]],"objects":{"HUN.geo":{"type":"GeometryCollection","geometries":[{"arcs":[[0,1,2,3]],"type":"Polygon","properties":{"name":"Vas","postal":"VA"},"id":"HUN"},{"arcs":[[4,5,6,7]],"type":"Polygon","properties":{"name":"Baranya","postal":"BA"},"id":"HUN"},{"arcs":[[8,9,-4,10]],"type":"Polygon","properties":{"name":"Gyor-Moson-Sopron","postal":"GS"},"id":"HUN"},{"arcs":[[11,12,-7,13,14,15]],"type":"Polygon","properties":{"name":"Somogy","postal":"SO"},"id":"HUN"},{"arcs":[[16,17,-16,18,-1,-10]],"type":"Polygon","properties":{"name":"Veszprém","postal":"VE"},"id":"HUN"},{"arcs":[[-15,19,-2,-19]],"type":"Polygon","properties":{"name":"Zala","postal":"ZA"},"id":"HUN"},{"arcs":[[20]],"type":"Polygon","properties":{"name":"Budapest","postal":"BU"},"id":"HUN"},{"arcs":[[21,22,23,-5,24,25,26]],"type":"Polygon","properties":{"name":"Bács-Kiskun","postal":"BK"},"id":"HUN"},{"arcs":[[-26,27,-12,-18,28,29]],"type":"Polygon","properties":{"name":"Fejér","postal":"FE"},"id":"HUN"},{"arcs":[[-29,-17,-9,30,31]],"type":"Polygon","properties":{"name":"Komárom-Esztergom","postal":"KE"},"id":"HUN"},{"arcs":[[32,33,-27,-30,-32,34,35],[-21]],"type":"Polygon","properties":{"name":"Pest","postal":"PE"},"id":"HUN"},{"arcs":[[-8,-13,-28,-25]],"type":"Polygon","properties":{"name":"Tolna","postal":"TO"},"id":"HUN"},{"arcs":[[36,37,-36,38]],"type":"Polygon","properties":{"name":"Nógrád","postal":"NO"},"id":"HUN"},{"arcs":[[39,40,41,42,-37,43]],"type":"Polygon","properties":{"name":"Borsod-Abaúj-Zemplén","postal":"BZ"},"id":"HUN"},{"arcs":[[44,-40,45]],"type":"Polygon","properties":{"name":"Szabolcs-Szatmár-Bereg","postal":"SZ"},"id":"HUN"},{"arcs":[[46,47,48,49]],"type":"Polygon","properties":{"name":"Békés","postal":"BE"},"id":"HUN"},{"arcs":[[50,-23,51,-48]],"type":"Polygon","properties":{"name":"Csongrád","postal":"CS"},"id":"HUN"},{"arcs":[[52,-50,53,-41,-45]],"type":"Polygon","properties":{"name":"Hajdú-Bihar","postal":"HB"},"id":"HUN"},{"arcs":[[54,-33,-38,-43]],"type":"Polygon","properties":{"name":"Heves","postal":"HE"},"id":"HUN"},{"arcs":[[-49,-52,-22,-34,-55,-42,-54]],"type":"Polygon","properties":{"name":"Jász-Nagykun-Szolnok","postal":"JN"},"id":"HUN"}]}}}