{"type":"Topology","transform":{"scale":[0.0016213893826516907,0.0009024067548840763],"translate":[-10.478179490690934,51.445705470830774]},"arcs":[[[1920,986],[98,-98],[33,27],[45,-24],[54,19]],[[2150,910],[23,-89],[-38,-53],[-93,0],[-165,-15],[-113,-61],[17,-88],[-73,-19],[-9,-32],[-65,10],[-14,26]],[[1620,589],[-37,3],[-55,76],[-39,96],[-52,13],[30,69]],[[1467,846],[55,-2],[20,38],[128,-21],[-6,129],[117,23],[139,-27]],[[2389,2880],[33,-63],[-53,-32],[-29,-59]],[[2340,2726],[-40,9]],[[2300,2735],[-38,24],[-40,75],[-81,83],[-84,8],[-107,32]],[[1950,2957],[33,30],[21,74],[51,49],[-39,46],[99,130],[40,-9],[64,-68],[35,-121],[49,-53],[64,-18],[-20,-111],[42,-26]],[[2610,2531],[-39,-15],[-89,5],[-65,93],[-17,66],[-60,46]],[[2389,2880],[78,26],[62,-5],[6,37],[51,9],[107,-115],[-45,-24],[-75,36],[-26,-10],[-19,-96],[17,-39],[67,-18],[-2,-150]],[[1500,2029],[42,-45],[1,-32],[-62,-41]],[[1481,1911],[-37,-19],[-43,-91],[-64,-101]],[[1337,1700],[-81,-9],[-82,65],[-89,-14],[-37,-46],[-60,-2],[-11,93],[-67,42],[-1,56]],[[909,1885],[25,6],[19,69],[-55,68],[-34,-13],[-200,-18],[-68,-22],[-60,54],[-5,50],[-42,59],[-36,-67],[-39,-14],[-56,29],[23,73],[-62,-16],[-55,34],[-2,48],[-61,100],[23,29],[55,-8],[11,46],[86,14],[58,-17],[48,1]],[[482,2390],[68,1],[83,-46],[59,4],[104,-100],[55,29],[35,51],[53,114],[86,20]],[[1025,2463],[98,8],[53,45],[60,-3],[65,-63],[-2,-55],[52,-41],[6,-104],[23,-37],[3,-89],[60,-91],[57,-4]],[[321,2848],[22,-69],[-9,-68],[-73,24],[0,50],[-49,46],[44,25],[65,-8]],[[829,3013],[25,-25],[81,7],[24,-35],[-49,-72],[42,-43],[31,7],[24,-52],[44,1],[80,65],[34,-19],[4,-63]],[[1169,2784],[-62,4],[-4,-99],[-23,-69],[25,-20],[-12,-78],[-68,-59]],[[482,2390],[-54,4],[-77,44],[-8,50],[14,83],[205,34],[-34,23],[38,53],[-34,38],[-88,0],[-94,-45],[1,98],[43,18],[-37,69],[-6,103],[-49,105],[-50,-77],[-21,91],[19,48],[50,35],[68,-42],[59,83],[49,-23],[198,-22],[32,23],[77,-56],[-1,-55],[47,-59]],[[2610,2531],[30,-105]],[[2640,2426],[-28,-6],[-45,-63],[-42,14],[-16,-50],[51,-53],[-13,-47],[-67,-68]],[[2480,2153],[-66,3],[-115,38],[-73,-15],[-21,39],[-40,0],[-65,-79]],[[2100,2139],[-67,57]],[[2033,2196],[46,20],[52,68],[47,158],[-31,25],[-35,-26],[-99,64],[-45,78],[-32,21]],[[1936,2604],[68,-19],[52,24],[91,-30],[52,51],[-28,45],[19,29],[49,-6],[61,37]],[[2100,2139],[53,-76],[-29,-134],[-36,-21]],[[2088,1908],[-92,-34],[-37,3],[-37,74],[-42,-27],[-39,7],[-81,-28],[20,-74],[-60,-92],[-24,-63]],[[1696,1674],[-52,14],[-27,-52],[-75,-75],[-31,44],[36,58],[-12,46],[36,58],[-6,86],[-84,58]],[[1500,2029],[63,100]],[[1563,2129],[56,-24],[91,23],[41,47],[42,-16],[28,-74],[97,15],[115,96]],[[1563,2129],[-12,174]],[[1551,2303],[90,28],[62,-19],[40,14],[57,85],[-7,35],[73,79],[35,5],[4,55]],[[1905,2585],[31,19]],[[2669,1436],[-40,-84],[4,-133],[-96,-169],[0,-39],[-63,-12],[36,-64],[56,-54],[-32,-67],[-74,21],[-66,-22],[-73,41],[-44,-7],[-68,-64],[-15,67],[-45,72]],[[2149,922],[0,85],[37,74],[7,50]],[[2193,1131],[38,13],[48,100],[6,49],[62,28],[39,82]],[[2386,1403],[52,-32],[54,48],[44,68],[76,3],[57,-54]],[[2707,1949],[36,-103],[-13,-113],[34,-49],[-82,-165],[-13,-83]],[[2386,1403],[-47,90],[15,40],[55,-27],[38,24],[-3,62],[-133,37]],[[2311,1629],[-32,76],[44,88],[87,67],[63,111]],[[2473,1971],[52,-16],[182,-6]],[[2473,1971],[-37,65],[44,117]],[[2640,2426],[65,-64],[7,-57],[-31,-92],[13,-54],[-65,-40],[37,-65],[36,-15],[5,-90]],[[2311,1629],[-20,-45],[-72,-14],[-31,24]],[[2188,1594],[-25,82],[-52,21],[5,73],[-28,138]],[[2116,1493],[-28,-75],[43,-17],[28,-44],[3,-66],[29,-36],[2,-124]],[[2149,922],[1,-12]],[[1920,986],[-16,106],[-42,48],[7,112],[-72,149],[-40,24],[-24,53]],[[1733,1478],[65,44],[68,-37],[101,80],[60,32],[33,-20],[56,-84]],[[2188,1594],[-4,-65],[-68,-36]],[[1733,1478],[-25,71],[30,94],[-42,31]],[[1467,846],[-52,80]],[[1415,926],[10,82],[-47,58],[-80,34],[10,69],[75,13],[5,67],[25,103],[-71,28],[-91,-3],[-17,74]],[[1234,1451],[50,165],[40,8],[30,44],[-17,32]],[[688,1252],[38,-77],[-20,-168],[72,-67]],[[778,940],[-28,-49],[26,-129],[26,-66],[-17,-58],[46,-46],[-64,-16],[-42,-46],[16,-49],[-28,-41],[-56,-26],[-21,-33],[-97,-13],[-129,-101],[-29,75]],[[381,342],[-9,53],[-101,-22],[-45,-40],[-46,48],[-30,68],[-65,-69],[-14,109],[69,32],[-27,54],[18,26],[85,45],[122,48],[32,53],[66,5],[8,31],[-166,-14],[-83,-23],[-65,19],[-91,-40],[-39,58],[18,41],[49,-6],[2,49],[56,44],[64,21],[3,-58],[75,39],[60,-36],[47,-5],[-4,60],[32,25],[-14,132],[62,31],[44,48],[3,59],[59,19],[132,6]],[[1415,926],[-45,0],[-29,35],[-109,-40],[-33,10],[-83,97],[-83,6],[-57,-63],[-59,-26],[-80,37],[-59,-42]],[[688,1252],[56,2],[124,52],[49,1],[19,30],[129,23]],[[1065,1360],[70,-15],[80,56],[19,50]],[[1576,2622],[-4,-62],[-36,-67],[-28,-84],[43,-106]],[[1169,2784],[77,-51],[45,96],[129,95],[12,26]],[[1432,2950],[66,-19],[-25,-57],[9,-64],[-11,-68],[66,-22],[4,-45],[35,-53]],[[1293,3350],[20,-60],[-23,-70],[21,-52],[9,-114],[37,-56],[33,2],[42,-50]],[[829,3013],[51,138],[69,1],[42,-28],[120,7],[118,20],[-79,96],[143,103]],[[1425,3344],[-82,16]],[[1343,3360],[50,102],[51,40],[10,45],[-137,-34],[-47,28],[-110,-24],[-109,45],[-13,42],[98,78],[62,-2],[-12,68],[40,27],[54,-9],[-18,64],[22,59],[-37,45],[63,72],[56,111],[64,-24],[86,55],[13,34],[56,-34],[6,-36],[120,69],[-35,35],[72,25],[15,-75],[57,-80],[-21,-98],[57,-1],[-1,113],[-44,58],[17,85],[90,40],[22,69],[85,-38],[31,-50],[127,-60],[-136,-98],[-54,-90],[-67,-32],[-31,-41],[-40,-176],[-45,-57],[-5,-43],[-61,-11],[-53,-42],[-68,27],[-37,-78],[57,-24],[40,-48],[-85,-71],[-71,13],[-33,-51],[-69,-38]],[[1425,3344],[54,-92],[48,-25],[37,-65]],[[1564,3162],[-64,-70],[12,-53],[56,-19],[71,-74],[50,-3],[95,-94],[-8,-92]],[[1776,2757],[-50,-18],[-57,-68],[-93,-49]],[[1293,3350],[50,10]],[[1776,2757],[69,-82],[60,-90]],[[1065,1360],[-72,23],[-50,-6],[-12,91],[-34,-26],[-21,-56],[-55,-81],[-85,-36],[-165,54],[-87,-38],[-8,-28],[-73,17],[151,164],[50,10],[5,56],[39,83],[38,40],[-44,58],[102,200],[70,-39],[95,39]],[[1620,589],[-25,-106],[-72,-28],[-7,-36],[-70,-21],[-42,41],[-5,47],[-51,21],[-23,-46],[17,-115],[-43,-47],[-77,-25],[-26,-50],[-101,-34],[4,-45],[-97,21],[-21,-44],[-57,6],[-79,-13],[-101,-46],[-39,-34],[-49,37],[-6,52],[-82,-55],[-154,-69],[8,60],[79,57],[46,69],[-120,-68],[10,44],[192,102],[-41,47],[-76,-50],[-139,-28],[-96,-66],[-21,59],[65,63],[5,45],[55,8]],[[1564,3162],[42,-31],[23,-74],[82,-4],[59,-68],[65,-16],[39,24],[76,-36]]],"objects":{"IRL.geo":{"type":"GeometryCollection","geometries":[{"arcs":[[0,1,2,3]],"type":"Polygon","properties":{"name":"Waterford","postal":"WD"},"id":"IRL"},{"arcs":[[4,5,6,7]],"type":"Polygon","properties":{"name":"Monaghan","postal":"MN"},"id":"IRL"},{"arcs":[[8,-5,9]],"type":"Polygon","properties":{"name":"Louth","postal":"LH"},"id":"IRL"},{"arcs":[[10,11,12,13,14,15]],"type":"Polygon","properties":{"name":"Galway","postal":"GY"},"id":"IRL"},{"arcs":[[[16]],[[17,18,-15,19]]],"type":"MultiPolygon","properties":{"name":"Mayo","postal":"MO"},"id":"IRL"},{"arcs":[[-9,20,21,22,23,24,25,-6]],"type":"Polygon","properties":{"name":"Meath","postal":"MH"},"id":"IRL"},{"arcs":[[26,27,28,-11,29,30,-24]],"type":"Polygon","properties":{"name":"Offaly","postal":"OY"},"id":"IRL"},{"arcs":[[-31,31,32,33,-25]],"type":"Polygon","properties":{"name":"Westmeath","postal":"WH"},"id":"IRL"},{"arcs":[[34,35,36,37]],"type":"Polygon","properties":{"name":"Wexford","postal":"WX"},"id":"IRL"},{"arcs":[[38,-38,39,40,41]],"type":"Polygon","properties":{"name":"Wicklow","postal":"WW"},"id":"IRL"},{"arcs":[[-42,42,-22,43]],"type":"Polygon","properties":{"name":"Dublin","postal":"DN"},"id":"IRL"},{"arcs":[[-43,-41,44,45,-27,-23]],"type":"Polygon","properties":{"name":"Kildare","postal":"KE"},"id":"IRL"},{"arcs":[[46,-36,47,-1,48,49]],"type":"Polygon","properties":{"name":"Kilkenny","postal":"KK"},"id":"IRL"},{"arcs":[[-46,50,-50,51,-28]],"type":"Polygon","properties":{"name":"Laoighis","postal":"LS"},"id":"IRL"},{"arcs":[[-52,-49,-4,52,53,54,-12,-29]],"type":"Polygon","properties":{"name":"Tipperary","postal":"TY"},