{"type":"Topology","transform":{"scale":[0.005262341916306029,0.004276310961454349],"translate":[44.02644733967248,25.05940816535451]},"arcs":[[[1384,1428],[12,-45],[51,-47]],[[1447,1336],[-20,-57],[-76,29],[8,-82],[-51,-32],[-58,-5]],[[1250,1189],[-33,18]],[[1217,1207],[-14,71],[7,40],[-51,45],[-32,-5],[0,94],[57,51]],[[1184,1503],[63,-23],[70,-66],[67,14]],[[1700,543],[-56,-14]],[[1644,529],[-35,67],[-92,53],[-81,3],[-39,34],[-45,95],[-25,94],[-32,79],[-37,1],[2,71],[-98,116],[-17,62]],[[1145,1204],[72,3]],[[1250,1189],[26,-64],[79,-17],[36,-63],[44,-36],[85,-174],[33,-106],[33,-34],[26,-63],[88,-89]],[[2157,2171],[2,-159],[-22,-45],[-54,-33],[-23,-71],[-30,-25],[-201,-72],[-60,15],[-87,-48],[5,-71],[-15,-99],[9,-34]],[[1681,1529],[-66,-20],[-56,10],[-17,37],[-84,-63],[33,-29],[-44,-128]],[[1384,1428],[-15,86],[3,138],[-56,48],[-26,76],[-110,-26],[-23,17],[-72,-26]],[[1085,1741],[1,35],[-55,36]],[[1031,1812],[75,77],[30,85]],[[1136,1974],[45,31],[125,43],[25,67]],[[1331,2115],[-3,60],[27,22],[120,21]],[[1475,2218],[37,-21],[84,-1],[90,-29],[454,13],[17,-9]],[[1681,1529],[48,-20],[53,-59],[45,-118],[70,-115],[12,-65],[68,-45]],[[1977,1107],[31,-79],[63,-15],[39,-103]],[[2110,910],[6,-58],[57,-60],[-7,-97],[24,-43],[-68,-32],[-48,-52],[-51,7],[-98,-8],[-28,-19],[-29,-61],[-149,31],[-19,25]],[[2307,3045],[-1,-73],[16,-46],[-72,-51]],[[2250,2875],[-43,-60],[-35,-80],[-68,9],[-121,-71],[-65,-1]],[[1918,2672],[-79,77]],[[1839,2749],[59,2],[-19,121],[52,-4],[113,45],[14,57],[108,74],[54,10],[87,-9]],[[1918,2672],[-49,-29],[-14,-46],[-60,-59],[-83,-19]],[[1712,2519],[-121,34],[-42,-44],[-43,3],[-37,49],[-182,72]],[[1287,2633],[-94,82]],[[1193,2715],[52,75]],[[1245,2790],[97,-59],[156,-36],[301,71],[40,-17]],[[2403,2709],[21,-169],[58,-52],[-50,-96],[-62,-29],[-55,-60]],[[2315,2303],[-68,-117],[-90,-15]],[[1475,2218],[18,77]],[[1493,2295],[19,59],[-31,44],[6,57],[70,-33],[87,-19],[40,18],[36,48],[-8,50]],[[2250,2875],[57,-55],[-19,-55],[48,-51],[67,-5]],[[1493,2295],[-108,66],[-101,15]],[[1284,2376],[17,53],[-14,37],[-98,14]],[[1189,2480],[3,44],[45,25],[50,84]],[[2683,1798],[-8,-42],[23,-50],[-9,-49],[-65,-119]],[[2624,1538],[-204,92],[-191,-106],[-14,-109],[-32,-15],[-76,-1],[-106,-20],[-30,-66],[39,-88],[2,-105],[-35,-13]],[[2315,2303],[78,20],[75,36],[69,7],[56,-43],[4,-29],[-94,-73],[-37,-97],[10,-107],[111,-33],[27,-128],[69,-58]],[[1184,1503],[12,52],[-73,102],[-38,84]],[[1145,1204],[-86,-42],[-113,66],[-24,-67],[-80,-7],[-30,76],[-54,34],[0,120],[-65,4],[1,97],[29,82],[-48,80]],[[675,1647],[61,117]],[[736,1764],[36,86],[91,17],[83,-24],[45,-31],[40,0]],[[697,2172],[98,-68],[93,7],[52,-23]],[[940,2088],[-10,-58],[50,-14],[53,48],[19,-43],[84,-47]],[[736,1764],[-37,74],[-46,56],[-41,22],[-80,72],[26,37],[67,19],[13,56]],[[638,2100],[59,72]],[[675,1647],[-45,83],[-54,9],[-65,61],[-84,47],[-34,-1],[12,72],[-45,73],[-37,14]],[[323,2005],[18,89],[41,3],[133,-53],[85,6],[-2,44],[40,6]],[[2820,222],[73,-135]],[[2893,87],[-46,-5],[-37,36],[-87,10],[-35,-15],[-39,35],[-122,20],[-30,74],[-15,123],[-22,82],[-31,40],[-86,14],[-79,-41],[-52,-7],[-21,-44],[-54,-4],[-89,-68],[-79,25],[-19,26],[-109,-2],[-58,66],[-64,25],[-75,52]],[[2110,910],[51,-12],[51,-34],[72,35],[2,-130],[53,-53],[57,11],[36,36],[30,-11],[6,-64],[52,-59],[23,-165],[77,-46],[34,22],[26,-50],[-11,-119],[57,3],[34,-40],[60,-12]],[[872,3119],[25,-28],[-43,-49],[-12,-44],[17,-47],[61,-76],[3,-35]],[[923,2840],[-81,5]],[[842,2845],[-98,80],[3,62],[-47,94],[-55,1],[-37,23],[60,68],[9,32],[-20,77],[-47,-26],[-45,-69],[-68,-7],[3,49],[62,18],[6,57]],[[568,3304],[158,116],[39,-8],[55,-63],[-45,-34],[26,-61],[-6,-57],[77,-78]],[[1284,2376],[-17,-71],[-103,-31],[-7,-61],[62,-70],[112,-28]],[[940,2088],[23,29],[-31,120],[33,-6],[7,72],[49,56],[8,68]],[[1029,2427],[160,53]],[[798,2486],[88,-31],[22,18]],[[908,2473],[59,-33],[62,-13]],[[697,2172],[56,19],[-41,37],[-9,37],[24,48]],[[727,2313],[46,6],[6,50],[-28,27],[-8,65],[55,25]],[[923,2840],[58,-53],[11,-39]],[[992,2748],[-40,-51],[50,-51],[16,-69],[-148,-61],[38,-43]],[[798,2486],[-61,46],[12,64],[-20,57],[-101,24]],[[628,2677],[-26,58]],[[602,2735],[2,27],[79,69],[136,2],[23,12]],[[992,2748],[43,-44],[63,-14],[95,25]],[[279,3256],[-22,-23],[-10,-84],[-43,-68],[18,-41],[13,-104],[25,-78],[56,-36],[45,-4],[70,-54],[65,42],[35,-63],[71,-8]],[[628,2677],[-36,-39],[-62,28],[-146,-3],[-61,-47],[-43,-56]],[[280,2560],[-26,-7],[-27,104],[-44,26],[1,49],[-31,12],[9,54],[-15,63],[-41,31],[2,68],[-71,59],[42,93],[-29,4],[-3,107],[-26,36],[-21,91],[69,7],[33,82],[64,-42],[11,-35],[102,-106]],[[279,3256],[120,-28],[77,5],[64,66],[28,5]],[[323,2005],[-58,85],[27,63],[-28,41],[80,105],[4,31],[52,17],[-1,44]],[[399,2391],[41,-30],[64,-97],[49,5],[17,31],[114,48],[43,-35]],[[872,3119],[49,9],[15,-128],[34,-62],[59,-30],[134,-21],[28,-50],[54,-47]],[[399,2391],[-31,51],[30,80],[-76,-4],[-42,42]],[[3128,2110],[5,-104],[63,-19],[-5,-35],[-48,-60],[2,-36],[48,-175],[-10,-51],[9,-125],[57,-11]],[[3249,1494],[-20,-107],[7,-124],[-36,-16],[-46,59],[-62,37],[-148,-46]],[[2944,1297],[-76,117],[-28,21],[-216,103]],[[2683,1798],[46,90],[60,40],[25,42],[-44,53],[17,106],[50,-10],[104,37],[54,-49],[133,3]],[[2403,2709],[11,39],[77,36],[126,-69],[74,2],[8,51],[-41,30],[38,90],[-34,57],[-85,4],[28,53]],[[2605,3002],[148,-48],[99,-16],[60,-30],[29,-71],[98,-39],[62,-90],[139,2],[28,-124],[13,-133],[-35,-63],[-8,-109],[-23,-41],[-44,-29],[-43,-101]],[[2307,3045],[44,38],[65,6],[57,-19],[34,18],[25,-69],[73,-17]],[[2820,222],[15,65],[-11,31],[12,66],[-25,41],[-8,83],[22,93],[1,108],[28,52],[-30,37],[91,56],[-7,80],[22,70],[-26,100],[40,193]],[[3249,1494],[102,-16],[32,-81],[-5,-43],[-182,-232],[82,-105],[72,-152],[45,-51],[89,-28],[41,-45],[36,-4],[-6,-51],[15,-117],[-5,-61],[88,-3],[3,-77],[-23,-62],[-74,5],[-85,-31],[-12,-38],[-74,-25],[-18,-95],[-19,-16],[-8,-113],[-39,-53],[-73,35],[-119,32],[-95,-4],[-124,24]]],"objects":{"IRN.geo":{"type":"GeometryCollection","geometries":[{"arcs":[[0,1,2,3,4]],"type":"Polygon","properties":{"name":"Kohgiluyeh and Buyer Ahmad","postal":"KB"},"id":"IRN"},{"arcs":[[5,6,7,-3,8]],"type":"Polygon","properties":{"name":"Bushehr","postal":"BS"},"id":"IRN"},{"arcs":[[9,10,-1,11,12,13,14,15,16]],"type":"Polygon","properties":{"name":"Esfahan","postal":"ES"},"id":"IRN"},{"arcs":[[17,18,19,-9,-2,-11]],"type":"Polygon","properties":{"name":"Fars","postal":"FA"},"id":"IRN"},{"arcs":[[20,21,22,23]],"type":"Polygon","properties":{"name":"Golestan","postal":"GO"},"id":"IRN"},{"arcs":[[-23,24,25,26,27,28]],"type":"Polygon","properties":{"name":"Mazandaran","postal":"MN"},"id":"IRN"},{"arcs":[[29,30,-17,31,32,-25,-22,33]],"type":"Polygon","properties":{"name":"Semnan","postal":"SM"},"id":"IRN"},{"arcs":[[-26,-33,34,35,36]],"type":"Polygon","properties":{"name":"Tehran","postal":"TH"},"id":"IRN"},{"arcs":[[37,38,-18,-10,-31,39]],"type":"Polygon","properties":{"name":"Yazd","postal":"YA"},"id":"IRN"},{"arcs":[[-5,40,-12]],"type":"Polygon","properties":{"name":"Chahar Mahall and Bakhtiari","postal":"CM"},"id":"IRN"},{"arcs":[[-13,-41,-4,-8,41,42,43]],"type":"Polygon","properties":{"name":"Khuzestan","postal":"KZ"},"id":"IRN"},{"arcs":[[44,45,-14,-44,46,47]],"type":"Polygon","properties":{"name":"Lorestan","postal":"LO"},"id":"IRN"},{"arcs":[[-47,-43,48,49]],"type":"Polygon","properties":{"name":"Ilam","postal":"IL"},"id":"IRN"},{"arcs":[[50,51,-6,-20,52]],"type":"Polygon","properties":{"name":"Hormozgan","postal":"HG"},"id":"IRN"},{"arcs":[[53,54,55,56]],"type":"Polygon","properties":{"name":"Ardebil","postal":"AR"},"id":"IRN"},{"arcs":[[57,-15,-46,58,59,-36]],"type":"Polygon","properties":{"name":"Markazi","postal":"MK"},"id":"IRN"},{"arcs":[[-32,-16,-58,-35]],"type":"Polygon","properties":{"name":"Qom","postal":"QM"},"id":"IRN"},{"arcs":[[60,61,-59,-45,62,63]],"type":"Polygon","properties":{"name":"Hamadan","postal":"HD"},"id":"IRN"},{"arcs":[[64,65,-61,66,67,68,-55]],"type":"Polygon","properties":{"name":"Zanjan","postal":"ZA"},