{"type":"Topology","transform":{"scale":[0.0032352063273280956,0.002728670229863866],"translate":[38.77451135241694,29.06313669889954]},"arcs":[[[1636,3024],[10,-38],[-84,-73]],[[1562,2913],[-32,-22],[-25,-46],[-109,35],[-43,-58],[-93,-22],[-47,33],[-32,1],[-68,97]],[[1113,2931],[58,32],[65,83],[51,-20],[54,19],[69,-19],[44,-28],[128,-7],[54,33]],[[1809,2500],[46,-66],[-7,-63],[15,-23],[-36,-106],[-38,-19]],[[1789,2223],[-9,-36],[-40,-46],[-36,-74],[-49,43],[-67,31],[-129,75],[-45,63],[3,65]],[[1417,2344],[30,-12],[88,45],[9,62],[56,45],[32,-22],[41,24],[37,-7],[99,21]],[[1927,2731],[-109,-25],[-36,-29],[49,-59],[-22,-29],[106,-80],[-69,-15],[-37,6]],[[1417,2344],[5,47],[-12,50]],[[1410,2441],[18,75],[46,88],[75,75],[73,88],[35,-5],[52,49],[-14,22],[-63,26],[-15,25],[-55,29]],[[1636,3024],[48,-22],[-13,-61],[17,-38],[59,29],[47,38],[48,0],[10,-32],[35,-20],[1,-51],[-16,-35],[63,-37],[-8,-64]],[[1410,2441],[-24,-25],[-117,-65],[5,-41],[41,-75],[-1,-24],[-122,-2],[-35,-8],[-8,-35]],[[1149,2166],[-68,-9],[-25,10],[-64,-4],[-125,49],[-120,22]],[[747,2234],[22,123],[31,59],[-6,74],[-32,68],[11,114],[43,64],[116,22],[17,11],[164,162]],[[1789,2223],[31,-32],[63,-6],[31,-25],[0,-33]],[[1914,2127],[-106,-125],[-33,18],[-12,-125],[-39,-37],[-19,-42],[46,-25],[-15,-68],[1,-71],[-46,-50]],[[1691,1602],[-33,8],[-27,61],[-25,18],[-52,-1],[-115,35],[-92,86],[-21,28],[-32,89],[-10,65],[-37,-21],[-83,58],[-12,53],[-3,85]],[[1810,1135],[-5,-36],[-31,-20],[8,-134],[-32,-12],[30,-49],[60,-25]],[[1840,859],[-24,-129],[-63,-96],[-41,-26],[-24,-39],[-55,-164],[-72,-130]],[[1561,275],[-322,270]],[[1239,545],[44,97],[3,33],[32,53],[20,98],[35,80],[7,35],[53,81],[106,55],[13,30],[-32,31]],[[1520,1138],[172,51],[22,13]],[[1714,1202],[0,-48],[17,-25],[39,27],[40,-21]],[[1655,1362],[41,-11],[-13,-52],[31,-97]],[[1520,1138],[-66,51],[-73,74],[-10,23],[87,26],[83,64],[61,3],[53,-17]],[[1771,1507],[-67,5]],[[1704,1512],[-19,19],[16,50]],[[1701,1581],[46,19],[36,-23],[-12,-70]],[[2752,796],[-2,-88],[106,-7],[0,-188],[44,-13],[17,-40],[26,1],[31,-37],[-4,-23],[23,-59],[-38,-13],[-80,31],[-40,-19],[-84,38],[-98,-2],[-50,-21],[-26,-27],[-47,-125],[-33,-64],[-90,-118]],[[2407,22],[8,83],[18,39],[5,93],[26,139],[-6,34],[-30,46],[-17,76]],[[2411,532],[101,28],[48,-8],[20,99],[2,106]],[[2582,757],[26,43],[57,12],[87,-16]],[[2167,949],[-4,-41],[11,-75],[-20,-59],[-12,-72],[5,-52],[152,-20],[49,-18],[41,-75],[22,-5]],[[2407,22],[-63,-22],[-222,21],[-285,27],[-8,3],[-268,224]],[[1840,859],[78,-53],[6,38],[34,92],[-19,24],[75,16],[131,-33],[22,6]],[[1986,1221],[59,-22],[-4,-21],[50,-60],[45,-16],[12,-45]],[[2148,1057],[19,-108]],[[1810,1135],[40,-13],[54,53],[82,46]],[[2148,1057],[32,-2],[71,23],[80,0]],[[2331,1078],[-2,-25],[38,-90],[52,-55],[1,-53],[42,-36],[3,-37],[30,-21],[87,-4]],[[2331,1078],[81,-8],[8,55],[-47,33],[-2,69],[11,69],[37,82]],[[2419,1378],[161,-133],[68,0],[17,-45],[134,-211],[-47,-130],[0,-63]],[[1986,1221],[-46,38],[-25,71],[-81,42],[-44,3],[-8,70]],[[1782,1445],[50,18],[35,39],[92,-2],[115,-33],[29,26],[44,67],[60,35],[15,29]],[[2222,1624],[23,-46],[36,-40],[4,-34],[-22,-78],[55,2],[101,-50]],[[2170,2140],[-25,76],[-54,-92],[-28,-68],[-62,-53],[-18,90],[-69,34]],[[1927,2731],[32,-41],[39,0],[34,-116],[32,-28],[60,-28],[22,-39],[106,11],[39,-22],[16,-30],[-62,-9],[-23,-72],[49,-64],[15,-38],[-12,-45],[-67,-2],[-37,-68]],[[2170,2140],[-37,-31],[-15,-35],[25,-57],[-41,0],[-49,-45],[45,-66],[-8,-50],[-36,-49],[67,-102],[26,-28],[51,-3],[24,-50]],[[1782,1445],[-11,62]],[[1701,1581],[-10,21]],[[1704,1512],[-15,-18],[-105,22],[36,-41],[35,-113]],[[1239,545],[-219,194],[-298,180],[-212,128],[-122,27],[-269,47],[41,45],[-18,40],[-58,-17],[-20,62],[23,7],[-87,321],[137,81],[273,162],[182,109],[76,20],[16,15],[64,125],[-1,143]]],"objects":{"IRQ.geo":{"type":"GeometryCollection","geometries":[{"arcs":[[0,1,2]],"type":"Polygon","properties":{"name":"Dihok","postal":"DA"},"id":"IRQ"},{"arcs":[[3,4,5]],"type":"Polygon","properties":{"name":"At-Ta'mim","postal":"TS"},"id":"IRQ"},{"arcs":[[6,-6,7,8,-1,9]],"type":"Polygon","properties":{"name":"Arbil","postal":"AR"},"id":"IRQ"},{"arcs":[[-9,10,11,12,-2]],"type":"Polygon","properties":{"name":"Ninawa","postal":"NI"},"id":"IRQ"},{"arcs":[[-5,13,14,15,-11,-8]],"type":"Polygon","properties":{"name":"Sala ad-Din","postal":"SD"},"id":"IRQ"},{"arcs":[[16,17,18,19,20,21]],"type":"Polygon","properties":{"name":"An-Najaf","postal":"NA"},"id":"IRQ"},{"arcs":[[22,-21,23]],"type":"Polygon","properties":{"name":"Karbala'","postal":"KA"},"id":"IRQ"},{"arcs":[[24,25,26]],"type":"Polygon","properties":{"name":"Baghdad","postal":"BG"},"id":"IRQ"},{"arcs":[[27,28,29,30]],"type":"Polygon","properties":{"name":"Al-Basrah","postal":"BA"},"id":"IRQ"},{"arcs":[[31,-29,32,-18,33]],"type":"Polygon","properties":{"name":"Al-Muthannia","postal":"MU"},"id":"IRQ"},{"arcs":[[34,35,-34,-17,36]],"type":"Polygon","properties":{"name":"Al-Qadisiyah","postal":"QA"},"id":"IRQ"},{"arcs":[[-30,-32,-36,37,38]],"type":"Polygon","properties":{"name":"Dhi-Qar","postal":"DQ"},"id":"IRQ"},{"arcs":[[-31,-39,39,40]],"type":"Polygon","properties":{"name":"Maysan","postal":"MA"},"id":"IRQ"},{"arcs":[[-40,-38,-35,41,42,43]],"type":"Polygon","properties":{"name":"Wasit","postal":"WA"},"id":"IRQ"},{"arcs":[[44,-14,-4,-7,45]],"type":"Polygon","properties":{"name":"As-Sulaymaniyah","postal":"SU"},"id":"IRQ"},{"arcs":[[46,-43,47,-27,48,-15,-45]],"type":"Polygon","properties":{"name":"Diyala","postal":"DI"},"id":"IRQ"},{"arcs":[[-16,-49,-26,49,-24,-20,50,-12]],"type":"Polygon","properties":{"name":"Al-Anbar","postal":"AN"},"id":"IRQ"},{"arcs":[[-25,-48,-42,-37,-22,-23,-50]],"type":"Polygon","properties":{"name":"Babil","postal":"BB"},"id":"IRQ"}]}}}