{"type":"Topology","transform":{"scale":[0.0027646445411772178,0.0012391224377920394],"translate":[-24.53990637927598,63.39671458520991]},"arcs":[[[862,1864],[55,-28],[106,-133],[35,-4]],[[1058,1699],[-29,-39]],[[1029,1660],[-73,-6],[-34,50],[-47,-19],[-28,-42],[-68,48],[-6,34],[-91,-5],[-47,-16],[-54,66]],[[581,1770],[17,19],[-33,108]],[[565,1897],[33,-13],[200,-44],[64,24]],[[934,2314],[-78,-89],[23,-30],[30,-101],[-8,-32],[20,-112],[-65,-43],[6,-43]],[[565,1897],[-28,85],[-76,120],[1,37],[-42,54],[-62,52]],[[358,2245],[32,21],[57,-15],[104,-67],[83,-97],[38,59],[37,-63],[37,-31],[25,39],[-28,34],[13,37],[-150,68],[-41,60],[71,23],[64,-13],[-83,91],[-38,-47],[-58,14],[27,59],[-40,33],[103,28],[65,-37],[35,36],[72,-27],[48,-61],[14,-66],[89,-9]],[[1250,1430],[3,-54],[33,-104]],[[1286,1272],[-75,34]],[[1211,1306],[-26,45],[6,80],[-13,50],[-43,48],[-33,65],[-45,-8],[1,113]],[[934,2314],[38,-57],[37,-6],[10,-84],[63,13],[14,-65],[39,10],[30,-34],[15,-106],[-45,-77],[-15,-57],[-89,2],[29,-41],[60,1],[52,-68],[-25,-58],[33,-11],[30,-53],[1,-79],[39,-114]],[[367,1867],[26,-21],[150,12],[22,39]],[[581,1770],[-19,-31],[-94,-53],[-46,10],[-91,-26],[-32,-32],[-67,-17],[-25,48],[-83,29],[-103,-10],[-21,16],[59,49],[36,54],[111,-62],[-42,74],[23,21],[-36,52],[26,50],[153,-78],[37,3]],[[367,1867],[-23,40],[-51,12],[-49,81],[16,41],[60,14],[-57,55],[7,48],[89,-9],[-44,47],[43,49]],[[3409,1053],[39,-34],[13,-94],[71,-11],[17,-32],[78,-29]],[[3627,853],[-70,-17],[-32,-48],[-57,-44],[-16,-45],[-40,31],[-83,6],[-46,-46],[-91,-28],[-6,-31],[-94,-27],[-68,-83],[-47,-20],[-10,-35],[-99,-85],[-70,-33],[-33,28],[-48,-10],[8,-42],[-73,14],[-64,-34]],[[2588,304],[0,150],[16,65],[168,349]],[[2772,868],[220,-56],[80,15],[23,43],[68,55],[132,46],[52,84],[62,-2]],[[3444,2233],[-42,-17],[21,-75],[81,-10],[63,15],[27,-83],[-17,-52],[-54,-49],[-22,-53],[60,-9],[132,25],[-25,-42],[55,-52],[79,-45],[50,8],[25,-63],[49,11],[27,-33],[-27,-168],[41,-32]],[[3967,1509],[-42,-4],[-52,-31],[-59,-1],[-57,-19],[-30,29],[35,58],[26,74],[-103,35],[-25,-146],[-141,-148],[-49,-121],[-3,-54],[-27,-38],[-31,-90]],[[2772,868],[68,134],[20,86],[-16,66],[23,81],[58,14],[88,80],[2,123],[64,111],[-49,58],[12,52]],[[3042,1673],[42,86],[112,-22],[16,54],[-2,106],[76,20],[46,50],[8,196],[39,79],[65,-9]],[[3967,1509],[-22,-33],[-6,-71],[48,-1],[-4,-65],[-43,-56],[-56,6],[-10,29],[-59,21],[91,-117],[-9,-46],[-37,-48],[-65,-5],[0,-55],[-80,-17],[-81,-33],[20,-49],[-26,-39],[-1,-77]],[[1597,2201],[-24,-76],[88,-228],[-4,-54],[26,-46],[94,-88],[-21,-35],[73,-41],[33,-106],[76,-126],[10,-35],[65,-98],[37,-104]],[[2050,1164],[-102,-44],[-91,0],[-113,-26],[-94,40]],[[1650,1134],[61,75],[0,33],[-107,4]],[[1604,1246],[-85,252],[-45,109],[15,40],[-18,47]],[[1471,1694],[54,112],[22,89],[-27,69],[6,32],[-46,129],[7,43],[110,33]],[[2346,1844],[24,2],[51,-109],[-3,-86],[-26,-59],[21,-61],[-2,-151],[-33,-233],[6,-58]],[[2384,1089],[-103,58]],[[2281,1147],[-70,50]],[[2211,1197],[25,119],[-3,127],[-47,59],[-33,76],[-40,16],[-27,46],[15,74],[-66,53],[39,79],[-13,75],[-46,37],[-2,36],[41,37],[-17,39],[20,40],[-81,118]],[[1976,2228],[48,27],[61,2],[30,-19],[54,-70],[1,-88],[70,-19],[47,-67],[14,-102],[45,-48]],[[2211,1197],[-161,-33]],[[1597,2201],[34,-33],[55,-144],[62,-27],[21,-86],[84,-9],[4,86],[-33,95],[30,24],[-13,39],[32,26],[73,8],[30,48]],[[1604,1246],[-109,12],[-116,-34],[-93,48]],[[1250,1430],[-13,80],[17,57],[-10,87],[46,-7],[-4,68],[24,64],[63,58],[40,-6],[0,-61],[58,-76]],[[3042,1673],[-2,85],[-54,69],[-34,21],[-4,106],[-82,-11],[-44,9],[8,96],[-20,20],[-92,10],[-9,64],[21,119]],[[2730,2261],[26,-60],[50,6],[35,28],[74,10],[22,88],[-22,51],[-22,126],[188,24],[30,-27],[6,-65],[65,-14],[23,-49],[-35,-44],[129,-95],[28,8],[14,69],[70,9],[43,67],[55,24],[82,-23],[-125,-54],[8,-60],[-30,-47]],[[2772,868],[-205,118]],[[2567,986],[-183,103]],[[2346,1844],[-20,40],[15,80],[-30,76],[-28,12],[-25,61],[-11,72],[11,61],[88,-24],[51,2],[118,-135],[61,7],[19,72],[38,38],[16,52],[81,3]],[[2281,1147],[-55,-48],[-28,-70],[-44,-27],[-47,-62],[-68,-38],[-91,-123],[-41,-32],[-39,-65],[-118,-79],[-28,-57],[-57,15],[-97,-57],[-71,0],[-36,-16],[-20,-45],[-34,-10],[-18,-54]],[[1389,379],[-20,-49],[-37,-4],[-112,61],[-25,62],[-47,-83],[-106,-15],[-49,31],[-50,-18]],[[943,364],[14,26],[109,116],[32,51]],[[1098,557],[32,61],[10,77],[87,86]],[[1227,781],[129,135],[59,20],[114,70]],[[1529,1006],[97,44],[24,84]],[[1011,625],[25,-60],[62,-8]],[[943,364],[-48,-10],[-98,23],[-72,-34],[-66,5],[0,196],[39,-7],[24,-64],[45,-4],[21,29],[59,6],[85,49],[35,60],[44,12]],[[1857,54],[-122,57],[-160,8],[-55,46],[-47,80],[-40,11],[-70,49],[32,26],[-6,48]],[[2567,986],[-250,-262],[-64,-21],[-108,-108],[-21,-3],[-89,-121],[-19,-58],[15,-34],[-10,-76],[-68,-89],[-80,-55],[-16,-105]],[[2588,304],[-74,-22],[-37,19],[-61,-26],[13,-56],[-21,-74],[-30,-44],[-61,-34],[-95,-25],[-121,-42],[-88,22],[-29,-8],[-127,40]],[[1227,781],[-9,25],[-91,-16]],[[1127,790],[-9,18],[-97,-3],[-89,-78],[-50,14],[42,45],[-22,28],[26,79],[49,29],[57,69],[60,22]],[[1094,1013],[57,42],[148,1],[65,25],[112,-2],[53,-73]],[[1211,1306],[-53,-23],[-25,-64],[-27,-26],[-56,-8],[-12,28],[-60,-14],[-17,25]],[[961,1224],[-59,35],[23,57]],[[925,1316],[56,6],[33,100],[-35,16],[-73,-51],[-173,31],[-4,49],[77,72],[40,11],[113,83],[70,27]],[[1011,625],[-54,78],[47,58],[58,31],[65,-2]],[[1094,1013],[-36,5],[-64,-55],[-95,-57],[-14,-38],[-44,10],[-12,58],[-40,9],[9,101],[52,33]],[[850,1079],[69,116],[42,29]],[[850,1079],[-89,27],[-35,34],[-91,-13],[-146,9],[-21,21],[-55,-6],[-21,-24],[-50,14],[-19,-48],[-67,-20],[-41,28],[-41,105],[83,31],[69,-25],[45,39],[105,2],[5,55],[132,-6],[32,50],[30,-52],[46,36],[60,5],[81,-25],[63,0]]],"objects":{"ISL.geo":{"type":"GeometryCollection","geometries":[{"arcs":[[0,1,2,3,4]],"type":"Polygon","properties":{"name":"Reykhólahreppur","postal":"AB"},"id":"ISL"},{"arcs":[[5,-5,6,7]],"type":"Polygon","properties":{"name":"Vestfirðir","postal":"VF"},"id":"ISL"},{"arcs":[[8,9,10,-1,-6,11]],"type":"Polygon","properties":{"name":"Árneshreppur","postal":"SD"},"id":"ISL"},{"arcs":[[12,-4,13]],"type":"Polygon","properties":{"name":"Vesturbyggð","postal":"VB"},"id":"ISL"},{"arcs":[[-13,14,-7]],"type":"Polygon","properties":{"name":"Ísafjarðarbær","postal":"IS"},"id":"ISL"},{"arcs":[[15,16,17,18]],"type":"Polygon","properties":{"name":"Sveitarfélagið Hornafjörður","postal":"AS"},"id":"ISL"},{"arcs":[[19,20,-19,21,22]],"type":"Polygon","properties":{"name":"Austurland","postal":"AL"},"id":"ISL"},{"arcs":[[23,-16,-21]],"type":"Polygon","properties":{"name":"Austur-Hérað","postal":"SM"},"id":"ISL"},{"arcs":[[24,25,26,27,28]],"type":"Polygon","properties":{"name":"Norðurland vestra","postal":"NV"},"id":"ISL"},{"arcs":[[29,30,31,32,33]],"type":"Polygon","properties":{"name":"Akureyri","postal":"AY"},"id":"ISL"},{"arcs":[[34,-25,35,-33]],"type":"Polygon","properties":{"name":"Akrahreppur","postal":"SG"},"id":"ISL"},{"arcs":[[-28,36,-9,37]],"type":"Polygon","properties":{"name":"Húnaþing vestra","postal":"VH"},"id":"ISL"},{"arcs":[[-23,38,39]],"type":"Polygon","properties":{"name":"Kelduneshreppur","postal":"NT"},"id":"ISL"},{"arcs":[[-22,40,41,-30,42,-39]],"type":"Polygon","properties":{"name":"Hálshreppur","postal":"NE"},"id":"ISL"},{"arcs":[[43,44,45,46,47,48,-26,-35,-32]],"type":"Polygon","properties":{"name":"Biskupstungnahreppur","postal":"SL"},"id":"ISL"},{"arcs":[[49,-46,50]],"type":"Polygon","properties":{"name":"Suðurnes","postal":"SU"},"id":"ISL"},{"arcs":[[51,-44,-31,-42,52]],"type":"Polygon","properties":{"name":"Suðurland","postal":"SL"},"id":"ISL"},{"arcs":[[-18,53,-53,-41]],"type":"Polygon","properties":{"name":"Mýrdalshreppur","postal":"VS"},"id":"ISL"},{"arcs":[[-48,54,55,56]],"type":"Polygon","properties":{"name":"Akranes","postal":"AK"},"id":"ISL"},{"arcs":[[57,58,59,-2,-11]],"type":"Polygon","properties":{"name":"Bæjarhreppur","postal":"SD"},"id":"ISL"},{"arcs":[[-47,-50,60,-55]],"type":"Polygon","properties":{"name":"Höfuðborgarsvæði","postal":"HO"},