{"type":"Topology","transform":{"scale":[0.0019967651524661323,0.001423614383431267],"translate":[6.602728312361705,35.492723021132576]},"arcs":[[[3252,7136],[-52,128],[-61,9],[-86,-30],[-66,24],[-22,61],[-39,29],[-13,59],[42,43],[-23,67],[-61,44],[51,44],[43,80],[117,62],[-4,75]],[[3078,7831],[41,-22],[117,-8],[103,-34],[104,9],[96,-31],[9,-35],[-44,-18],[-88,-69],[-29,-38],[22,-58],[50,4],[64,-23],[-10,-40],[-56,-41],[-22,-42],[24,-27],[57,-1],[-27,-72],[6,-38],[99,-47],[40,-66],[-32,-22],[-35,61],[-75,60],[-24,-34],[-53,-12],[-103,39],[-73,-47],[13,-43]],[[2938,7855],[-38,-27],[-90,-29],[-57,51],[-34,-83],[-90,-25],[21,-45],[-48,-61],[30,-64],[56,-59],[-37,-39],[-95,-23],[-11,-81],[-99,18],[-104,-65],[-74,-153],[-62,9],[-42,-19],[-27,26],[16,43],[-29,35]],[[2124,7264],[-52,11],[-81,-39],[-26,30],[-3,56],[-31,48],[50,94],[16,80],[-6,56],[30,70],[-7,30],[-65,28],[-21,37]],[[1928,7765],[3,54],[-45,34],[59,122],[88,11],[46,-50],[59,-19],[63,4],[28,35],[19,66],[33,31],[79,22],[48,-13],[30,26],[138,-24],[99,46],[118,33],[-34,-65],[15,-51],[62,-36],[2,-57],[50,-54],[50,-25]],[[3252,7136],[-76,-16],[-82,-53],[-147,-68],[-23,52],[-85,-47],[-31,-109],[-30,-11],[89,-135],[68,-76],[35,-22],[-44,-99],[-26,-19]],[[2900,6533],[-48,48],[-5,52],[-79,3],[-76,33],[-91,-6],[-95,-56],[-93,36]],[[2413,6643],[-113,81],[-11,38],[-48,-14],[-45,69],[-101,78],[-40,15],[-2,66],[-29,12],[0,119],[100,157]],[[2938,7855],[46,-17],[94,-7]],[[2900,6533],[-45,35],[-29,-93],[20,-76],[-1,-81],[43,-166],[71,-96],[60,-59],[61,-40]],[[3080,5957],[-12,-66],[-54,-23],[-15,33],[-54,25]],[[2945,5926],[-36,22]],[[2909,5948],[-126,-27],[-29,-114]],[[2754,5807],[-67,9],[-77,36],[-53,43],[-29,75],[48,92],[-76,2],[-99,77],[-53,-45],[-22,-45],[-103,-11],[-59,-17],[-108,66],[-69,-25],[-110,105],[-51,-4],[-22,32],[-66,26],[-41,68],[-62,24],[-89,-88]],[[1546,6227],[-46,49],[-81,-5],[28,94],[-145,42]],[[1302,6407],[0,48]],[[1302,6455],[60,24],[-8,30],[25,74],[-26,39],[61,127],[237,-1],[44,21],[42,-65],[56,7],[130,-78],[80,-9],[39,45],[105,-52],[100,34],[37,-21],[70,21],[59,-8]],[[1546,6227],[81,-74],[101,-107],[-12,-36]],[[1716,6010],[-33,-3],[-59,45],[-37,-21],[-99,80],[-100,56],[-72,58],[-50,6],[-185,48],[-148,-89],[-29,-78],[-61,-32],[-71,-137],[-92,-70],[-133,-44],[-96,1],[-13,52],[77,89],[29,69]],[[544,6040],[25,30],[124,-15],[46,51],[-3,88],[70,88],[4,57],[70,-26],[25,26],[77,0],[25,49],[56,-5],[21,-37],[62,23],[-7,57],[41,29],[95,-71],[27,23]],[[880,2547],[43,-11],[9,-42],[-29,-48],[-28,61],[5,40]],[[1320,4043],[57,-29],[54,-61],[43,0],[-1,-58],[22,-30],[-7,-62],[55,-29],[-11,-40],[42,-90],[4,-53],[37,-60],[-39,-100],[-58,-67],[10,-97],[39,-42],[-19,-64],[1,-95],[-24,-154],[-1,-108],[-39,-173],[-5,-69],[-57,-11],[-50,51],[-64,22],[-25,-29],[-44,18],[-30,-47],[13,-67],[-24,-48],[-72,-73],[-68,38],[-37,-30],[-32,50],[-10,67],[-61,51],[-30,76],[24,33],[-26,67],[6,63],[39,76],[-10,126],[32,-13],[24,81],[-31,42],[-48,-5],[3,101],[42,28],[-14,89],[2,69],[-39,26],[5,51],[-42,108],[-73,6],[15,74],[-31,26],[49,127],[39,-41],[105,-17],[61,49],[62,12],[120,146],[76,33],[7,52],[34,4]],[[1917,5144],[-46,-35],[-96,-20],[16,57],[43,-10],[83,8]],[[2754,5807],[37,-11],[58,16],[33,-31],[-54,-28],[-23,-47]],[[2805,5706],[-63,-122],[40,-126],[-67,-15],[-53,-84],[30,-53],[-45,-138]],[[2647,5168],[-57,-49],[16,-32],[-9,-58],[-111,-96],[12,-52],[-47,-5],[-23,-42]],[[2428,4834],[-32,21],[-112,25],[12,57],[-99,133],[-49,38],[-80,28],[23,64],[-73,45],[-67,-13],[24,145],[-15,83],[-40,86],[-60,73],[-11,54],[-15,169],[-28,78],[-52,68],[-38,22]],[[5139,3441],[-41,-63],[-23,-64],[-48,-64]],[[5027,3250],[-114,2],[-12,-80],[-22,-54],[-138,-18],[-57,68],[-49,4],[-56,-58]],[[4579,3114],[-50,85]],[[4529,3199],[25,84],[46,70],[-40,73],[-81,73],[-30,121],[-48,47],[-11,131],[51,1],[37,30],[7,78]],[[4485,3907],[19,38],[79,-5],[52,25],[87,-85],[-22,-46],[66,-33],[44,0],[14,-40],[81,-94],[50,31],[94,-13],[18,-45],[-5,-87],[14,-57],[27,0],[36,-55]],[[5027,3250],[-22,-51],[17,-57],[-44,-56],[-25,-56],[26,-102],[40,-25],[63,-4],[48,-47],[83,-47],[74,-56],[-19,-48],[12,-89],[-11,-84],[24,-60],[-22,-54],[-53,-17],[-20,22],[-72,-13],[-114,-71],[-36,-65],[19,-137],[-4,-70],[-51,-57],[-81,-50],[-68,-95],[-40,-136],[-164,-16],[-48,29],[-19,99],[11,94],[68,26],[59,137],[6,54],[-40,69],[84,53],[59,-2],[40,38],[7,100],[-30,26],[-36,84],[-25,190],[-19,66],[-60,79],[-35,101],[-12,122],[-18,40]],[[4203,4208],[50,-37],[-8,-73],[94,-60],[-29,-64],[40,-34],[47,-3],[88,-30]],[[4529,3199],[-56,22],[-62,-59],[-64,25],[-10,31],[-68,67],[-46,4],[-62,47],[10,64],[34,45],[-55,124],[-69,72],[-104,-44],[-82,14],[47,68],[-90,76],[-45,-26],[-55,23],[-122,220],[-54,64]],[[3576,4036],[60,43],[1,90],[49,30]],[[3686,4199],[31,-47],[48,65],[51,-1],[190,-85],[29,21],[84,16],[84,40]],[[4278,4523],[-20,-72],[4,-101],[-48,-46],[-43,-4],[8,-69],[24,-23]],[[3686,4199],[22,35],[-6,74],[-25,44]],[[3677,4352],[115,50],[-16,39],[70,64],[116,-84],[116,159],[9,45]],[[4087,4625],[54,-31],[61,-16],[76,-55]],[[4278,4523],[151,-17],[83,14],[81,-5],[127,17],[56,-17],[27,-91],[-83,-78],[-51,-28],[-17,-44],[10,-53],[55,-52],[140,-70],[147,-85],[232,-88],[73,-43],[136,-134],[137,-58],[48,-37],[82,-31],[15,-66],[100,-70],[100,-132],[40,-109],[-42,-64],[-33,-159],[-78,30],[-70,51],[-32,53],[-6,93],[-39,50],[-3,46],[-32,24],[-169,9],[-59,22],[-96,60],[23,58],[-99,12],[-37,-19],[-56,-71]],[[4527,1945],[-33,-43],[-38,-81],[-54,-77],[-93,-160],[6,-21],[-27,-106],[-38,-75],[11,-97],[54,-26],[-18,-54],[32,-63],[29,-12],[13,-51],[-78,-60],[-40,-101],[20,-87],[-77,9],[-67,27],[-33,-20],[-61,38],[-86,29],[-47,106],[-58,70],[-95,51],[-97,-11],[-90,49],[-73,72],[-58,17],[-71,58],[-69,75],[-61,9],[-55,48],[-123,-4],[-51,53],[-53,31],[-31,90],[39,141],[36,43],[74,38],[88,-69],[64,24],[36,90],[54,-10],[51,30],[31,-32],[10,-49],[61,5],[17,-39],[52,-38],[70,-20],[115,54],[43,-20],[83,-4],[80,24],[40,-4],[61,26],[50,54],[87,21],[91,-41],[44,19],[34,43],[78,11],[57,46],[64,-26]],[[3677,4352],[-27,25],[-75,24],[-43,36],[-39,-27],[-112,53],[7,44],[-176,102],[-1,38],[43,46],[57,-28],[46,6],[8,37],[-83,115],[4,85],[-14,44],[30,32],[86,-2],[9,42],[-24,30]],[[3373,5054],[46,10],[68,71],[62,13],[12,27],[97,30]],[[3658,5205],[19,-74],[65,-140],[73,-89],[84,-69],[86,-103],[67,-29],[35,-76]],[[2647,5168],[41,-59],[-20,-40],[52,-44],[61,21],[40,-20],[33,-111],[21,1],[93,-85],[50,65],[180,102],[83,26],[20,63]],[[3301,5087],[37,7],[35,-40]],[[3576,4036],[-74,10],[-41,-16],[-95,46],[-59,-8],[-81,-40],[-26,62],[-75,73],[-112,28],[-86,121],[-60,56],[-40,16],[-50,119],[-115,95],[-45,-3],[-39,65],[-46,107],[-60,49],[-44,18]],[[3301,5087],[28,23],[-13,56],[-43,2],[-45,48],[-71,38],[-6,81],[-29,32],[7,53],[-52,123],[-31,35],[-40,-3],[-47,58],[-65,9],[-12,39],[-77,25]],[[2909,5948],[36,-22]],[[3080,5957],[97,-53],[154,-136],[110,-65],[35,1],[37,-57],[116,-309],[29,-133]],[[1065,7457],[-2,-65],[-66,-69],[-14,-83],[58,-106],[18,-88],[58,-81],[-100,-39],[-44,8],[-23,-46],[37,-114],[36,-66],[64,-10],[38,21],[103,-125],[49,-48],[25,-91]],[[544,6040],[-32,62],[-122,-40],[-168,83],[-25,-2],[-65,95],[26,44],[-40,47],[47,81],[4,35],[55,21],[-59,115],[-43,-2],[-59,50],[-3,58],[-30,12],[-30,52],[67,38],[54,-19],[57,56],[52,5],[15,75],[34,53],[-42,47]],[[237,7006],[75,12],[80,29],[81,46],[101,-19],[66,28],[19,32],[-21,77],[-14,127]],[[624,7338],[65,39],[20,61],[46,32],[9,48],[-28,41],[105,81],[17,45],[65,-14],[-9,-114],[87,-90],[64,-10]],[[237,7006],[-47,32],[-16,95],[-77,50],[2,76],[85,30],[26,39],[50,-35],[83,27],[37,-4],[90,54],[83,-42],[71,10]],[[1065,7457],[53,-30],[-34,-58],[52,-25],[34,-79],[32,-10],[29,42],[-39,64],[44,103],[77,79],[25,79],[-14,83],[43,28],[53,-6],[3,-68],[35,-62],[80,-11],[113,56],[32,-11],[40,-96],[58,30],[-34,47],[21,59],[-54,23],[3,56],[33,58],[47,13],[52,-54],[79,-2]]],"objects":{"ITA.geo":{"type":"GeometryCollection","geometries":[{"arcs":[[0,1]],"type":"Polygon","properties":{"name":"Friuli-Venezia Giulia","postal":null},"id":"ITA"},{"arcs":[[2,3,4]],"type":"Polygon",