{"type":"Topology","transform":{"scale":[0.0019213121859310413,0.0016991586102336142],"translate":[123.00328234196519,24.214229259740772]},"arcs":[[[5270,6388],[71,-10]],[[5341,6378],[23,-103],[27,-49],[17,-109],[25,-79]],[[5433,6038],[-53,-74],[-48,46],[-46,-78],[-51,23],[-117,-13],[-94,-65],[-50,11],[-34,84],[-95,-21],[-47,-51],[10,-29]],[[4808,5871],[-50,22],[-39,78],[-10,58]],[[4709,6029],[54,152],[48,38],[136,4],[84,29],[-15,28],[122,114],[132,-6]],[[5929,6483],[0,-45],[-67,-88],[-4,-108],[25,-65]],[[5883,6177],[-31,5],[-36,-62],[-101,-50],[-25,-45],[-59,6],[-63,38],[-55,-26],[-80,-5]],[[5341,6378],[123,73],[40,82],[81,-11],[41,-32],[71,49],[95,-49],[23,-47],[114,40]],[[5336,6663],[-8,-42],[41,-24],[-10,-83],[-71,-45],[-18,-81]],[[4709,6029],[-58,-92],[-87,7],[-2,60],[-45,12],[11,79],[-14,59]],[[4514,6154],[95,25],[8,27],[99,87],[131,92],[48,65],[133,92],[-15,65],[105,39],[70,6],[69,48],[79,-37]],[[5401,7059],[-32,-29],[-68,34],[11,47],[44,27],[45,-79]],[[5336,6663],[5,-23],[79,-24],[84,46],[80,-19],[158,10],[105,17],[66,31]],[[5913,6701],[28,-33],[47,-131],[-8,-45],[-51,-9]],[[4808,5871],[-21,-48],[6,-70],[-40,-30],[13,-48],[-100,38],[-118,79],[-81,-17],[-105,4],[-32,-47],[-75,-14],[-39,59],[-35,11],[-55,-61],[-10,63],[-26,29],[33,48],[-28,56],[44,73],[123,13],[22,-25],[94,25],[21,56],[34,19],[41,64],[40,6]],[[3661,5439],[124,5],[134,-75],[-74,-55],[-21,-60]],[[3824,5254],[-57,27],[-56,-50],[37,-94]],[[3748,5137],[-76,18],[-70,56],[-9,48],[-41,15],[-37,61],[31,30]],[[3546,5365],[27,39],[-42,34],[34,46],[57,-12],[39,-33]],[[4267,5531],[-41,-72],[-97,-7],[-51,-78],[-2,-155]],[[4076,5219],[-55,31],[-78,-21],[-42,-58],[-35,-11]],[[3866,5160],[-5,62],[-37,32]],[[3661,5439],[29,69],[72,27],[33,-24],[50,16],[-2,43],[42,39],[2,42],[40,38],[71,31],[75,4],[45,-29],[32,39],[23,-135],[43,-61],[51,-7]],[[3740,4889],[9,-103],[-38,-48],[-60,17],[-23,36],[31,98],[81,0]],[[4331,5066],[-43,-17],[-102,-135],[-24,-55],[46,-92],[-43,-88],[-36,-30],[-116,-14]],[[4013,4635],[-65,43],[-85,-29],[-42,28]],[[3821,4677],[69,110],[44,47],[4,75],[38,55],[-41,26],[15,72],[-79,64],[-5,34]],[[4076,5219],[61,-29],[29,22],[-16,53],[78,-10],[43,-66],[28,-97],[32,-26]],[[4616,5013],[-37,-30],[-62,-85],[-47,-137],[-76,-251],[15,-68],[-13,-65],[-34,-73],[-10,-64],[-51,-22],[-60,53]],[[4241,4271],[21,61],[-81,41],[-18,47],[-63,45],[-3,51],[-37,28],[-47,91]],[[4331,5066],[79,-4],[26,-43],[81,13],[34,35],[65,-54]],[[5511,5773],[36,-15]],[[5547,5758],[-7,-84]],[[5540,5674],[-94,-21],[-103,-9],[-47,-19],[-58,-90],[-16,-63],[-46,-36],[-66,0],[-3,-37],[36,-42],[-52,-39],[-58,-76],[-15,-125]],[[5018,5117],[-89,15],[-11,70],[44,112],[-60,36],[-21,94],[63,94],[90,54],[20,111],[29,54],[77,42],[60,-9],[49,-70],[101,34],[110,-12],[31,31]],[[5954,5882],[-11,-28],[-106,0],[-132,-52],[-71,12],[-87,-56]],[[5511,5773],[57,123],[127,85],[71,-17],[38,22],[54,-54],[96,-50]],[[5918,6061],[-16,-43],[-73,42],[78,25],[11,-24]],[[5878,5483],[-28,-41],[-27,-125],[-139,144],[-95,26],[-70,-13],[-73,-36],[-27,-36],[-84,-39],[0,-63],[-81,-101],[-42,-14],[-8,-92],[-45,-52],[-54,-23],[-98,35],[11,64]],[[5540,5674],[142,-40],[65,-9],[8,-54],[52,-14],[16,-61],[55,-13]],[[4267,5531],[113,-18],[53,56],[76,-5],[37,-63],[-21,-92],[-103,-37],[6,-40],[104,-2],[58,-16],[-7,-68],[63,-35],[-14,-50],[42,-55],[-58,-93]],[[5954,5882],[79,14],[16,-19],[-16,-90],[56,-83],[15,-48],[-170,-100],[-56,-73]],[[7570,6507],[15,-48],[119,4]],[[7704,6463],[-18,-68],[-39,-36],[-45,-88],[-63,-35],[-11,-82]],[[7528,6154],[-170,-47],[-64,-7],[158,103],[-52,37],[-26,-19],[-79,0],[-100,51],[-2,49],[-37,43]],[[7156,6364],[-40,65]],[[7116,6429],[3,58],[37,60],[105,27],[65,-61],[63,-24],[48,16],[68,-30],[65,32]],[[7580,7158],[30,-37],[-45,-115],[21,-52],[-60,-82],[-45,-13],[-27,-40],[63,-40],[43,-114],[29,-25],[12,-61],[-31,-72]],[[7116,6429],[-83,55],[-61,-17]],[[6972,6467],[5,112],[-26,83],[-52,65]],[[6899,6727],[47,73],[55,-10],[158,19],[23,39],[-53,47],[11,86]],[[7140,6981],[49,100],[-21,28]],[[7168,7109],[77,24],[18,-36],[90,89],[70,15],[157,-43]],[[7308,7499],[-90,-32],[-49,-115],[3,-88],[-13,-69],[9,-86]],[[7140,6981],[-34,-8],[-65,45],[-114,20],[-44,67]],[[6883,7105],[105,85],[110,136],[63,123],[3,65],[-50,99],[40,123],[98,24],[92,52],[95,25],[29,-50],[-52,-10],[-11,-80],[-63,-5],[-50,-58],[-44,21],[-32,-65],[50,-35],[47,16],[-5,-72]],[[7156,6364],[-48,-25],[-10,-57],[-55,-73],[-8,-49],[48,-50],[159,-95],[-18,-63],[-152,-39],[-35,7],[-117,-71],[-29,-52],[16,-54],[-89,-48],[-56,-120]],[[6762,5575],[-74,68],[-2,21]],[[6686,5664],[56,48],[25,43],[43,9],[16,137],[-25,80],[74,64],[-79,45],[-13,91]],[[6783,6181],[-16,33]],[[6767,6214],[63,58],[59,-5],[64,25],[24,37],[18,102],[-23,36]],[[8160,7366],[-94,-28],[-50,-66],[-15,-61],[33,-40],[68,12],[29,-20],[-16,-62],[9,-140],[46,-43]],[[8170,6918],[8,-43]],[[8178,6875],[-130,-5],[-61,38],[-36,-58],[-34,-2],[-24,-89],[15,-42]],[[7908,6717],[-28,-40],[-8,-103],[-22,-29],[-146,-82]],[[7580,7158],[29,27],[50,98],[8,109]],[[7667,7392],[35,18],[26,61],[81,-15],[20,-45],[88,31],[109,84],[68,0],[14,-55],[45,-42],[7,-63]],[[8275,6572],[45,-4],[-8,-100],[63,-52]],[[8375,6416],[-4,-70],[28,-74],[-104,-124],[-54,-38],[-49,78],[31,231],[-55,10],[-74,-25],[-21,-68],[-83,-45],[-6,-45],[-67,-68],[-13,-65],[-74,31],[-81,8],[-51,-17],[-57,19],[-113,0]],[[7908,6717],[24,-90],[-7,-94],[64,-21],[16,-52],[66,5],[6,107],[18,21],[73,-39],[107,18]],[[7308,7499],[-21,-70],[79,-44],[92,0],[49,94],[98,31]],[[7605,7510],[41,-38],[21,-80]],[[9506,12292],[-45,15],[-26,49],[37,24],[70,-54],[-36,-34]],[[9897,12502],[19,-33],[86,-60],[167,-166],[47,-79],[182,-174],[217,-156],[147,-82],[53,-48],[113,19],[112,-13],[93,-95],[181,-21],[47,16],[107,99],[86,57],[72,82],[16,-57],[-58,-106],[-80,-110],[-17,-75],[63,-78],[51,-127],[16,-76],[76,-14],[25,-47],[-111,0],[-92,-31],[-58,-78],[-135,18],[-8,-55],[-127,5],[-91,41],[-145,-45],[-81,-49],[-129,-108],[-100,-120],[-52,-80],[-5,-100],[-50,-131],[-66,59],[-81,45],[-105,31],[-155,67],[-94,56],[-58,55],[-55,7],[-71,51],[-104,35],[-155,-31],[-176,-102],[-39,-45],[-147,147],[-108,10],[-75,-45],[-48,-92],[2,-53],[124,-87],[95,13],[136,-129],[108,-56],[-92,-63],[-190,60],[-20,-46],[-77,-33],[-28,-98],[-66,-18],[-34,-48],[-89,24],[-31,83],[21,67],[70,128],[-47,98],[-69,34],[-75,64],[-9,38],[41,92],[-3,93],[39,30],[71,10],[68,68],[40,-29],[60,78],[79,73],[-98,114],[11,67],[58,29],[176,-106],[92,20],[18,-32],[76,-20],[71,34],[62,70],[9,54],[-37,53],[12,48],[-28,79],[24,46],[65,24],[68,61],[16,77],[-8,123],[48,88],[23,101],[-5,99],[-32,112],[-70,123],[-1,51],[27,91],[97,10],[71,51],[31,-31]],[[6899,6727],[-47,18],[-11,-55],[-34,-39],[-84,-15],[-23,-64],[-69,-25]],[[6631,6547],[-107,15],[-45,44],[15,61]],[[6494,6667],[16,-26],[111,-4],[134,89],[-14,50],[76,28],[-55,65],[-20,51],[107,165],[34,20]],[[6201,5959],[21,-41],[-119,-46],[-38,57],[34,25],[41,69],[95,91],[0,-58],[-42,-50],[8,-47]],[[6174,6735],[1,-51],[45,-44],[47,3],[-6,-74],[-53,2],[-5,-41],[82,-45],[42,4],[21,-41],[68,-22],[37,-33],[-19,-47]],[[6434,6346],[39,-55],[4,-103],[-17,-21]],[[6460,6167],[-67,7],[-38,-30],[-88,-17],[-43,11],[-138,78],[-105,-7],[-98,-32]],[[5913,6701],[89,43],[172,-9]],[[6631,6547],[44,-44],[-7,-152],[23,-74],[76,-63]],[[6783,6181],[-105,-11],[-66,36]],[[6612,6206],[-31,82],[-57,7],[-48,44],[-42,7]],[[6174,6735],[32,-10],[82,58],[75,20],[40,-49],[-61,-74],[77,-17],[75,4]],[[6686,5664],[-16,20],[-115,10],[8,39],[-32,75],[56,72],[-6,97]],[[6581,5977],[10,72],[-23,30],[44,127]],[[6581,5977],[-239,-56],[-54,14]],[[6288,5935],[65,26],[86,83],[21,44],[0,79]],[[6762,5575],[-57,-93],[-63,-28],[-66,8],[-100,33],[-62,71],[34,25],[-101,59],[-23,36],[-45,6],[14,107],[49,40],[-54,96]],[[9294,6780],[-103,-27],[-92,-72],[-52,-109],[5,-108],[-82,-50],[-54,6],[-74,-60],[-34,-67],[-44,-5],[-32,33],[45,35],[-34,178],[52,63],[55,29],[37,76],[-66,42],[-46,-24]],[[8775,6720],[0,85]],[[8775,6805],[7,43],[-65,135]],[[8717,6983],[28,-1],[86,-97],[104,-41],[78,4],[37,21],[92,-1],[65,-30],[55,-53],[32,-5]],[[9262,7435],[-29,-47],[-26,-87],