{"type":"Topology","transform":{"scale":[0.006515501715761608,0.003878922784879223],"translate":[46.478278848889715,40.58465566013058]},"arcs":[[[1927,1317],[3,-95]],[[1930,1222],[-48,38],[44,80]],[[1926,1340],[1,-23]],[[2685,1951],[35,-71],[-15,-18],[-193,-161]],[[2512,1701],[-61,17],[-20,51],[-41,32],[-29,53],[-82,-11],[-87,-163],[-34,3],[-19,-49],[-37,-10],[-78,-78],[-85,-133],[-5,-28]],[[1934,1385],[-51,-19],[-33,-84],[-280,-102]],[[1570,1180],[-26,204],[-10,34]],[[1534,1418],[-31,96],[-119,52],[-32,34],[-44,93],[11,128],[-15,94],[-16,20],[-12,87],[1,81],[-34,19],[-20,-41],[-57,16],[-4,74],[-58,46]],[[1104,2217],[28,97],[50,13],[42,53],[15,55],[-25,85],[24,44]],[[1238,2564],[20,18],[-5,110],[102,-93],[48,-30],[73,51],[8,38],[44,21],[113,30],[38,-60],[49,20],[5,47],[127,-25],[10,-60],[40,-29],[79,-12],[13,-40],[39,15],[29,76],[52,-37],[64,-8],[100,33],[22,97],[20,27]],[[2328,2753],[43,-6],[16,-45],[53,-56],[25,-106],[54,-106],[3,-33],[-46,-11],[-48,-106],[28,-56],[-5,-46],[33,-44],[56,-4],[0,-44],[97,-57],[48,-82]],[[3011,3623],[42,-138],[-54,-28],[32,-64],[-17,-43],[26,-26],[6,-57],[-25,-46],[-17,-174]],[[3004,3047],[-2,-58],[-27,-73],[-67,-52],[34,-35],[-22,-77],[32,-74],[2,-46],[52,27],[64,-60],[54,-20],[45,8],[32,-74],[117,45]],[[3318,2558],[27,-25],[-25,-37],[-54,-20],[0,-41],[-36,-50],[-209,-215],[-98,-44],[-69,12],[-51,-10],[-30,-87],[-51,-26],[-37,-64]],[[2328,2753],[-26,42],[-68,14],[-15,34],[-65,1],[-9,49],[-38,48],[46,41],[26,-2],[56,49],[-51,77],[74,98],[118,-20],[14,49],[-130,39],[12,69],[-42,24],[30,47],[-2,51],[90,-5],[201,23],[96,42],[133,35],[97,-11],[1,48],[40,27],[95,1]],[[1927,1317],[57,-37],[6,-106],[-60,48]],[[2512,1701],[56,-57],[93,-29],[184,-85],[83,-59],[219,-60],[45,-26]],[[3192,1385],[24,-67],[-22,-114],[47,-47],[2,-196],[39,-26],[52,-61],[-56,-142],[14,-68],[-76,-45],[-107,-97],[-36,-8],[-49,-58],[-26,5]],[[2998,461],[14,159],[-47,-29],[-43,108],[-37,31],[-49,73],[-15,3],[-66,-42],[-188,21],[-180,-38],[-133,177],[-20,55],[-150,120],[4,133],[-10,54],[-44,26],[17,63],[89,-20],[59,75],[62,28],[12,34],[-64,33],[-15,43],[-32,-25],[-53,33],[-33,-31],[20,-52],[33,12],[68,-71],[-21,-20],[-96,16],[-33,-17],[-28,-73],[-62,-9],[17,51],[-40,3]],[[2525,1458],[-20,-57],[4,-42],[43,-62],[52,-12],[34,12],[42,62],[4,42],[-20,57],[-51,37],[-36,0],[-52,-37]],[[1534,1418],[-98,39],[-55,63],[-36,-35],[-52,-3],[-146,-37],[-64,-94],[-76,-22],[-27,7]],[[980,1336],[34,65],[11,83],[-22,49],[30,32],[-44,78],[-47,-2],[-77,-35],[-138,79],[-55,-21],[-15,-32],[-91,-43],[-62,-53],[-45,5],[-39,-47],[-28,6],[-85,66],[81,28],[-48,86],[-28,82],[-72,90],[-141,10],[-11,43],[9,69]],[[97,1974],[276,-47],[80,-31],[4,19],[70,7],[191,152],[92,0],[9,-32],[109,-26],[59,150],[64,-3],[53,54]],[[97,1974],[-97,43],[42,131],[28,23],[15,50],[-39,34],[19,126],[65,65],[-5,52],[41,46],[82,-96],[22,-55],[28,-14],[71,56],[-28,79],[-3,55],[71,60],[35,11],[10,74],[53,-2],[38,36],[46,15],[39,86],[53,11],[68,-13],[-11,-40],[53,-6],[38,59],[68,22],[26,-74],[67,-6],[38,15],[65,-32],[9,-43],[41,-9],[32,-50],[52,-40],[-16,-56],[25,-23]],[[4219,3089],[9,-25],[4,-145],[-33,-73],[67,-22],[-65,-33],[-21,-40]],[[4180,2751],[-68,-8],[28,-56],[-104,-70],[-35,-15],[-7,-38],[-35,-30],[-59,13],[8,48],[-28,23],[-124,-84],[-43,-46],[-8,-42],[-50,-22],[-7,60],[-76,-8],[-38,37],[-53,-56],[-52,19],[27,132],[-33,14],[-105,-64]],[[3004,3047],[40,-28],[128,-22],[47,7],[2,38],[72,-26],[45,32],[95,103],[12,79],[-53,74],[65,63],[62,-18],[66,29],[43,-84],[54,-26],[31,35],[60,4],[39,-32],[45,23],[33,-47],[-14,-47],[29,-26],[49,-1],[31,22],[70,0],[10,-60],[154,-50]],[[4180,2751],[49,-20],[9,-36],[-18,-102],[16,-17],[62,10],[72,-48],[33,-52],[75,-20],[143,38],[61,87],[98,-45],[17,-67]],[[4797,2479],[-43,-55],[-41,-29],[-3,-59],[-61,-40],[-21,-36],[64,-77],[-25,-18],[13,-46],[60,3],[-2,-52],[-61,-68],[31,-19],[18,-66],[-31,-102],[14,-51],[-27,-9],[-8,-44],[19,-24],[81,12]],[[4774,1699],[3,-129],[-68,-33],[-22,26],[-64,7],[-183,1],[-99,-72],[-89,-114]],[[4252,1385],[-769,-5]],[[3483,1380],[-291,5]],[[4140,3316],[49,-66],[-30,-57],[70,-30],[-10,-74]],[[3011,3623],[54,19],[192,40],[23,25],[49,-2],[15,61],[52,1],[13,38],[151,-3],[80,-51],[72,45],[49,-63],[3,-75],[22,-47],[7,-71],[44,-53],[44,35],[46,-6],[13,37],[78,-83],[48,15],[14,-32],[96,-27],[-54,-25],[-16,-53],[34,-32]],[[5038,2862],[-84,-100],[-99,-54],[28,-54],[61,-46],[20,-90],[-54,-84],[-113,45]],[[4140,3316],[74,49],[43,-10],[62,21],[29,41],[34,-8],[94,75],[179,80],[5,-29],[-48,-86],[167,-134],[39,-44],[93,-164],[127,-245]],[[5497,1281],[-24,35],[-34,96],[-48,85],[-67,38],[-59,14],[-117,74],[-81,-5],[-28,44],[-77,10],[-82,61],[-65,-33],[-41,-1]],[[5038,2862],[96,-208],[29,-17],[53,46],[-8,45],[42,35],[73,-33],[-16,-59],[53,4],[9,-60],[44,15],[112,-19],[44,50],[53,22],[50,0],[62,-35],[40,-59],[25,-96],[111,-48],[-5,-42],[48,-84],[18,9],[84,-32],[85,48],[51,-59],[46,-82],[-43,-9],[-19,-41],[5,-60],[-30,-48],[-55,-25],[-62,-3],[-30,-69],[-12,-57],[24,-138],[-1,-46],[-25,-40],[-39,-1],[-50,-51],[-39,35],[-117,-3],[-116,61],[-20,-4],[-5,-65],[-22,-54],[-42,-138],[-19,-96],[-23,-70]],[[5497,1281],[49,-31],[-11,-80],[-38,27],[-52,-22],[-33,51],[-136,-55],[-122,-28],[-31,-30],[21,-28],[35,7],[24,-38],[-6,-142],[58,-171],[11,-85],[-65,-26],[17,-42],[-38,-19],[-14,-44],[20,-99],[-15,-7],[-39,55],[-67,8],[-69,78],[-82,31],[-71,-6],[-165,35],[-84,-27],[-92,13]],[[4502,606],[-68,58],[-11,36],[20,44],[-62,24],[38,81],[9,52],[-27,36],[-61,24],[-22,26],[-11,62],[-59,66],[-10,39],[-29,4],[-8,47],[37,3],[-9,69],[4,62],[19,46]],[[1570,1180],[-112,-43],[0,-296],[0,-296],[0,-355],[-72,-16],[-43,55],[-75,148],[-84,70],[-22,7],[-98,-23],[-67,-34],[-82,-97],[7,50],[-13,39],[29,60],[24,85],[-42,44],[-47,15],[-36,-13],[-43,92],[-59,-1],[8,66],[-31,56],[-64,156],[-71,27],[9,71],[92,-6],[38,-36],[27,29],[-50,90],[39,40],[23,60],[61,19],[19,-9],[99,8],[27,32],[19,62]],[[3483,1380],[53,-141],[44,-188],[16,-126],[-41,-165],[-17,-31],[22,-38],[66,-28],[24,-45],[1,-57],[96,-109]],[[3747,452],[-43,-80],[-46,2],[-27,-48],[-40,-38],[-39,-9],[-89,-74],[0,-41],[-72,-79],[-17,-85],[-71,62],[17,28],[-27,69],[-171,-15],[-20,15],[-29,204],[-76,3],[1,95]],[[4502,606],[-29,-34],[-68,12],[-71,39],[-70,55],[-106,-47],[-24,-114],[-73,-14],[-33,30],[-135,47],[-40,-19],[-27,9],[-62,-60],[-17,-58]]],"objects":{"KAZ.geo":{"type":"GeometryCollection","geometries":[{"arcs":[[[0,1,2]],[[3,4,5,6,7,8,9,10]]],"type":"MultiPolygon","properties":{"name":"Aqtöbe","postal":"AT"},"id":"KAZ"},{"arcs":[[11,12,13,-11,14]],"type":"Polygon","properties":{"name":"Qostanay","postal":"QS"},"id":"KAZ"},{"arcs":[[[-1,15]],[[16,17,18,-5],[19]]],"type":"MultiPolygon","properties":{"name":"Qyzylorda","postal":"QO"},"id":"KAZ"},{"arcs":[[20,21,22,-8]],"type":"Polygon","properties":{"name":"Atyrau","postal":"AR"},"id":"KAZ"},{"arcs":[[-9,-23,23]],"type":"Polygon","properties":{"name":"West Kazakhstan","postal":"WK"},"id":"KAZ"},{"arcs":[[24,25,-13,26]],"type":"Polygon","properties":{"name":"Aqmola","postal":"AM"},"id":"KAZ"},{"arcs":[[27,28,29,30,31,-17,-4,-14,-26]],"type":"Polygon","properties":{"name":"Qaraghandy","postal":"QG"},"id":"KAZ"},{"arcs":[[32,-27,-12,33]],"type":"Polygon","properties":{"name":"North Kazakhstan","postal":"NK"},"id":"KAZ"},{"arcs":[[34,-28,-25,-33,35]],"type":"Polygon","properties":{"name":"Pavlodar","postal":"PA"},"id":"KAZ"},{"arcs":[[36,-29,-35,37]],"type":"Polygon","properties":{"name":"East Kazakhstan","postal":"EK"},"id":"KAZ"},{"arcs":[[38,39,-30,-37]],"type":"Polygon","properties":{"name":"Almaty","postal":"AA"},"id":"KAZ"},{"arcs":[[-7,40,-21]],"type":"Polygon","properties":{"name":"Mangghystau","postal":"MG"},"id":"KAZ"},{"arcs":[[41,42,-18,-32]],"type":"Polygon","properties":{"name":"South Kazakhstan","postal":"SK"},"id":"KAZ"},{"arcs":[[43,-42,-31,-40]],"type":"Polygon","properties":{"name":"Zhambyl","postal":"ZM"},"id":"KAZ"}]}}}