{"type":"Topology","transform":{"scale":[0.00274359598315229,0.0030270907349459987],"translate":[33.96151396595838,-4.677504164485583]},"arcs":[[[1744,1524],[68,-10],[45,19],[32,-30],[59,-2],[45,-18],[60,-52],[14,-47],[65,-67],[28,-107],[43,-80],[10,-74],[29,-48],[-1,-63],[21,-75],[20,-4],[284,114],[195,11]],[[2761,991],[-51,-61],[-42,-35],[-30,8],[-62,-33],[-45,-12],[7,-45],[-32,-10],[-3,-42],[-77,-59],[-34,9],[-49,-11],[-53,-33],[-25,-35],[-5,-56],[10,-31],[-26,-51],[4,-23],[-60,-49],[-42,-74],[7,-23],[-30,-74],[-42,-56],[-44,-104],[-68,-77],[-36,9],[-27,-23],[-218,142],[-299,196],[-15,33],[-48,14],[-3,36],[40,29],[-8,41]],[[1355,491],[57,13],[6,47],[24,76]],[[1442,627],[79,30],[46,-28],[33,-49],[34,-21],[34,7],[43,-21],[49,-5],[92,8],[-150,201],[60,25],[67,121],[-7,68],[15,25],[-2,179],[-46,93],[-165,259],[47,18],[73,-13]],[[1139,1552],[84,-59],[41,-89],[17,-54],[2,-51],[-87,-41],[44,-56],[-56,-13],[-29,-52]],[[1155,1137],[-80,22],[-35,-1],[-51,-42]],[[989,1116],[-61,16],[28,84],[-24,72],[-4,54],[-39,10],[-7,60],[-46,5],[-18,36],[7,66],[41,45],[53,18],[43,-34],[-21,-36],[46,-16],[68,2],[-5,-30],[24,-22],[42,23],[-6,36],[29,47]],[[1155,1137],[-22,-21],[-35,3],[-38,-41]],[[1060,1078],[-45,16],[-26,22]],[[291,1543],[24,-11],[105,7],[39,-8],[38,-48],[-11,-20],[-62,39],[-29,-31],[-16,-41],[10,-28],[16,-115],[-35,-37],[-147,-38],[39,-74],[14,-59]],[[276,1079],[-235,119],[37,68],[-50,38],[7,57],[34,9],[14,36],[85,-34],[29,16],[-19,43],[41,9],[42,-9],[59,12],[-38,74],[-84,-32],[-53,1],[11,-29],[-28,-35],[-46,61],[-24,1],[1,42],[-47,16]],[[12,1542],[35,72],[48,30],[54,1],[49,-100],[93,-2]],[[1945,2699],[11,-97],[-2,-52],[-77,-46],[-51,-108],[-33,-25],[23,-94],[0,-27],[45,-74],[54,-67],[46,-24],[40,-35],[-63,-28],[61,-147],[-50,-24],[-55,-71],[-121,-41],[-48,-46],[19,-77],[0,-92]],[[1442,627],[-8,25],[-108,113],[33,63],[-35,5],[-151,82],[-8,42],[-59,65],[-20,46],[-26,10]],[[1139,1552],[61,25],[38,36],[13,48],[-23,59],[-165,19],[20,57],[65,11],[67,-20],[30,-45],[69,-6],[44,30],[53,11],[60,32],[22,-1],[-8,113],[-34,45],[-4,44],[-29,30],[-101,-26],[-35,57],[-34,34],[-52,78],[-37,28],[-64,2],[-27,67],[-24,22],[-29,76],[-40,-37],[-38,5],[-5,42],[-27,26],[-23,72],[-45,31],[-50,22],[10,68],[-37,18],[-1,388]],[[759,3013],[210,0],[82,-4],[62,-20],[35,-29],[316,-184],[45,-37],[105,-5],[39,8],[60,-9],[85,-27],[63,4],[41,-16],[43,5]],[[1355,491],[-12,48],[-187,94],[-313,159],[-313,158],[-254,129]],[[291,1543],[56,65],[5,60],[-30,66],[40,16],[47,4],[32,29],[-21,46],[-23,8],[-93,-19],[-83,92]],[[221,1910],[42,35],[42,7],[-7,52],[73,95],[-4,141],[-37,81],[21,42],[-38,41],[-33,84],[-33,2],[-24,28],[-10,50],[-41,28],[-19,94],[19,20],[2,47],[-37,22],[-21,-8],[-80,98],[3,27],[-33,43],[147,132],[104,48],[211,72],[60,16],[-5,-34],[64,-8],[-18,-40],[32,-54],[33,-10],[80,10],[7,-37],[38,-21]],[[12,1542],[-12,22],[12,62],[34,41],[23,78],[37,16],[20,38],[45,41],[17,57],[33,13]],[[1945,2699],[87,-29],[23,41],[53,43],[38,69],[194,84],[116,40],[23,14],[46,-43],[43,-23],[39,-41],[37,-8],[78,4],[99,16],[49,-16],[18,9],[-198,-256],[-137,-128],[1,-200],[0,-400],[0,-331],[4,-286],[198,-232],[5,-35]]],"objects":{"KEN.geo":{"type":"GeometryCollection","geometries":[{"arcs":[[0,1,2,3]],"type":"Polygon","properties":{"name":"Coast","postal":"CO"},"id":"KEN"},{"arcs":[[4,5,6]],"type":"Polygon","properties":{"name":"Central","postal":"CE"},"id":"KEN"},{"arcs":[[7,8,-6]],"type":"Polygon","properties":{"name":"Nairobi","postal":"NA"},"id":"KEN"},{"arcs":[[9,10,11]],"type":"Polygon","properties":{"name":"Nyanza","postal":"NY"},"id":"KEN"},{"arcs":[[12,-4,13,-8,-5,14,15]],"type":"Polygon","properties":{"name":"Eastern","postal":"NA"},"id":"KEN"},{"arcs":[[-15,-7,-9,-14,-3,16,-10,17,18]],"type":"Polygon","properties":{"name":"Rift Valley","postal":"RV"},"id":"KEN"},{"arcs":[[-12,19,-18]],"type":"Polygon","properties":{"name":"Western","postal":"WE"},"id":"KEN"},{"arcs":[[-1,-13,20]],"type":"Polygon","properties":{"name":"North-Eastern","postal":"NE"},"id":"KEN"}]}}}