{"type":"Topology","transform":{"scale":[0.0035183927949779064,0.0016196885385480603],"translate":[69.22629602044498,39.24096243257082]},"arcs":[[[1539,2202],[-36,31],[30,48],[6,-79]],[[2270,2265],[-25,-63],[-80,-3],[-11,-23],[-100,-17],[-86,-83],[-85,-7],[-61,-82]],[[1822,1987],[-61,-15],[-117,9],[-54,-16],[15,-59],[-71,-49],[-78,-5],[5,-85],[-27,-105],[-33,-16],[-57,40],[-44,-9]],[[1300,1677],[-119,38],[-8,27],[-69,47]],[[1104,1789],[-8,61],[34,27],[94,5],[43,71],[-51,11]],[[1216,1964],[-27,104],[27,126],[-4,51],[41,114],[115,74],[62,21],[85,-62],[45,-71],[42,-15],[90,-78],[133,-27],[35,74],[138,-3],[50,-19],[79,14],[70,47],[73,-49]],[[2559,1193],[-32,46],[-65,-30],[-69,19],[-14,53],[-60,-30],[5,78],[-28,27],[11,117],[-37,-26],[-157,13],[21,86],[-23,29],[-27,94],[-113,56],[-51,110],[-8,100],[-49,-15],[-41,67]],[[2270,2265],[54,6],[143,-17],[35,-23],[133,13],[54,-44],[98,-30],[33,22],[27,-100],[66,-108],[63,3],[63,-22],[83,-144],[13,-66],[-21,-39],[-97,-11],[-27,-76],[-38,-7],[-57,-55],[-31,5],[-93,-90],[-86,-64],[-15,-37],[-74,-62],[0,-55],[-37,-71]],[[2559,1193],[-44,-83],[-59,16],[-57,-39],[-54,-12],[-41,24],[-61,-6],[-31,20],[-42,-19],[-26,-90],[-39,-85],[-2,-63],[-50,-131],[-34,-42],[-24,58],[-110,-89],[-55,5],[1,90],[-23,99],[-30,2],[-82,-107],[-44,0],[-59,41]],[[1593,782],[-65,25],[-12,49],[-39,24],[-108,189]],[[1369,1069],[46,142],[55,7],[-12,55],[80,46],[33,145],[-99,-41],[-94,12],[-32,177],[-67,22],[21,43]],[[792,630],[49,22],[23,-88],[5,-122],[56,-59],[13,-75],[-82,-63],[-43,-3],[-106,65],[-46,-43],[-12,-52]],[[649,212],[-40,5],[-34,-48],[-53,-12],[-15,-54],[-60,-14],[-29,21],[-21,89],[-46,22],[-73,-46],[-53,27],[-53,-20],[-46,26],[-49,-28],[-60,5],[2,73],[-19,57],[25,146],[42,23],[32,49],[112,66],[51,-46],[136,-88],[4,56],[92,65],[25,52],[89,12],[87,-90],[47,62],[50,8]],[[552,495],[-61,23],[46,-127],[30,35],[-15,69]],[[1369,1069],[-73,44],[-51,-8],[-44,35],[-55,-63],[1,-50],[-36,-43]],[[1111,984],[-37,22],[-109,6],[-41,81],[-83,18],[-4,79],[-85,16],[-3,73],[-50,137],[-29,-130],[-49,7],[3,-107],[-41,-30],[-144,77],[-3,83],[-36,59],[-44,-39],[-38,55],[-40,7],[-10,45],[81,83],[27,69],[78,69],[6,58],[38,9],[77,95]],[[575,1826],[107,3],[124,-81],[29,6],[20,64],[112,-21],[50,-53],[87,45]],[[575,1826],[-49,51],[-62,6],[23,60],[18,108],[35,17],[9,60],[70,66],[51,-22],[75,46],[73,-51],[53,6],[53,-48],[71,-19],[32,-59],[78,-3],[58,-36],[2,-40],[51,-4]],[[1593,782],[-36,-109],[-95,-139],[-48,2],[-56,-30],[-51,-157],[29,-132],[-30,-77],[-129,-15],[-12,-32],[-54,-24],[-85,2],[-53,23],[-95,-40],[-32,-54],[-31,21],[-13,58],[-58,-52],[-32,0],[3,101],[-65,7],[-1,77]],[[792,630],[-16,34],[64,87],[60,-42],[9,29],[-22,92],[68,-47],[46,41],[10,58],[95,70],[5,32]]],"objects":{"KGZ.geo":{"type":"GeometryCollection","geometries":[{"arcs":[[0]],"type":"Polygon","properties":{"name":"Bishkek","postal":"GB"},"id":"KGZ"},{"arcs":[[1,2,3,4,5],[-1]],"type":"Polygon","properties":{"name":"Chuy","postal":null},"id":"KGZ"},{"arcs":[[6,-2,7]],"type":"Polygon","properties":{"name":"Ysyk-Köl","postal":"YK"},"id":"KGZ"},{"arcs":[[8,9,10,-3,-7]],"type":"Polygon","properties":{"name":"Naryn","postal":"NA"},"id":"KGZ"},{"arcs":[[11,12],[13]],"type":"Polygon","properties":{"name":"Batken","postal":"BA"},"id":"KGZ"},{"arcs":[[-4,-11,14,15,16]],"type":"Polygon","properties":{"name":"Jalal-Abad","postal":"DA"},"id":"KGZ"},{"arcs":[[-5,-17,17]],"type":"Polygon","properties":{"name":"Talas","postal":"TL"},"id":"KGZ"},{"arcs":[[-10,18,-12,19,-15]],"type":"Polygon","properties":{"name":"Osh","postal":"OS"},"id":"KGZ"}]}}}