{"type":"Topology","transform":{"scale":[0.0018612612229023967,0.0018736989982955378],"translate":[102.32825704891516,10.427783483701171]},"arcs":[[[594,1846],[-16,-127],[1,-118]],[[579,1601],[-83,-3],[-49,20],[-105,-27],[-83,14],[-51,-10],[-40,24],[-167,12]],[[1,1631],[1,43],[97,1],[33,68],[67,36],[40,93],[52,45],[26,89],[53,28]],[[370,2034],[93,-63],[-3,-33],[43,-31],[42,1],[49,-62]],[[579,1601],[142,-53],[75,-98]],[[796,1450],[-65,-57],[8,-36],[-41,-58],[8,-98],[-21,-44],[-53,-20],[-89,16],[-101,-37],[-104,-22],[-82,-37],[-22,9]],[[234,1066],[-94,99],[-50,23]],[[90,1188],[88,22],[53,61],[-10,125],[-23,31],[-47,-3],[-12,-41],[-52,-13]],[[87,1370],[-58,76],[-29,74],[1,111]],[[825,790],[-38,-5],[-9,-55],[18,-76],[67,-48],[64,-14],[34,-93],[-13,-46],[28,-62]],[[976,391],[-43,-47],[-66,-45]],[[867,299],[-83,-50],[-53,-81]],[[731,168],[18,81],[-34,72],[-68,71],[-31,-15],[-32,-128],[-74,20],[-52,-36],[-46,37],[10,121],[-19,60],[19,104],[-45,40],[-22,70],[-78,103],[-42,95]],[[235,863],[126,-8],[69,-27],[89,27],[63,57],[89,-20],[51,-48],[103,-54]],[[1001,1239],[115,-106]],[[1116,1133],[-4,-63],[-29,-46],[-82,-57],[4,-70]],[[1005,897],[-47,-15],[-63,-72],[-27,20],[-43,-40]],[[235,863],[-39,71],[12,88],[26,44]],[[796,1450],[186,-185],[19,-26]],[[1144,2097],[-10,-51],[32,-35],[-26,-33],[-32,-118],[21,-111],[-4,-54],[107,-23],[-31,-148]],[[1201,1524],[-41,-30],[-11,-80],[-45,-85],[-59,-35],[-44,-55]],[[594,1846],[136,58],[68,69],[140,64],[-16,60]],[[922,2097],[109,23],[113,-23]],[[370,2034],[65,43],[172,29],[50,26],[172,-42],[93,7]],[[90,1188],[5,66],[-22,80],[14,36]],[[2185,821],[21,-42],[-19,-75],[-60,-39],[-71,39],[-75,13],[-44,-68],[-60,-1]],[[1877,648],[-66,55],[-135,17],[-64,49],[-94,-65]],[[1518,704],[-83,76],[-54,-42],[-43,43]],[[1338,781],[41,60],[-14,39],[10,85]],[[1375,965],[24,14],[101,-31],[43,7],[-34,82],[21,12],[102,-11],[18,59],[58,-14],[29,16],[103,11]],[[1840,1110],[15,-88],[-11,-41],[115,-33],[43,-59],[52,-24],[12,-50],[119,6]],[[1338,781],[-31,-37]],[[1307,744],[-46,-7],[-85,-39],[-71,28],[-35,30],[-65,141]],[[1116,1133],[53,-17],[53,41],[122,-34],[19,-64],[-7,-60],[19,-34]],[[1518,704],[-22,-81],[13,-27],[85,-63],[-17,-23],[14,-65],[-48,-113],[5,-85]],[[1548,247],[-92,17]],[[1456,264],[-15,35],[5,105],[-45,43],[0,34],[-103,14]],[[1298,495],[-50,48],[10,89],[49,112]],[[1402,558],[14,12],[-26,97],[-68,-42],[10,-88],[70,21]],[[1298,495],[-21,-20],[-17,-116],[-60,-7],[-67,18]],[[1133,370],[-94,-1],[-63,22]],[[1746,1517],[59,-212],[-4,-51],[39,-144]],[[1201,1524],[88,40],[85,-10],[-2,-79],[62,-41],[53,26],[50,49],[106,72],[86,42]],[[1729,1623],[17,-106]],[[1877,648],[-15,-32]],[[1862,616],[-50,-13],[-27,-80],[6,-81],[-28,-37],[4,-115]],[[1767,290],[-77,-16],[-34,12],[-45,-62],[-63,23]],[[1917,1866],[-98,-8],[-2,-24],[-80,3],[-20,-24],[30,-100],[-18,-90]],[[1144,2097],[74,28],[95,16],[108,-31],[2,-43],[38,-46],[58,62],[54,-79],[49,-41],[100,31],[45,-33],[68,-8],[23,-41],[59,-46]],[[2307,2151],[1,-86],[-19,-99],[22,-45],[15,-129],[-51,-92],[25,-148]],[[2300,1552],[-92,45],[-41,1]],[[2167,1598],[-75,-31],[-65,-11],[-44,-74],[-81,-47],[-82,51],[-74,31]],[[1917,1866],[82,-5],[51,84],[-71,82],[-23,57],[100,19],[43,62],[46,-21],[120,36],[42,-29]],[[2397,875],[-47,-52],[-165,-2]],[[2167,1598],[9,-102],[-16,-69],[43,-49],[100,-54],[2,-32],[-78,-46],[-41,-40],[-14,-88],[98,-59],[23,-52],[75,-28],[28,-37],[1,-67]],[[2300,1552],[95,-77],[35,-13],[104,2],[11,68],[74,9],[27,29],[63,-45],[55,25],[55,-21]],[[2819,1529],[-62,-145],[13,-72],[28,-46],[16,-103],[-5,-72],[-23,-68],[-52,-48],[-52,40],[-90,-28],[-94,-96],[-101,-16]],[[2307,2151],[46,-15],[46,-57],[82,0],[45,60],[26,-19],[71,50],[41,56],[69,-30],[22,-58],[-37,-6],[-36,-161],[12,-54],[48,-19],[6,-107],[83,-133],[7,-72],[-19,-57]],[[1133,370],[54,-51],[22,-73],[67,0],[19,-51],[-32,-43],[12,-100]],[[1275,52],[-79,-4],[-32,-48],[-38,12]],[[1126,12],[-20,56],[-63,-2]],[[1043,66],[-106,2],[-83,32]],[[854,100],[20,34],[-7,165]],[[1126,12],[-63,15],[-20,39]],[[854,100],[-92,-57],[-66,-4],[-63,72],[33,48],[65,9]],[[1862,616],[34,-25],[9,-57],[-17,-66],[31,-46],[140,-88],[-16,-45],[13,-99],[-45,7],[-76,44],[-27,-27],[-68,100],[-73,-24]],[[1456,264],[-13,-39],[28,-55],[-114,-115],[-82,-3]]],"objects":{"KHM.geo":{"type":"GeometryCollection","geometries":[{"arcs":[[0,1,2,3]],"type":"Polygon","properties":{"name":"Bântéay Méanchey","postal":"OM"},"id":"KHM"},{"arcs":[[4,5,6,7,8,-2]],"type":"Polygon","properties":{"name":"Batdâmbâng","postal":"BA"},"id":"KHM"},{"arcs":[[9,10,11,12,13]],"type":"Polygon","properties":{"name":"Kaôh Kong","postal":"KK"},"id":"KHM"},{"arcs":[[14,15,16,-14,17,-6,18]],"type":"Polygon","properties":{"name":"Pouthisat","postal":"PO"},"id":"KHM"},{"arcs":[[19,20,-19,-5,-1,21,22]],"type":"Polygon","properties":{"name":"Siemréab","postal":"SI"},"id":"KHM"},{"arcs":[[-22,-4,23]],"type":"Polygon","properties":{"name":"Otdar Mean Chey","postal":"OC"},"id":"KHM"},{"arcs":[[24,-8]],"type":"Polygon","properties":{"name":"Krong Pailin","postal":"PL"},"id":"KHM"},{"arcs":[[25,26,27,28,29,30]],"type":"Polygon","properties":{"name":"Kâmpóng Cham","postal":"KM"},"id":"KHM"},{"arcs":[[-29,31,32,-16,33]],"type":"Polygon","properties":{"name":"Kâmpóng Chhnang","postal":"KG"},"id":"KHM"},{"arcs":[[34,35,36,37,-32,-28],[38]],"type":"Polygon","properties":{"name":"Kândal","postal":"KN"},"id":"KHM"},{"arcs":[[-38,39,40,-10,-17,-33]],"type":"Polygon","properties":{"name":"Kâmpóng Spœ","postal":"KS"},"id":"KHM"},{"arcs":[[41,-30,-34,-15,-21,42,43]],"type":"Polygon","properties":{"name":"Kâmpóng Thum","postal":"KT"},"id":"KHM"},{"arcs":[[-39]],"type":"Polygon","properties":{"name":"Phnom Penh","postal":"PP"},"id":"KHM"},{"arcs":[[44,45,46,-35,-27]],"type":"Polygon","properties":{"name":"Prey Vêng","postal":"PY"},"id":"KHM"},{"arcs":[[47,-43,-20,48]],"type":"Polygon","properties":{"name":"Preah Vihéar","postal":"PH"},"id":"KHM"},{"arcs":[[49,50,51,-44,-48,52]],"type":"Polygon","properties":{"name":"Stœng Trêng","postal":"ST"},"id":"KHM"},{"arcs":[[53,-31,-42,-52,54]],"type":"Polygon","properties":{"name":"Krâchéh","postal":"KH"},"id":"KHM"},{"arcs":[[55,56,-55,-51]],"type":"Polygon","properties":{"name":"Môndól Kiri","postal":"MK"},"id":"KHM"},{"arcs":[[-56,-50,57]],"type":"Polygon","properties":{"name":"Rôtânôkiri","postal":"RO"},"id":"KHM"},{"arcs":[[58,59,60,61,62,-11,-41]],"type":"Polygon","properties":{"name":"Kâmpôt","postal":"KP"},"id":"KHM"},{"arcs":[[63,-61]],"type":"Polygon","properties":{"name":"Kep","postal":"KH"},"id":"KHM"},{"arcs":[[64,-12,-63]],"type":"Polygon","properties":{"name":"Krong Preah Sihanouk","postal":"KA"},"id":"KHM"},{"arcs":[[-46,65]],"type":"Polygon","properties":{"name":"Svay Rieng","postal":"SR"},"id":"KHM"},{"arcs":[[66,-59,-40,-37]],"type":"Polygon","properties":{"name":"Takêv","postal":"TA"},"id":"KHM"}]}}}