{"type":"Topology","transform":{"scale":[0.0013294082279352477,0.0011080776087651143],"translate":[124.71390946929905,33.20029086405211]},"arcs":[[[2961,3449],[-139,-101],[-34,-56],[4,-53],[-63,-26],[-78,64],[-27,-50],[-57,17],[-52,-17],[-24,-53],[-56,-18],[-66,-51],[-47,-89],[66,-57],[-21,-33],[-22,-136],[89,-65],[55,-4],[9,-47],[-53,-11],[3,-51],[-31,-64],[-37,-15]],[[2380,2533],[-94,-29],[-101,49]],[[2185,2553],[-32,53],[-14,88],[-69,17],[12,154]],[[2082,2865],[-99,87],[8,65],[-112,-7]],[[1879,3010],[26,100],[70,107],[-60,103]],[[1915,3320],[91,32],[65,86],[38,4],[67,106]],[[2176,3548],[160,31],[52,-47],[22,65],[53,29],[37,-61],[116,47],[98,-25],[-24,-67],[72,14],[26,-47],[66,9],[107,-47]],[[1401,3883],[-100,-74],[-66,41],[109,58],[57,-25]],[[1509,3769],[-93,57],[6,99]],[[1422,3925],[73,2],[71,-98],[-57,-60]],[[3542,3083],[-57,-4],[-44,40],[-2,147],[-88,20],[-53,70],[12,110],[-40,-15],[-135,33],[-59,29],[-34,-25],[-2,-62],[-79,23]],[[2176,3548],[121,245],[1,41],[47,54],[-162,76],[-57,11],[12,66],[-14,103],[62,44],[4,36],[-56,62],[-54,13],[-21,88],[-64,-3],[-52,23],[-10,45],[-80,-54],[-71,42],[-35,54],[-53,30]],[[1694,4524],[46,37],[98,48],[165,10],[72,-20],[211,26],[36,-28],[180,9],[100,47],[72,88],[4,106],[68,48],[83,-179],[66,-124],[52,-129],[46,-73],[174,-237],[105,-111],[64,-157],[31,-32],[106,-169],[36,-137],[39,-52],[-13,-41],[18,-155],[25,-76],[-5,-72],[-31,-68]],[[1814,3952],[50,-46],[-35,-64],[-169,-26],[-59,44],[-37,67],[57,8],[73,48],[43,57],[50,4],[27,-92]],[[1366,3993],[-90,-21],[5,45],[-36,61],[0,60],[42,35],[73,-66],[6,-114]],[[1915,3320],[-97,42],[-62,-26],[-65,7]],[[1691,3343],[-93,64],[15,59],[-78,7],[-2,47],[-45,22],[-25,117],[39,6],[61,-34],[21,46],[-99,63],[24,29]],[[1422,3925],[-33,52],[-22,133],[117,17],[-16,148],[73,38],[64,93],[54,47],[35,71]],[[2380,2533],[31,-51],[-4,-58]],[[2407,2424],[-35,-47],[-73,-28],[-48,-62],[-58,-192],[19,-7],[25,-115],[-53,-99]],[[2184,1874],[-91,51],[-49,-38],[-103,-7],[-25,16],[-101,-15],[-68,130],[-42,-42],[-86,72],[-57,-28],[-29,-82],[-46,-23],[-91,-12],[10,82],[-110,-19]],[[1296,1959],[-14,21],[71,165],[-34,57],[98,66],[24,56],[61,54],[17,46],[-91,3],[-3,38],[-65,35],[167,17],[51,52]],[[1578,2569],[34,41],[156,36],[37,-69],[169,38],[71,-100],[104,5],[36,33]],[[1528,1014],[-42,-21],[-34,33],[7,53],[51,-13],[18,-52]],[[1205,1207],[48,-35],[-26,-81],[-102,-45],[-80,39],[70,91],[90,31]],[[2184,1874],[22,-109],[107,-134],[12,-46]],[[2325,1585],[-46,3],[-61,-48],[-65,-9],[60,-77],[33,28],[54,-24],[-16,-71],[-84,-35],[5,-65],[-55,19],[9,89],[-45,93],[-60,-18],[-45,-62],[16,-55],[45,-33],[29,-65],[-84,10],[-37,-21],[36,-67],[-57,-54],[-69,92],[-71,16],[47,54],[52,5],[73,62],[-51,21],[-107,-27],[-103,-72],[-13,-64],[-82,-108],[-56,27],[-2,92],[-40,4],[5,-71],[-99,-81],[-18,-61],[-55,-27],[-40,51],[26,68],[-33,66],[-131,83],[-19,48],[15,98],[55,-1],[34,86],[-9,97],[-39,-23],[-33,42],[55,39],[-41,61],[98,-16],[-65,110],[-5,65],[60,100]],[[1670,1854],[-83,-19],[20,-44],[87,-31],[30,39],[-54,55]],[[1272,2959],[-31,-61],[-37,154],[34,24],[34,-117]],[[1879,3010],[-96,-43],[50,-42],[135,35],[-16,-73],[34,-96],[72,-2],[24,76]],[[1578,2569],[-90,-43],[-77,119],[-45,20],[31,138],[-33,57],[-43,154],[-34,60],[-167,90],[-8,92],[29,58],[82,-14],[57,39],[-39,41],[0,51],[48,6],[39,-72],[60,12],[6,44],[111,2],[61,-34],[29,-54],[11,-97],[42,31],[-33,42],[76,32]],[[3542,3083],[18,-111],[-4,-77],[-41,-77],[-3,-109],[38,-186],[82,63],[34,-44],[-39,-71],[-29,-172],[-41,-101],[12,-23]],[[3569,2175],[-60,14],[-70,-12],[-31,47],[-52,16],[-58,-15],[-14,-43],[-54,-35]],[[3230,2147],[-72,11],[-92,-55],[-76,20],[-55,-8],[-85,48],[-61,-16],[-61,28],[-91,2],[-2,83],[-70,80],[-119,31],[-39,53]],[[2856,2356],[134,-21],[51,67],[-8,95],[-40,38],[-87,-9],[-66,-124],[16,-46]],[[4651,3847],[-52,7],[3,56],[54,12],[-5,-75]],[[2434,1466],[90,-9],[-7,-96],[-64,-8],[-81,20],[-29,133],[58,0],[33,-40]],[[3016,1583],[18,-62],[-4,-86],[-42,16],[-51,-75],[-95,113],[152,123],[22,-29]],[[3230,2147],[-4,-95],[46,-7],[109,-85],[45,-51]],[[3426,1909],[-10,-62],[-42,-75]],[[3374,1772],[-80,97],[-62,-30],[-36,-94]],[[3196,1745],[-33,-47],[-219,8],[-76,12],[-48,-29],[28,-57],[-45,-39],[-4,-110],[-71,26],[-88,59],[-12,-42],[-51,1],[-57,32],[-34,64],[-116,-49],[-45,11]],[[3374,1772],[-102,-39],[-41,-50],[-44,7],[9,55]],[[3569,2175],[-3,-87],[-73,-56],[2,-88],[-69,-35]],[[1587,324],[56,-36],[29,-85],[-47,-47],[-25,-57],[-150,-41],[-26,-22],[-103,-11],[-103,9],[-35,-34],[-86,62],[18,88],[86,89],[131,50],[136,26],[119,9]]],"objects":{"KOR.geo":{"type":"GeometryCollection","geometries":[{"arcs":[[0,1,2,3,4,5,6]],"type":"Polygon","properties":{"name":"North Chungcheong","postal":"GB"},"id":"KOR"},{"arcs":[[[7]],[[8,9]]],"type":"MultiPolygon","properties":{"name":"Incheon","postal":"IN"},"id":"KOR"},{"arcs":[[10,-7,11,12]],"type":"Polygon","properties":{"name":"Gangwon","postal":"KW"},"id":"KOR"},{"arcs":[[13]],"type":"Polygon","properties":{"name":"Seoul","postal":"SO"},"id":"KOR"},{"arcs":[[[14]],[[-6,15,16,-10,17,-12],[-14]]],"type":"MultiPolygon","properties":{"name":"Gyeonggi","postal":"KG"},"id":"KOR"},{"arcs":[[-2,18,19,20,21,22]],"type":"Polygon","properties":{"name":"North Jeolla","postal":"CB"},"id":"KOR"},{"arcs":[[[23]],[[24]],[[25,26,-21],[27]]],"type":"MultiPolygon","properties":{"name":"South Jeolla","postal":"CN"},"id":"KOR"},{"arcs":[[[28]],[[-16,-5,29,-3,-23,30]]],"type":"MultiPolygon","properties":{"name":"South Chungcheong","postal":"GN"},"id":"KOR"},{"arcs":[[-30,-4]],"type":"Polygon","properties":{"name":"Daejeon","postal":"TJ"},"id":"KOR"},{"arcs":[[[31,32,33,-19,-1,-11],[34]],[[35]]],"type":"MultiPolygon","properties":{"name":"North Gyeongsang","postal":"KB"},"id":"KOR"},{"arcs":[[[36]],[[37]],[[38,39,40,41,-26,-20,-34]]],"type":"MultiPolygon","properties":{"name":"South Gyeongsang","postal":"KN"},"id":"KOR"},{"arcs":[[-28]],"type":"Polygon","properties":{"name":"Gwangju","postal":"KJ"},"id":"KOR"},{"arcs":[[42,-41]],"type":"Polygon","properties":{"name":"Busan","postal":"PU"},"id":"KOR"},{"arcs":[[43,-39,-33]],"type":"Polygon","properties":{"name":"Ulsan","postal":"UL"},"id":"KOR"},{"arcs":[[-35]],"type":"Polygon","properties":{"name":"Daegu","postal":"TG"},"id":"KOR"},{"arcs":[[44]],"type":"Polygon","properties":{"name":"Jeju","postal":"CJ"},"id":"KOR"}]}}}