{"type":"Topology","transform":{"scale":[0.002733847557263164,0.002505378848158498],"translate":[100.09707320196668,13.915456645507788]},"arcs":[[[414,2552],[5,-69],[-59,-7],[-61,-52],[-63,-13],[8,-34]],[[244,2377],[-31,-21],[-100,-9]],[[113,2347],[50,108],[-65,121],[-21,12],[-77,-46],[19,105],[23,60],[63,54],[82,3]],[[187,2764],[40,-32],[39,-67],[42,-39],[25,-57],[81,-17]],[[611,2892],[-13,-65],[-41,-24],[-64,-75],[42,-47],[-7,-62],[-31,-48],[-83,-19]],[[187,2764],[-34,18],[10,57],[35,17],[30,84],[48,13],[107,80],[33,-60],[15,-76],[80,28],[82,-44],[18,11]],[[627,2049],[-3,-65],[22,-37],[-44,-116],[-30,-13],[-88,-102],[1,-114],[45,-46]],[[530,1556],[-109,-89],[-42,-52],[-84,40],[38,134],[58,63],[-8,113],[-42,36],[77,98],[-2,88],[31,62],[-33,38],[-13,123],[-36,46],[-81,18],[-47,-51],[-41,23],[-63,-2],[-20,103]],[[244,2377],[181,-20],[110,1],[54,43]],[[589,2401],[14,-76],[25,-34],[1,-69],[33,-32],[-28,-44],[-7,-97]],[[2296,593],[107,-71],[7,-34]],[[2410,488],[46,-29],[-5,-67],[-68,-52],[-46,24],[6,54],[-59,17],[-46,-46],[-15,-55],[61,-89],[0,-32]],[[2284,213],[-38,14],[-23,-46],[-73,-1],[14,-56],[48,-61],[-35,-63],[-64,9],[-47,60],[-78,30],[-67,-23],[-34,31],[-26,65],[85,32],[34,67],[-8,77],[35,76],[-51,53],[44,65],[10,62]],[[2010,604],[176,13],[32,-69],[78,45]],[[2575,906],[-25,-43],[-96,-46],[-55,-84],[9,-83],[-120,-12],[8,-45]],[[2010,604],[22,82],[-14,35],[-61,17],[-32,62],[23,34]],[[1948,834],[134,-48],[128,43],[-6,60],[27,15],[70,-18],[94,33],[39,84]],[[2434,1003],[26,41],[49,-89],[59,-21],[7,-28]],[[2307,1237],[47,-17],[1,-115],[38,-39],[6,-46],[35,-17]],[[1948,834],[-126,40],[-23,69],[-95,100],[8,75],[-11,91]],[[1701,1209],[42,56],[111,11],[23,-23],[93,18],[55,-23],[35,27],[58,-23],[76,3],[113,-18]],[[1027,1748],[67,-62]],[[1094,1686],[-18,-59],[-37,7],[-92,-54],[-43,39],[-96,32],[-56,63],[-36,-7]],[[716,1707],[1,62],[32,32],[144,-74],[134,21]],[[907,2119],[-22,-26],[42,-124],[-17,-34],[55,-112],[32,11]],[[997,1834],[30,-86]],[[716,1707],[-55,-62],[-42,15],[-22,-65],[-67,-39]],[[627,2049],[53,42],[52,92],[100,2],[75,-66]],[[1386,1980],[-41,-19],[-74,49],[-32,-8],[1,-119],[-44,-33],[-103,-15],[-96,-1]],[[907,2119],[62,36]],[[969,2155],[58,-45],[131,-32],[90,11],[27,-25],[111,-31],[0,-53]],[[1501,2308],[-41,-18],[1,-67],[-86,-67],[43,-36],[64,-18],[41,-31]],[[1523,2071],[-3,-48],[-48,-63],[-86,20]],[[969,2155],[-28,84],[100,80],[3,37],[68,39]],[[1112,2395],[122,-19],[79,24],[40,40],[34,-31],[23,-67],[60,24],[31,-58]],[[1112,2395],[-8,104],[44,54],[-21,65],[18,93],[59,35]],[[1204,2746],[101,-55],[44,75],[99,45],[85,-29],[37,-46],[77,-44],[-21,-49],[12,-49],[39,-29],[-9,-52],[92,-14],[16,-67],[-63,-40],[9,-47],[-109,-75],[-46,33],[-66,5]],[[589,2401],[70,19],[34,32],[59,13],[18,35],[-21,92],[32,79],[39,27],[5,69],[-16,46]],[[809,2813],[73,-38],[21,26],[81,39],[51,44]],[[1035,2884],[77,-116],[92,-22]],[[611,2892],[20,24]],[[631,2916],[79,-41],[40,-41],[59,-21]],[[631,2916],[-39,47],[13,191],[-53,60],[-32,104],[32,23],[18,64],[60,-16],[71,16],[172,-170],[39,-48],[22,-97],[109,32],[9,-65],[-40,-112],[23,-61]],[[1887,1729],[-45,-102],[-34,-20],[-76,25],[-14,29],[-89,61],[-43,-18],[-55,-129]],[[1531,1575],[-103,182],[-67,5],[-154,44],[-50,-16],[-63,-104]],[[1523,2071],[169,-124],[143,-38],[20,-27],[-32,-70],[64,-83]],[[1701,1209],[23,91],[2,80],[-41,62],[-81,45],[-73,88]],[[1887,1729],[39,-37],[40,7],[49,-83],[-4,-30],[51,-90],[41,-26],[63,-81],[61,-55],[27,12],[53,-109]],[[2709,450],[-15,-34],[22,-95],[-44,-70],[-42,22],[-28,-42],[-97,-68],[-56,-1],[-31,43],[-60,33],[-74,-25]],[[2410,488],[39,47],[56,-11],[56,17],[51,-7],[97,-84]],[[2575,906],[59,-48],[34,-52],[-79,-34],[-5,-36],[76,-105],[76,-38],[32,-53],[-29,-66],[-30,-24]]],"objects":{"LAO.geo":{"type":"GeometryCollection","geometries":[{"arcs":[[0,1,2,3]],"type":"Polygon","properties":{"name":"Bokeo","postal":"BK"},"id":"LAO"},{"arcs":[[4,-4,5]],"type":"Polygon","properties":{"name":"Louang Namtha","postal":"LM"},"id":"LAO"},{"arcs":[[6,7,-2,8,9]],"type":"Polygon","properties":{"name":"Xaignabouri","postal":"XA"},"id":"LAO"},{"arcs":[[10,11,12,13]],"type":"Polygon","properties":{"name":"Champasak","postal":"CH"},"id":"LAO"},{"arcs":[[14,-14,15,16,17]],"type":"Polygon","properties":{"name":"Saravan","postal":"SL"},"id":"LAO"},{"arcs":[[18,-17,19,20]],"type":"Polygon","properties":{"name":"Savannakhét","postal":"SV"},"id":"LAO"},{"arcs":[[21,22,23]],"type":"Polygon","properties":{"name":"Vientiane [prefecture]","postal":"VT"},"id":"LAO"},{"arcs":[[24,25,-24,26,-7,27]],"type":"Polygon","properties":{"name":"Vientiane","postal":"VI"},"id":"LAO"},{"arcs":[[28,-25,29,30]],"type":"Polygon","properties":{"name":"Xaisômboun","postal":"XS"},"id":"LAO"},{"arcs":[[31,32,-31,33,34]],"type":"Polygon","properties":{"name":"Xiangkhoang","postal":"XI"},"id":"LAO"},{"arcs":[[-35,35,36]],"type":"Polygon","properties":{"name":"Houaphan","postal":"HO"},"id":"LAO"},{"arcs":[[-36,-34,-30,-28,-10,37,38,39]],"type":"Polygon","properties":{"name":"Louangphrabang","postal":"LP"},"id":"LAO"},{"arcs":[[-38,-9,-1,-5,40,41]],"type":"Polygon","properties":{"name":"Oudômxai","postal":"OU"},"id":"LAO"},{"arcs":[[-39,-42,42]],"type":"Polygon","properties":{"name":"Phôngsali","postal":"PH"},"id":"LAO"},{"arcs":[[43,44,-22,-26,-29,-33,45]],"type":"Polygon","properties":{"name":"Bolikhamxai","postal":"BL"},"id":"LAO"},{"arcs":[[-21,46,-44,47]],"type":"Polygon","properties":{"name":"Khammouan","postal":"KH"},"id":"LAO"},{"arcs":[[48,-12,49]],"type":"Polygon","properties":{"name":"Attapu","postal":"AT"},"id":"LAO"},{"arcs":[[-50,-11,-15,50]],"type":"Polygon","properties":{"name":"Xékong","postal":"XE"},"id":"LAO"}]}}}