{"type":"Topology","transform":{"scale":[0.0017285511833098441,0.0017078091057386668],"translate":[-11.476185675528484,4.347235419678839]},"arcs":[[[2239,275],[-64,36],[-66,-11],[-7,120],[-105,28]],[[1997,448],[-110,14],[-55,20]],[[1832,482],[-22,69],[-40,42],[-8,65]],[[1762,658],[84,-8],[113,16],[393,17]],[[2352,683],[-23,-53],[31,-33],[-10,-59],[-31,4],[-12,-77],[-52,-51],[13,-62],[-29,-30],[0,-47]],[[761,1634],[-66,-41],[-45,-51],[-58,-15],[-9,-46]],[[583,1481],[-81,-4],[-70,-31],[-16,76],[-30,21],[-75,6]],[[311,1549],[32,38],[73,44],[32,36],[108,68],[-8,50],[-33,48],[-50,16]],[[465,1849],[42,7],[124,-23],[56,34],[64,-22],[9,-45],[56,-30],[-8,-65],[-47,-71]],[[1997,448],[7,-27],[-51,-105],[13,-28],[105,-52],[51,-89],[-21,-84]],[[2101,63],[-148,58],[-91,15],[-25,28],[-80,29],[-97,64],[-56,21]],[[1604,278],[29,53],[114,102],[42,5],[43,44]],[[2239,275],[17,-24],[0,-156],[-10,-95],[-69,8],[-76,55]],[[1604,278],[-99,63],[-81,29],[-153,98],[-80,73]],[[1191,541],[59,97],[-24,86],[53,45],[65,31],[38,69]],[[1382,869],[83,2],[24,24]],[[1489,895],[184,-100],[37,46],[72,-25],[24,-67],[-55,-16],[-19,-39],[30,-36]],[[583,1481],[-22,-24]],[[561,1457],[-31,-8],[-28,-168],[-52,24],[-62,-39],[-1,-63]],[[387,1203],[-51,57],[-105,55]],[[231,1315],[4,31],[54,44],[-1,60],[23,99]],[[1371,1672],[-36,-119],[34,-67],[0,-45],[-43,-107]],[[1326,1334],[-84,-6],[-68,-63],[-45,-22],[-65,8],[26,57],[-44,38],[-45,3]],[[1001,1349],[15,43],[-48,39],[-33,-85],[-84,27],[-44,-12],[-71,23],[-48,32],[-40,-2]],[[648,1414],[-54,10],[-33,33]],[[761,1634],[38,-56],[58,42],[43,6],[62,51],[84,1],[21,42],[50,16],[34,36]],[[1151,1772],[28,28],[118,-23],[16,-49],[58,-56]],[[1326,1334],[28,-48],[-5,-110]],[[1349,1176],[-122,-1],[-61,-27],[4,-80],[-41,-52],[-46,5],[-28,-34],[-4,-87],[-22,-42],[10,-97],[-31,-38]],[[1008,723],[-177,159],[-4,25],[-104,86],[-63,29],[-18,34]],[[642,1056],[32,108],[77,127],[38,-38],[87,10],[70,22],[55,64]],[[231,1315],[-160,63],[-8,65],[-63,63],[40,45],[20,84],[32,43],[57,24],[53,67],[86,68],[66,35]],[[354,1872],[111,-23]],[[354,1872],[77,95],[67,37],[-1,141],[51,67],[95,14],[48,197],[58,20],[52,-5],[30,-50],[55,37],[80,10],[75,-67],[85,-15],[28,-118],[34,-87],[-9,-87],[48,-73],[1,-70],[-77,-146]],[[648,1414],[-29,-76],[13,-105],[-49,-44],[-85,-52],[-12,-39]],[[486,1098],[-88,41],[-11,64]],[[642,1056],[-156,42]],[[1653,1256],[-23,-68],[-57,-100],[-56,-49],[0,-50],[-42,-13],[14,-81]],[[1382,869],[8,127],[-26,54],[33,43],[-4,40],[-44,43]],[[1371,1672],[42,22],[102,19],[-4,44],[78,94],[5,79],[20,30],[69,-4],[11,-51],[60,-37],[30,-119],[52,-115],[11,-70],[-21,-34],[2,-57],[-20,-63],[-64,-71],[-91,-83]],[[1191,541],[-52,75],[-46,18],[-6,34],[-79,55]],[[1653,1256],[60,-32],[64,-1],[9,-47],[126,-48],[64,16],[73,-17],[52,-51],[-12,-49],[34,-23],[4,-51],[48,-43],[21,23],[70,-59],[68,-17],[-5,-46],[31,-86],[-8,-42]]],"objects":{"LBR.geo":{"type":"GeometryCollection","geometries":[{"arcs":[[0,1,2,3,4]],"type":"Polygon","properties":{"name":"River Gee","postal":"RG"},"id":"LBR"},{"arcs":[[5,6,7,8]],"type":"Polygon","properties":{"name":"Gbapolu","postal":"GP"},"id":"LBR"},{"arcs":[[9,10,11,-2]],"type":"Polygon","properties":{"name":"GrandKru","postal":"GK"},"id":"LBR"},{"arcs":[[12,-10,-1]],"type":"Polygon","properties":{"name":"Maryland","postal":"MY"},"id":"LBR"},{"arcs":[[-3,-12,13,14,15,16]],"type":"Polygon","properties":{"name":"Sinoe","postal":"SI"},"id":"LBR"},{"arcs":[[17,18,19,20,-7]],"type":"Polygon","properties":{"name":"Bomi","postal":"BM"},"id":"LBR"},{"arcs":[[21,22,23,24,-18,-6,25,26]],"type":"Polygon","properties":{"name":"Bong","postal":"BG"},"id":"LBR"},{"arcs":[[27,28,29,30,-23]],"type":"Polygon","properties":{"name":"Grand Bassa","postal":"MG"},"id":"LBR"},{"arcs":[[-8,-21,31,32]],"type":"Polygon","properties":{"name":"Grand Cape Mount","postal":"CM"},"id":"LBR"},{"arcs":[[-26,-9,-33,33]],"type":"Polygon","properties":{"name":"Lofa","postal":"LF"},"id":"LBR"},{"arcs":[[34,35,-19,-25]],"type":"Polygon","properties":{"name":"Montserrado","postal":"MO"},"id":"LBR"},{"arcs":[[-31,36,-35,-24]],"type":"Polygon","properties":{"name":"Margibi","postal":"MG"},"id":"LBR"},{"arcs":[[37,-16,38,-28,-22,39]],"type":"Polygon","properties":{"name":"Nimba","postal":"NI"},"id":"LBR"},{"arcs":[[-15,40,-29,-39]],"type":"Polygon","properties":{"name":"River Cess","postal":"RI"},"id":"LBR"},{"arcs":[[41,-4,-17,-38]],"type":"Polygon","properties":{"name":"GrandGedeh","postal":"GD"},"id":"LBR"}]}}}