{"type":"Topology","transform":{"scale":[0.008587509085658883,0.008329337526653552],"translate":[9.286543823238844,19.496123759004263]},"arcs":[[[300,1538],[-1,-127],[13,-20]],[[312,1391],[-44,-65],[16,-174],[26,-60]],[[310,1092],[-73,-6],[-48,36],[-62,-27],[-64,0]],[[63,1095],[0,61],[-19,58],[-44,61],[68,29],[47,67],[-19,60],[89,87],[76,33]],[[261,1551],[39,-13]],[[831,1190],[65,3],[41,-18],[39,6],[37,-72],[60,-28]],[[1073,1081],[78,-18],[0,-161]],[[1151,902],[0,-121]],[[1151,781],[-76,18],[-37,27],[-92,-39],[-55,13],[-37,32],[-40,78]],[[814,910],[-56,78]],[[758,988],[11,33],[-35,26],[-67,-9],[-6,32],[-51,37],[-12,59]],[[598,1166],[39,24],[11,55]],[[648,1245],[23,-20],[64,-17],[33,-22],[63,4]],[[1153,284],[-1,259],[-1,238]],[[1151,902],[321,0],[136,1],[220,4]],[[1828,907],[0,-151],[0,-246],[0,-270],[-1,-179],[-116,-1],[0,-60],[-187,95],[-201,103],[-170,86]],[[605,1563],[-27,-28]],[[578,1535],[-51,41]],[[527,1576],[17,16]],[[544,1592],[61,-29]],[[758,988],[-102,-18],[-58,-48],[-51,-6]],[[547,916],[-92,20],[-21,-5],[-191,-124],[-24,133],[-32,25],[-112,34]],[[75,999],[-18,54],[6,42]],[[310,1092],[86,-19],[61,49],[52,70],[39,15],[50,-41]],[[547,916],[19,-55],[-25,-51]],[[541,810],[-53,-15],[-32,-29],[-121,-36],[-66,9],[-31,-31],[0,-72],[16,-56]],[[254,580],[-87,27],[-32,-9],[-48,45],[-8,65],[-66,86],[10,29],[41,18],[8,43],[-21,52],[24,63]],[[1153,284],[-161,82],[-214,108],[-202,-99],[-87,67],[-177,41],[-58,97]],[[541,810],[57,16],[47,46],[169,38]],[[707,1509],[-80,-12]],[[627,1497],[10,58]],[[637,1555],[51,-7],[19,-39]],[[627,1497],[-64,21]],[[563,1518],[15,17]],[[605,1563],[32,-8]],[[460,1541],[2,-2]],[[462,1539],[-51,-7]],[[411,1532],[30,56]],[[441,1588],[19,-47]],[[383,1599],[-13,-26],[-70,-35]],[[261,1551],[-3,92],[99,-42],[26,-2]],[[411,1532],[-15,-2]],[[396,1530],[-96,8]],[[383,1599],[61,8]],[[444,1607],[-3,-19]],[[479,1507],[27,-65],[35,-32],[32,-62],[86,-38],[-11,-65]],[[312,1391],[42,-5],[26,77],[18,14],[-2,53]],[[462,1539],[17,-32]],[[707,1509],[15,-48],[32,-33],[44,-16]],[[798,1412],[-3,-25],[49,-170],[-13,-27]],[[479,1507],[84,11]],[[527,1576],[-67,-35]],[[444,1607],[100,-15]],[[1406,1595],[12,-78],[20,-16],[-2,-63],[11,-49]],[[1447,1389],[-46,-4]],[[1401,1385],[-20,68],[-70,-2],[-23,42],[1,34],[26,42]],[[1315,1569],[91,26]],[[1479,1611],[5,-43],[-13,-153],[23,-19]],[[1494,1396],[-47,-7]],[[1406,1595],[73,16]],[[1494,1396],[58,-35],[41,-4]],[[1593,1357],[10,-4],[1,-315],[224,-5]],[[1828,1033],[0,-126]],[[1073,1081],[2,80],[21,42],[11,102]],[[1107,1305],[52,-11],[59,28],[34,37],[12,49]],[[1264,1408],[53,-26],[84,3]],[[1264,1408],[-26,59],[18,55],[59,47]],[[798,1412],[69,-4],[130,-36],[110,-67]],[[1626,1527],[-34,-118],[1,-52]],[[1479,1611],[128,-32],[19,-52]],[[1626,1527],[69,-8],[29,-17],[104,-5],[20,-36],[-34,-34],[15,-72],[-36,-77],[35,-115],[0,-130]]],"objects":{"LBY.geo":{"type":"GeometryCollection","geometries":[{"arcs":[[0,1,2,3,4]],"type":"Polygon","properties":{"name":"Ghadamis","postal":"GD"},"id":"LBY"},{"arcs":[[5,6,7,8,9,10,11,12]],"type":"Polygon","properties":{"name":"Al Jufrah","postal":"JU"},"id":"LBY"},{"arcs":[[13,-8,14,15]],"type":"Polygon","properties":{"name":"Al Kufrah","postal":"KF"},"id":"LBY"},{"arcs":[[16,17,18,19]],"type":"Polygon","properties":{"name":"Al Marqab","postal":"MB"},"id":"LBY"},{"arcs":[[-11,20,21,22,-3,23]],"type":"Polygon","properties":{"name":"Ash Shati'","postal":"SH"},"id":"LBY"},{"arcs":[[24,25,26,-22]],"type":"Polygon","properties":{"name":"Ghat","postal":"GT"},"id":"LBY"},{"arcs":[[-14,27,-26,28,-9]],"type":"Polygon","properties":{"name":"Murzuq","postal":"MQ"},"id":"LBY"},{"arcs":[[29,30,31]],"type":"Polygon","properties":{"name":"Misratah","postal":"MI"},"id":"LBY"},{"arcs":[[-10,-29,-25,-21]],"type":"Polygon","properties":{"name":"Sabha","postal":"SB"},"id":"LBY"},{"arcs":[[-31,32,33,-17,34]],"type":"Polygon","properties":{"name":"Zlitan","postal":"MI"},"id":"LBY"},{"arcs":[[35,36,37,38]],"type":"Polygon","properties":{"name":"Al Jifarah","postal":"JI"},"id":"LBY"},{"arcs":[[39,-5,40]],"type":"Polygon","properties":{"name":"An Nuqat al Khams","postal":"NQ"},"id":"LBY"},{"arcs":[[-38,41,42,-40,43,44]],"type":"Polygon","properties":{"name":"Az Zawiyah","postal":"ZA"},"id":"LBY"},{"arcs":[[45,-12,-24,-2,46,-42,-37,47]],"type":"Polygon","properties":{"name":"Mizdah","postal":"MZ"},"id":"LBY"},{"arcs":[[-30,48,49,-13,-46,50,-33]],"type":"Polygon","properties":{"name":"Bani Walid","postal":"BW"},"id":"LBY"},{"arcs":[[-19,51,-39,-45,52]],"type":"Polygon","properties":{"name":"Tajura' wa an Nawahi al Arba","postal":"TN"},"id":"LBY"},{"arcs":[[-34,-51,-48,-36,-52,-18]],"type":"Polygon","properties":{"name":"Tarhunah","postal":"MB"},"id":"LBY"},{"arcs":[[-47,-1,-43]],"type":"Polygon","properties":{"name":"Yafran-Jadu","postal":"YJ"},"id":"LBY"},{"arcs":[[53,54,55,56]],"type":"Polygon","properties":{"name":"Al Hizam Al Akhdar","postal":"HZ"},"id":"LBY"},{"arcs":[[57,58,-54,59]],"type":"Polygon","properties":{"name":"Al Jabal al Akhdar","postal":"JA"},"id":"LBY"},{"arcs":[[-55,-59,60,61,62,-15,-7,63,64,65]],"type":"Polygon","properties":{"name":"Ajdabiya","postal":"AJ"},"id":"LBY"},{"arcs":[[-66,66,-56]],"type":"Polygon","properties":{"name":"Benghazi","postal":"BA"},"id":"LBY"},{"arcs":[[-64,-6,-50,67]],"type":"Polygon","properties":{"name":"Surt","postal":"SR"},"id":"LBY"},{"arcs":[[68,-61,-58,69]],"type":"Polygon","properties":{"name":"Al Qubbah","postal":"QB"},"id":"LBY"},{"arcs":[[-62,-69,70]],"type":"Polygon","properties":{"name":"Al Butnan","postal":"BU"},"id":"LBY"}]}}}