{"type":"Topology","transform":{"scale":[0.0015026313531417861,0.0017407154024786152],"translate":[79.69689193867241,5.923732815616916]},"arcs":[[[856,898],[19,-147],[-40,-23]],[[835,728],[-81,3],[-28,24],[-69,-82],[-86,-20],[30,-35],[-23,-33],[-68,50]],[[510,635],[-10,48],[56,21],[-7,49],[-66,71]],[[483,824],[95,57]],[[578,881],[56,-39],[125,44],[97,12]],[[860,1032],[-1,-60]],[[859,972],[-3,-74]],[[578,881],[-10,48],[15,43],[-49,115]],[[534,1087],[67,23],[52,59],[52,31]],[[705,1200],[45,-47],[-19,-71],[-24,-20],[15,-54],[68,21],[70,3]],[[835,728],[6,-65],[-36,-53],[-47,-18],[-18,-93]],[[740,499],[-111,-22],[-87,12],[-10,33]],[[532,522],[-33,43],[11,70]],[[1380,883],[34,-1],[39,-76],[3,-199],[-35,-123],[-38,-89],[-42,-58]],[[1341,337],[-69,39]],[[1272,376],[17,211],[-11,66],[-62,22],[-16,30],[32,39],[-60,136],[-55,-27],[-70,-76]],[[1047,777],[-47,55],[1,107],[-29,6],[-74,-35],[-39,62]],[[860,1032],[49,4],[105,-42],[14,49]],[[1028,1043],[57,-7],[37,-41],[42,-8],[0,-52],[76,-27],[60,12],[7,-61],[73,24]],[[1028,1043],[1,105],[64,9],[-21,63],[2,121]],[[1074,1341],[71,-2]],[[1145,1339],[21,-73],[47,-74],[31,-7],[28,-89],[59,-45],[10,-59],[41,-47],[-2,-62]],[[705,1200],[6,82],[25,68],[56,4],[25,32]],[[817,1386],[78,-34],[109,-34],[70,23]],[[817,1386],[42,79],[-45,62],[-24,117],[19,29],[-68,46],[-38,-6]],[[703,1713],[8,18]],[[711,1731],[105,30]],[[816,1761],[37,-5],[76,-74],[92,-115],[-12,-103],[102,6],[34,-131]],[[534,1087],[-53,129],[-65,36],[-146,54]],[[270,1306],[-68,17],[-23,99],[36,28],[8,46]],[[223,1496],[8,84],[63,-11],[64,15]],[[358,1584],[7,-35],[62,-43],[60,74],[65,-4],[83,70],[-37,46],[105,21]],[[358,1584],[-41,38],[49,45],[61,2],[39,31],[-38,44]],[[428,1744],[49,29],[9,45],[61,-6],[65,27],[112,-69],[-13,-39]],[[329,1904],[17,-56],[-28,-109],[110,5]],[[223,1496],[-79,25]],[[144,1521],[25,97],[-16,35],[14,85],[67,44],[41,105]],[[275,1887],[54,17]],[[329,1904],[33,33],[105,4],[68,25],[76,58]],[[611,2024],[7,4]],[[618,2028],[79,-54],[33,-63],[27,-6],[41,-71],[18,-73]],[[395,2158],[-23,-37]],[[372,2121],[-55,19],[-57,-18],[-94,43],[-24,44],[52,31],[89,-2],[112,-80]],[[611,2024],[-105,47]],[[506,2071],[-10,28]],[[496,2099],[122,-71]],[[275,1887],[4,56],[-42,49],[146,65],[10,-30],[93,28],[125,-31]],[[506,2071],[-59,1],[-75,49]],[[395,2158],[101,-59]],[[483,824],[-152,-58]],[[331,766],[-40,39],[-128,-29]],[[163,776],[-26,187],[74,135],[43,46],[44,19],[6,69],[-34,74]],[[163,776],[-76,1]],[[87,777],[-29,180],[12,40],[-28,120],[-42,132],[0,70],[54,23],[-34,-86],[67,15],[-2,75],[33,156],[26,19]],[[740,499],[79,-60]],[[819,439],[-65,-111],[7,-54],[53,-60]],[[814,214],[-79,-16],[-87,22]],[[648,220],[-45,52],[-72,-17]],[[531,255],[-75,33]],[[456,288],[-52,70],[-3,29],[-56,54],[-24,70]],[[321,511],[21,60]],[[342,571],[56,-36],[134,-13]],[[531,255],[-8,-47],[-55,-53],[26,-57],[-36,-75]],[[458,23],[-133,45],[-54,49],[-48,80],[-33,100]],[[190,297],[132,-48],[134,39]],[[1341,337],[-20,-28],[-213,-136],[-166,-60],[-156,-34],[-99,-49]],[[687,30],[-20,8],[-25,101],[-33,14],[39,67]],[[814,214],[66,31],[34,42],[78,-11],[23,-29],[143,37],[29,43],[85,49]],[[687,30],[-92,-30],[-137,23]],[[1047,777],[-55,-56],[-41,-16],[78,-74],[-18,-55],[-69,-31],[-32,-36],[-2,-86],[17,-29],[-56,-23],[-50,68]],[[342,571],[-21,34]],[[321,605],[4,71],[-24,30],[30,60]],[[321,511],[-66,2],[-120,-60]],[[135,453],[-24,55],[-10,90]],[[101,598],[105,-13],[32,-17],[83,37]],[[101,598],[9,27],[-32,97],[9,55]],[[190,297],[-9,54],[-46,102]]],"objects":{"LKA.geo":{"type":"GeometryCollection","geometries":[{"arcs":[[0,1,2,3,4]],"type":"Polygon","properties":{"name":"Kandy","postal":"KY"},"id":"LKA"},{"arcs":[[5,6,-5,7,8,9]],"type":"Polygon","properties":{"name":"Matale","postal":"MT"},"id":"LKA"},{"arcs":[[10,11,12,-2]],"type":"Polygon","properties":{"name":"Nuwara Eliya","postal":"NW"},"id":"LKA"},{"arcs":[[13,14,15,16,-6,17,18]],"type":"Polygon","properties":{"name":"Ampara","postal":"AP"},"id":"LKA"},{"arcs":[[-19,19,20,21]],"type":"Polygon","properties":{"name":"Batticaloa","postal":"BC"},"id":"LKA"},{"arcs":[[-20,-18,-10,22,23]],"type":"Polygon","properties":{"name":"Polonnaruwa","postal":"PR"},"id":"LKA"},{"arcs":[[-21,-24,24,25,26,27]],"type":"Polygon","properties":{"name":"Trincomalee","postal":"TC"},"id":"LKA"},{"arcs":[[-23,-9,28,29,30,31,-25]],"type":"Polygon","properties":{"name":"Anuradhapura","postal":"AD"},"id":"LKA"},{"arcs":[[-26,-32,32,33]],"type":"Polygon","properties":{"name":"Vavuniya","postal":"VA"},"id":"LKA"},{"arcs":[[34,-33,-31,35,36,37]],"type":"Polygon","properties":{"name":"Mannar","postal":"MB"},"id":"LKA"},{"arcs":[[-27,-34,-35,38,39,40]],"type":"Polygon","properties":{"name":"Mullaitivu","postal":"MP"},"id":"LKA"},{"arcs":[[[41,42]],[[-40,43,44,45]]],"type":"MultiPolygon","properties":{"name":"Jaffna","postal":"JA"},"id":"LKA"},{"arcs":[[[-39,-38,46]],[[-45,47,-42,48]]],"type":"MultiPolygon","properties":{"name":"Kilinochchi","postal":"KL"},"id":"LKA"},{"arcs":[[-8,-4,49,50,51,-29]],"type":"Polygon","properties":{"name":"Kurunegala","postal":"KG"},"id":"LKA"},{"arcs":[[-30,-52,52,53,-36]],"type":"Polygon","properties":{"name":"Puttalam","postal":"PX"},"id":"LKA"},{"arcs":[[-12,54,55,56,57,58,59,60,61]],"type":"Polygon","properties":{"name":"Ratnapura","postal":"RN"},"id":"LKA"},{"arcs":[[-59,62,63,64]],"type":"Polygon","properties":{"name":"Galle","postal":"GL"},"id":"LKA"},{"arcs":[[65,66,-57,67,-15]],"type":"Polygon","properties":{"name":"Hambantota","postal":"HB"},"id":"LKA"},{"arcs":[[-67,68,-63,-58]],"type":"Polygon","properties":{"name":"Matara","postal":"MH"},"id":"LKA"},{"arcs":[[69,-55,-11,-1,-7,-17]],"type":"Polygon","properties":{"name":"Badulla","postal":"BD"},"id":"LKA"},{"arcs":[[-68,-56,-70,-16]],"type":"Polygon","properties":{"name":"Moneragala","postal":"MJ"},"id":"LKA"},{"arcs":[[-3,-13,-62,70,71,-50]],"type":"Polygon","properties":{"name":"Kegalle","postal":"KE"},"id":"LKA"},{"arcs":[[-61,72,73,74,-71]],"type":"Polygon","properties":{"name":"Colombo","postal":"CO"},"id":"LKA"},{"arcs":[[-72,-75,75,-53,-51]],"type":"Polygon","properties":{"name":"Gampaha","postal":"GQ"},"id":"LKA"},{"arcs":[[-60,-65,76,-73]],"type":"Polygon","properties":{"name":"Kalutara","postal":"KT"},"id":"LKA"}]}}}