{"type":"Topology","transform":{"scale":[0.0026016285135640545,0.0014322166039477436],"translate":[20.96938319057056,55.666990866635174]},"arcs":[[[2566,820],[-32,20],[-123,-56]],[[2411,784],[-121,29]],[[2290,813],[22,33],[-48,73]],[[2264,919],[114,170]],[[2378,1089],[96,25],[57,-2],[54,68]],[[2585,1180],[56,-46],[-6,-92],[-47,-28],[18,-54],[-40,-140]],[[2575,400],[71,-40],[75,22],[1,-51]],[[2722,331],[-54,-28],[-102,-124],[-20,-90],[-120,-2],[-65,31],[-51,-7]],[[2310,111],[-17,34],[13,130]],[[2306,275],[66,27],[-15,50]],[[2357,352],[19,26],[114,1],[29,27],[56,-6]],[[2575,400],[18,41],[-64,126],[-3,116],[-33,37],[-41,-17],[-35,29],[-6,52]],[[2566,820],[54,21],[51,-46],[-20,-44],[44,-39],[7,-58],[49,-39],[34,-186],[-18,-84],[-45,-14]],[[2357,352],[-24,6],[-54,162],[21,45],[-56,16],[-25,42]],[[2219,623],[15,103],[56,87]],[[714,720],[12,-38],[-93,-77],[94,-95]],[[727,510],[-69,-33],[-65,32],[-114,-4],[-47,19],[-42,-20]],[[390,504],[-7,82]],[[383,586],[52,43],[1,73],[33,48],[-10,38],[69,36],[43,49]],[[571,873],[14,-46],[114,-33],[15,-74]],[[2378,1089],[-64,54],[-106,2],[-46,59],[-90,-48],[-32,6]],[[2040,1162],[29,174]],[[2069,1336],[57,-45],[130,66],[41,3],[45,-41],[99,-28],[80,9],[-6,-69],[70,-51]],[[2040,1162],[-6,-34],[-78,-12]],[[1956,1116],[-26,17],[-91,-8],[-1,41],[-36,89]],[[1802,1255],[-3,81],[-45,34],[-13,53],[24,72],[-25,41],[80,38]],[[1820,1574],[34,-46],[81,-7],[8,-50],[126,-135]],[[1908,678],[-73,-14],[-63,-34],[6,-71],[-54,-38],[-62,-4],[7,-84],[35,-39],[-21,-50]],[[1683,344],[-92,16],[-48,75],[-35,104],[-68,-37]],[[1440,502],[4,44],[-27,66]],[[1417,612],[154,40],[-15,56],[31,39],[69,-28],[87,81]],[[1743,800],[87,-21],[78,-101]],[[1440,502],[-103,-88],[-62,25],[-68,-24],[-92,50]],[[1115,465],[-11,71],[77,48],[-3,129]],[[1178,713],[49,-13],[32,24],[50,-31],[57,38]],[[1366,731],[51,-119]],[[1956,1116],[42,-85],[-19,-46]],[[1979,985],[-75,14],[-27,-94],[-48,25],[-92,-3]],[[1737,927],[-98,-42],[-35,11]],[[1604,896],[2,27],[-61,50],[-6,82],[-28,28],[-1,59]],[[1510,1142],[-25,65],[95,73]],[[1580,1280],[45,-55],[73,-25],[5,39],[99,16]],[[2310,111],[-60,-84],[-88,-27],[-44,8],[-77,45],[-39,74],[-147,133]],[[1855,260],[25,30],[76,-10],[57,67],[36,13]],[[2049,360],[31,10],[130,-60],[65,13],[31,-48]],[[926,480],[-79,2],[-60,-23],[-23,54],[-37,-3]],[[714,720],[29,10],[104,-14],[49,16],[8,47],[63,23]],[[967,802],[15,-36],[-41,-40],[26,-32],[-30,-38],[20,-43],[-18,-60],[19,-36],[-32,-37]],[[2264,919],[-39,7],[-73,-31],[-13,53],[-63,14],[-19,37],[-78,-14]],[[1115,465],[-100,15],[-36,-18],[-53,18]],[[967,802],[8,55]],[[975,857],[46,-4],[55,-62],[-5,-39],[93,-9],[14,-30]],[[2175,612],[-26,-40],[-76,-25],[-41,43],[-56,-74],[18,-18],[14,-108],[41,-30]],[[1855,260],[-56,73],[-116,11]],[[1908,678],[76,11],[36,-31],[58,18],[84,-28],[13,-36]],[[1483,1616],[26,-105],[78,-66],[-7,-165]],[[1510,1142],[-83,-56],[-51,66],[-55,22]],[[1321,1174],[-19,235],[-27,103],[95,79],[113,25]],[[2219,623],[-44,-11]],[[1743,800],[11,84],[-17,43]],[[1366,731],[5,44],[-35,42],[25,28],[243,51]],[[975,857],[28,61]],[[1003,918],[45,-10],[99,32],[32,39],[67,38],[65,74],[10,83]],[[842,1153],[-46,-75],[-49,-52],[-104,-29],[-2,-55],[-49,-2]],[[592,940],[-49,5],[-13,63],[-55,47]],[[475,1055],[40,77],[-10,65],[-51,16],[9,47],[38,25],[-30,105]],[[471,1390],[111,59],[66,-109],[194,-187]],[[571,873],[21,67]],[[842,1153],[35,-142],[34,-39],[65,-19],[27,-35]],[[1483,1616],[85,52],[45,2],[14,-47],[75,22],[79,-77],[39,6]],[[383,586],[-51,12],[-22,63],[18,52],[-32,53],[-86,56],[-46,69]],[[164,891],[29,20],[13,73],[52,26],[114,-11],[98,19],[5,37]],[[390,504],[-115,-55],[-34,-2],[-141,-101],[-15,-55],[-53,-8],[-32,127],[1,94],[15,147],[18,62],[3,111],[101,88]],[[138,912],[26,-21]],[[138,912],[33,70],[0,138],[110,199],[98,26],[92,45]]],"objects":{"LVA.geo":{"type":"GeometryCollection","geometries":[{"arcs":[[0,1,2,3,4,5]],"type":"Polygon","properties":{"name":"Balvi","postal":"BL"},"id":"LVA"},{"arcs":[[6,7,8,9,10]],"type":"Polygon","properties":{"name":"Kraslava","postal":"KR"},"id":"LVA"},{"arcs":[[-7,11,-1,12]],"type":"Polygon","properties":{"name":"Ludza","postal":"LU"},"id":"LVA"},{"arcs":[[-12,-11,13,14,-2]],"type":"Polygon","properties":{"name":"Rēzekne","postal":"RZ"},"id":"LVA"},{"arcs":[[15,16,17,18,19]],"type":"Polygon","properties":{"name":"Saldus","postal":"SA"},"id":"LVA"},{"arcs":[[-5,20,21,22]],"type":"Polygon","properties":{"name":"Aluksne","postal":"AL"},"id":"LVA"},{"arcs":[[-22,23,24,25,26]],"type":"Polygon","properties":{"name":"Valka","postal":"VG"},"id":"LVA"},{"arcs":[[27,28,29,30,31]],"type":"Polygon","properties":{"name":"Aizkraukle","postal":"AI"},"id":"LVA"},{"arcs":[[-30,32,33,34,35]],"type":"Polygon","properties":{"name":"Bauska","postal":"BU"},"id":"LVA"},{"arcs":[[-25,36,37,38,39,40,41]],"type":"Polygon","properties":{"name":"Cēsis","postal":"CE"},"id":"LVA"},{"arcs":[[-9,42,43,44]],"type":"Polygon","properties":{"name":"Daugavpils","postal":"DG"},"id":"LVA"},{"arcs":[[45,-16,46,47]],"type":"Polygon","properties":{"name":"Dobele","postal":"DO"},"id":"LVA"},{"arcs":[[-4,48,-37,-24,-21]],"type":"Polygon","properties":{"name":"Gulbene","postal":"GU"},"id":"LVA"},{"arcs":[[-34,49,-48,50,51]],"type":"Polygon","properties":{"name":"Jelgava","postal":"JG"},"id":"LVA"},{"arcs":[[52,-44,53,-28,54]],"type":"Polygon","properties":{"name":"Jekabpils","postal":"JK"},"id":"LVA"},{"arcs":[[55,-41,56,57]],"type":"Polygon","properties":{"name":"Limbaži","postal":"LM"},"id":"LVA"},{"arcs":[[-49,-3,-15,58,-55,-32,59,-38]],"type":"Polygon","properties":{"name":"Madona","postal":"MA"},"id":"LVA"},{"arcs":[[-31,-36,60,-39,-60]],"type":"Polygon","properties":{"name":"Ogre","postal":"OG"},"id":"LVA"},{"arcs":[[-10,-45,-53,-59,-14]],"type":"Polygon","properties":{"name":"Preili","postal":"PR"},"id":"LVA"},{"arcs":[[-40,-61,-35,-52,61,62,-57]],"type":"Polygon","properties":{"name":"Riga","postal":"R"},"id":"LVA"},{"arcs":[[63,64,65,66]],"type":"Polygon","properties":{"name":"Talsi","postal":"TA"},"id":"LVA"},{"arcs":[[-62,-51,-47,-20,67,-64,68]],"type":"Polygon","properties":{"name":"Tukums","postal":"TU"},"id":"LVA"},{"arcs":[[-26,-42,-56,69]],"type":"Polygon","properties":{"name":"Valmiera","postal":"VM"},"id":"LVA"},{"arcs":[[-68,-19,70,71,-65]],"type":"Polygon","properties":{"name":"Kuldīga","postal":"K"},"id":"LVA"},{"arcs":[[-71,-18,72,73]],"type":"Polygon","properties":{"name":"Liepaja","postal":"LP"},"id":"LVA"},{"arcs":[[-72,-74,74,-66]],"type":"Polygon","properties":{"name":"Ventspils","postal":"VN"},"id":"LVA"}]}}}