{"type":"Topology","transform":{"scale":[0.005928615117863495,0.004846340545227533],"translate":[-17.01374332539416,21.419971097688002]},"arcs":[[[2111,2839],[-14,-44],[-103,-51]],[[1994,2744],[-26,-1],[-74,45],[-78,14]],[[1816,2802],[54,161],[89,30],[25,-70],[81,-71],[46,-13]],[[2347,2551],[-19,-56],[39,-35],[-9,-40],[-95,-13],[-68,-97]],[[2195,2310],[-47,8],[-36,48],[-38,8],[-47,101],[11,46],[-83,133]],[[1955,2654],[76,2],[84,-80],[49,-7],[35,-69],[81,77],[67,-26]],[[2225,2845],[2,-57],[34,-19],[17,-51],[40,37],[48,-13],[-35,-71],[21,-45],[-21,-41],[16,-34]],[[1955,2654],[39,90]],[[2111,2839],[91,15],[23,-9]],[[1955,2654],[-8,-24],[-70,-10]],[[1877,2620],[-141,13]],[[1736,2633],[80,169]],[[1787,2439],[48,-47],[16,-45]],[[1851,2347],[-43,-19],[-95,-2],[-45,-72]],[[1668,2254],[-88,33],[-58,68]],[[1522,2355],[-21,69],[17,62]],[[1518,2486],[22,9]],[[1540,2495],[47,-29],[30,21],[15,53]],[[1632,2540],[37,22]],[[1669,2562],[24,-46],[33,-16],[-7,-43],[68,-18]],[[1540,2495],[92,45]],[[1877,2620],[27,-68],[-18,-95],[-32,-3],[-56,32],[-11,-47]],[[1669,2562],[67,71]],[[2195,2310],[58,-98],[65,5],[19,-89]],[[2337,2128],[-85,-18],[-2,-53],[-24,-14],[44,-75],[-15,-51],[-123,-42],[-67,-57]],[[2065,1818],[-76,55],[-23,67],[24,122],[-40,40],[-48,6],[28,49],[-40,12]],[[1890,2169],[-2,35],[59,33],[6,51],[-102,59]],[[1890,2169],[-42,-37],[-156,-78],[-35,15]],[[1657,2069],[-16,52],[43,38],[-16,95]],[[2225,2845],[25,17],[53,-20],[66,25],[25,-40],[101,-6],[73,-69],[-14,-33],[33,-101],[-7,-43],[18,-78],[-11,-58],[30,-37],[13,-66],[63,-46],[-29,-26],[-5,-64],[-214,10],[-71,-17],[19,-52],[-56,-13]],[[2065,1818],[-68,-52],[-62,-94],[-36,19],[-99,-9]],[[1800,1682],[-23,54],[-8,107],[-32,28],[-33,-23],[-45,3],[-25,-41],[-51,6],[-66,-40],[-105,-13],[0,-108],[-193,-33],[-52,-42],[-51,17]],[[1116,1597],[97,140],[28,59],[8,52],[-47,64],[11,57]],[[1213,1969],[46,-17],[84,-5],[172,19],[35,40],[107,63]],[[1213,1969],[-4,91],[30,68],[35,44]],[[1274,2172],[68,-8],[15,-22],[87,-6],[30,59],[-30,57],[61,51],[17,52]],[[1274,2172],[32,58],[-1,66],[109,120],[65,57],[39,13]],[[836,944],[-43,-182],[-20,-58],[-87,-69]],[[686,635],[-62,2],[-55,-22],[-71,16],[-89,-15],[-71,38]],[[338,654],[29,68],[9,109],[45,98],[18,70],[133,88],[76,206],[34,47],[153,36],[47,25]],[[882,1401],[41,-87],[-46,-26],[-37,-46],[-38,-109],[-39,-47],[-14,-53],[22,-89],[65,0]],[[1800,1682],[-74,-26],[-62,13],[-34,-26],[-45,1],[-129,-99],[-51,-50],[0,-207],[-18,-112],[-105,-6],[-54,-47],[-87,0],[-51,26],[-63,4],[-79,-26],[10,-51],[-51,-70],[-14,-40],[-57,-22]],[[882,1401],[51,24],[73,90],[80,47],[30,35]],[[686,635],[-61,-107],[-78,-39],[-42,-78],[-25,-134],[-9,-93],[-69,-93],[-7,-54],[-28,-31],[-154,8],[-140,-1],[-73,-13],[8,75],[44,102],[31,8],[28,55],[28,114],[96,184],[76,96],[27,20]]],"objects":{"MAR.geo":{"type":"GeometryCollection","geometries":[{"arcs":[[0,1,2]],"type":"Polygon","properties":{"name":"Tanger - Tétouan","postal":"TO"},"id":"MAR"},{"arcs":[[3,4,5]],"type":"Polygon","properties":{"name":"Fès - Boulemane","postal":"FB"},"id":"MAR"},{"arcs":[[6,-6,7,-1,8]],"type":"Polygon","properties":{"name":"Taza - Al Hoceima - Taounate","postal":"TH"},"id":"MAR"},{"arcs":[[-8,9,10,11,-2]],"type":"Polygon","properties":{"name":"Gharb - Chrarda - Béni Hssen","postal":"GB"},"id":"MAR"},{"arcs":[[12,13,14,15,16,17,18,19]],"type":"Polygon","properties":{"name":"Chaouia - Ouardigha","postal":"CO"},"id":"MAR"},{"arcs":[[-18,20]],"type":"Polygon","properties":{"name":"Grand Casablanca","postal":"GC"},"id":"MAR"},{"arcs":[[21,-20,22,-11]],"type":"Polygon","properties":{"name":"Rabat - Salé - Zemmour - Zaer","postal":"RZ"},"id":"MAR"},{"arcs":[[23,24,25,26,-13,-22,-10,-5]],"type":"Polygon","properties":{"name":"Meknès - Tafilalet","postal":"MT"},"id":"MAR"},{"arcs":[[27,28,-14,-27]],"type":"Polygon","properties":{"name":"Tadla - Azilal","postal":"TD"},"id":"MAR"},{"arcs":[[-24,-4,-7,29]],"type":"Polygon","properties":{"name":"Oriental","postal":"OR"},"id":"MAR"},{"arcs":[[30,31,32,33,-28,-26]],"type":"Polygon","properties":{"name":"Souss - Massa - Draâ","postal":"SM"},"id":"MAR"},{"arcs":[[-29,-34,34,35,-15]],"type":"Polygon","properties":{"name":"Marrakech - Tensift - Al Haouz","postal":"MK"},"id":"MAR"},{"arcs":[[-36,36,-16]],"type":"Polygon","properties":{"name":"Doukkala - Abda","postal":"DA"},"id":"MAR"},{"arcs":[[37,38,39,40]],"type":"Polygon","properties":{"name":"Laâyoune - Boujdour - Sakia El Hamra","postal":"LB"},"id":"MAR"},{"arcs":[[41,-41,42,-32]],"type":"Polygon","properties":{"name":"Guelmim - Es-Semara","postal":"GE"},"id":"MAR"},{"arcs":[[43,-39]],"type":"Polygon","properties":{"name":"Oued el Dahab","postal":"OD"},"id":"MAR"}]}}}