{"type":"Topology","transform":{"scale":[0.0017548712063034904,0.0013604312673221703],"translate":[26.636162039502754,45.49443926015905]},"arcs":[[[351,2120],[34,-56]],[[385,2064],[-6,-39],[-105,-50],[-39,-44]],[[235,1931],[-63,61],[-76,40],[-96,26],[118,73],[57,-31],[47,34],[86,-26],[43,12]],[[779,2081],[7,-63],[-36,-33]],[[750,1985],[-36,-47],[-65,-4],[-49,-52]],[[600,1882],[-81,48]],[[519,1930],[-21,86]],[[498,2016],[46,88],[124,-5],[44,21]],[[712,2120],[67,-39]],[[519,1930],[6,-44],[-68,-36],[-91,-6],[-57,-45]],[[309,1799],[-74,132]],[[385,2064],[52,-40],[61,-8]],[[351,2120],[51,42],[45,-14],[47,41],[142,-15],[76,-54]],[[600,1882],[-2,-75],[80,8],[71,-85]],[[749,1730],[1,-23]],[[750,1707],[-59,-24]],[[691,1683],[-49,38],[-56,-9],[-103,30],[-58,-19],[-54,-64]],[[371,1659],[-39,46],[-23,94]],[[757,1648],[-60,11]],[[697,1659],[-6,24]],[[750,1707],[7,-59]],[[750,1985],[62,-35],[28,-54],[-24,-65]],[[816,1831],[0,-62]],[[816,1769],[-67,-39]],[[757,1648],[30,-86],[-49,-48],[25,-67]],[[763,1447],[-41,-23],[-116,-9],[-63,-38]],[[543,1377],[-4,61],[-62,30],[-25,64]],[[452,1532],[119,49],[90,92],[36,-14]],[[452,1532],[-90,100],[9,27]],[[1008,1612],[7,-43],[-55,-48],[-85,-7],[-12,-71]],[[863,1443],[-100,4]],[[816,1769],[118,-124],[74,-33]],[[863,1443],[43,-28]],[[906,1415],[-79,-67],[2,-57]],[[829,1291],[-52,-10],[-17,-72],[39,-91]],[[799,1118],[-132,95],[-48,102],[-76,62]],[[1028,443],[10,-7]],[[1038,436],[-1,-132],[-37,-31]],[[1000,273],[-51,-77],[-3,-37],[60,-36],[49,44],[16,60]],[[1071,227],[27,-50]],[[1098,177],[-51,-57],[17,-67]],[[1064,53],[-127,14],[-6,-47]],[[931,20],[-59,-20],[-7,197],[-23,46],[6,69],[-22,60],[14,74]],[[840,446],[74,-18],[114,15]],[[1071,227],[-71,46]],[[1038,436],[44,-4],[50,-85],[117,32],[50,115]],[[1299,494],[39,40]],[[1338,534],[18,-28],[-40,-57],[-8,-82],[-99,-24],[-11,-91],[-100,-75]],[[1064,53],[-13,-47],[-120,14]],[[1028,443],[33,82],[7,102],[-22,58]],[[1046,685],[65,56]],[[1111,741],[101,-62]],[[1212,679],[-11,-54],[37,-70],[60,-23],[1,-38]],[[1257,1177],[75,-63]],[[1332,1114],[-37,-36]],[[1295,1078],[-75,20],[-3,48]],[[1217,1146],[40,31]],[[1558,1330],[-53,-79],[9,-44]],[[1514,1207],[-65,14],[-9,55]],[[1440,1276],[15,24],[-9,20],[-28,-12],[15,-21]],[[1433,1287],[-44,1],[-30,64]],[[1359,1352],[50,100]],[[1409,1452],[16,10]],[[1425,1462],[55,-27],[71,-69],[7,-36]],[[1610,1071],[-6,-94]],[[1604,977],[-54,-5],[-67,-39]],[[1483,933],[-76,35],[-10,30]],[[1397,998],[-15,46],[-87,34]],[[1332,1114],[65,20],[16,-37],[71,-8],[7,95],[23,23]],[[1514,1207],[48,-48],[-1,-100],[49,12]],[[1379,738],[-63,-32],[-15,-37],[37,-135]],[[1212,679],[121,103]],[[1333,782],[46,-44]],[[840,446],[0,91],[46,61],[21,64]],[[907,662],[85,-5],[54,28]],[[1074,1414],[33,-63]],[[1107,1351],[-70,-37],[17,-39],[-91,-53]],[[963,1222],[-101,37],[-33,32]],[[906,1415],[168,-1]],[[1111,741],[-1,122]],[[1110,863],[21,55],[63,32]],[[1194,950],[102,-69],[0,-62],[37,-37]],[[1433,1287],[7,-11]],[[1257,1177],[-30,78]],[[1227,1255],[132,97]],[[1043,1840],[6,-80]],[[1049,1760],[-28,-31],[61,-67]],[[1082,1662],[-74,-50]],[[816,1831],[227,9]],[[1483,933],[-32,-166]],[[1451,767],[-72,-29]],[[1194,950],[2,27]],[[1196,977],[26,-20],[98,-5],[77,46]],[[1666,1078],[-56,-7]],[[1558,1330],[106,15],[-15,-147],[42,-58],[-25,-62]],[[1110,863],[-106,41],[-12,-76],[-75,8]],[[917,836],[-71,149],[-9,63]],[[837,1048],[67,-11],[69,65],[37,-15],[44,56]],[[1054,1143],[32,-53],[104,-83],[6,-30]],[[1054,1143],[11,10]],[[1065,1153],[139,-34],[13,27]],[[907,662],[-5,80],[15,94]],[[963,1222],[13,-57],[89,-12]],[[837,1048],[-38,70]],[[1362,1496],[47,-44]],[[1227,1255],[-47,29],[-30,66],[-43,1]],[[1074,1414],[35,56],[72,44]],[[1181,1514],[48,-16],[64,49],[69,-51]],[[1181,1514],[6,37],[-62,46],[15,37]],[[1140,1634],[74,13],[43,71],[57,38]],[[1314,1756],[43,-22],[-21,-65],[3,-105],[23,-68]],[[1314,1756],[-3,43]],[[1311,1799],[46,-8],[61,33],[65,-162],[-32,-105],[-37,-58],[11,-37]],[[1140,1634],[-58,28]],[[1049,1760],[53,-1],[122,70],[44,-61],[46,-12]],[[1672,904],[2,-43],[-82,-44],[15,-89]],[[1607,728],[-46,-50],[-100,-44],[-10,133]],[[1604,977],[68,-73]],[[1859,778],[-80,78],[-107,48]],[[1666,1078],[111,-76],[51,-2],[61,-82],[-30,-140]],[[1859,778],[60,-43],[44,-88],[-93,-1],[-40,-23],[-69,84],[-73,-68],[-67,45],[-14,44]],[[1043,1840],[19,82]],[[1062,1922],[42,34],[129,-32],[19,-64],[59,-61]],[[779,2081],[112,-84],[54,19],[117,-94]]],"objects":{"MDA.geo":{"type":"GeometryCollection","geometries":[{"arcs":[[0,1,2]],"type":"Polygon","properties":{"name":"Briceni","postal":"BR"},"id":"MDA"},{"arcs":[[3,4,5,6,7,8]],"type":"Polygon","properties":{"name":"Donduseni","postal":"DO"},"id":"MDA"},{"arcs":[[-7,9,10,-2,11]],"type":"Polygon","properties":{"name":"Edinet","postal":"ED"},"id":"MDA"},{"arcs":[[-8,-12,-1,12]],"type":"Polygon","properties":{"name":"Ocnita","postal":"OC"},"id":"MDA"},{"arcs":[[13,14,15,16,17,-10,-6]],"type":"Polygon","properties":{"name":"Rîscani","postal":"RS"},"id":"MDA"},{"arcs":[[18,19,-16,20]],"type":"Polygon","properties":{"name":"Balti","postal":"BT"},"id":"MDA"},{"arcs":[[21,22,23,-14,-5]],"type":"Polygon","properties":{"name":"Drochia","postal":"DR"},"id":"MDA"},{"arcs":[[-19,24,25,26,27]],"type":"Polygon","properties":{"name":"Falesti","postal":"FA"},"id":"MDA"},{"arcs":[[-20,-28,28,-17]],"type":"Polygon","properties":{"name":"Glodeni","postal":"GL"},"id":"MDA"},{"arcs":[[29,30,-25,-21,-15,-24,31]],"type":"Polygon","properties":{"name":"Sîngerei","postal":"SI"},"id":"MDA"},{"arcs":[[-31,32,33,34,35,-26]],"type":"Polygon","properties":{"name":"Ungheni","postal":"UG"},"id":"MDA"},{"arcs":[[36,37,38,39,40,41,42,43]],"type":"Polygon","properties":{"name":"Cahul","postal":"CH"},"id":"MDA"},{"arcs":[[-40,44,-38,45,46,47]],"type":"Polygon","properties":{"name":"Taraclia","postal":"TA"},"id":"MDA"},{"arcs":[[[-42,48]],[[-45,-39]],[[-46,-37,49,50,51,52]]],"type":"MultiPolygon","properties":{"name":"Gagauzia","postal":"GA"},"id":"MDA"},{"arcs":[[53,54,55,56]],"type":"Polygon","properties":{"name":"Chisinau","postal":"CV"},"id":"MDA"},{"arcs":[[57,58,59,60,61,62,63]],"type":"Polygon","properties":{"name":"Dubasari","postal":"DB"},"id":"MDA"},{"arcs":[[64,65,66,67,-55,68,69]],"type":"Polygon","properties":{"name":"Anenii Noi","postal":"AN"},"id":"MDA"},{"arcs":[[70,-47,-53,71,72]],"type":"Polygon","properties":{"name":"Basarabeasca","postal":"BA"},"id":"MDA"},{"arcs":[[-50,-44,73,74]],"type":"Polygon","properties":{"name":"Cantemir","postal":"CN"},"id":"MDA"},{"arcs":[[75,76,77,-34,78]],"type":"Polygon","properties":{"name":"Calarasi","postal":"CA"},"id":"MDA"},{"arcs":[[-72,-52,79,80,81]],"type":"Polygon","properties":{"name":"Cimislia","postal":"CS"},"id":"MDA"},{"arcs":[[82,-59,-69,-54,83,84,-61]],"type":"Polygon","properties":{"name":"Criuleni","postal":"CR"},"id":"MDA"},{"arcs":[[85,86,87,-32,-23,88]],"type":"Polygon","properties":{"name":"Floresti","postal":"FL"},"id":"MDA"},{"arcs":[[89,90,-73,-82,91,92,-67]],"type":"Polygon","properties":{"name":"Cainari","postal":"CU"},"id":"MDA"},{"arcs":[[93,-70,-58,94]],"type":"Polygon","properties":{"name":"Grigoriopol","postal":"DU"},"id":"MDA"},{"arcs":[[-83,-60]],"type":"Polygon","properties":{"name":"Transnistria","postal":"DB"},"id":"MDA"},{"arcs":[[-92,-81,95,96,97,98]],"type":"Polygon","properties":{"name":"Hîncesti","postal":"HI"},"id":"MDA"},{"arcs":[[-56,-68,-93,-99,99,100]],"type":"Polygon","properties":{"name":"Ialoveni","postal":"IA"},"id":"MDA"},{"arcs":[[-80,-51,-75,101,-96]],"type":"Polygon","properties":{"name":"Leova","postal":"LE"},"id":"MDA"},{"arcs":[[102,-100,-98,103,-35,-78]],"type":"Polygon","properties":{"name":"Nisporeni","postal":"NI"},"id":"MDA"},{"arcs":[[104,-62,-85,105,-76,106,107]],"type":"Polygon","properties":{"name":"Orhei","postal":"OH"},"id":"MDA"},{"arcs":[[-108,108,109,110]],"type":"Polygon","properties":{"name":"Rezina","postal":"RZ"},"id":"MDA"},{"arcs":[[-63,-105,-111,111,112]],"type":"Polygon","properties":{"name":"Rezina","postal":"RZ"},"id":"MDA"},{"arcs":[[-110,113,-87,114]],"type":"Polygon",