{"type":"Topology","transform":{"scale":[0.0018717238711140048,0.00262457686584762],"translate":[43.222911004439254,-25.58354341789838]},"arcs":[[[2500,2927],[37,-28],[17,-48],[-9,-182],[-25,-60],[4,-95],[-21,-40],[18,-37],[-3,-90],[-32,-43],[-7,-78],[-50,-56],[-27,-71]],[[2402,2099],[-54,15],[-49,-14],[-97,12],[-74,-16],[-6,-24],[-120,-7],[-91,-44],[-97,17],[-27,-14],[-107,11],[-49,27],[7,47],[-96,9],[-13,25],[-161,29]],[[1368,2172],[38,44],[-28,79],[19,52],[-16,73],[-40,-5],[-47,37],[0,24],[-75,59],[-3,75],[66,53],[-4,78],[-21,39]],[[1257,2780],[26,23],[78,-13],[81,111],[15,49],[114,-15],[228,52],[161,8],[16,-37],[54,-4],[106,30],[73,-9],[49,-44],[120,-22],[122,18]],[[2725,4699],[3,-63],[-65,13],[-4,50],[66,0]],[[3690,3682],[-59,121],[17,60],[-25,28],[18,75],[-57,52],[-119,-13],[-66,50]],[[3399,4055],[-60,57],[-39,109],[-126,79],[-27,37],[-76,22],[-77,-39],[-70,18],[-93,47],[-78,-17],[-100,62],[-59,-1],[-25,-40]],[[2569,4389],[-48,23],[-35,84],[15,69],[96,28],[31,-26],[21,-57],[78,-13],[2,45],[52,53],[55,5],[34,26],[99,22],[32,47],[2,69],[53,58],[3,49],[-44,62],[11,27],[-62,42],[44,16],[57,-16],[8,42],[77,39],[36,45],[-5,24],[45,45],[33,-21],[16,-56],[-33,-36],[70,-13],[22,-33],[41,-6],[25,-40],[-13,-56],[130,-67],[10,-27],[63,-60],[-4,-52],[20,-62],[54,-81],[37,-91],[16,-104],[-6,-56],[27,-32],[-11,-64],[10,-61],[40,-101],[38,-58],[64,-62],[15,-46],[-40,-108],[-49,-81],[-51,-56],[-60,15]],[[2402,2099],[-21,-75],[12,-45],[42,-24],[161,26],[53,61],[47,-29],[39,2],[29,-33],[118,-15]],[[2882,1967],[-83,-195],[-3,-31],[-136,-298],[-136,-210],[-25,-51],[-36,-160],[-38,-80],[-13,-55],[-63,-128],[-27,-100],[-75,-103]],[[2247,556],[-118,48],[-93,-27],[-14,-72],[-50,-11],[-24,61],[-67,16],[-18,39],[-101,26],[-58,43],[46,78],[-44,60],[31,33],[-12,70],[-38,13],[-95,127],[-111,45],[-77,4],[-128,-31],[-105,-40],[-19,-86],[-66,-13],[-16,26],[-73,2],[-44,66],[18,72],[66,95],[28,8],[53,105],[-45,87],[98,33],[12,48],[70,38],[-8,68],[26,34],[85,52],[-10,39],[22,27],[0,76],[33,61],[-14,40],[12,78],[-30,90],[16,45],[-17,43]],[[3399,4055],[-60,-7],[-13,-71],[-36,0],[-35,-36],[-161,-55],[39,-45],[-14,-99],[25,-51],[-37,-41],[-13,-46],[88,-18],[22,-28],[-49,-69],[-50,-22],[-27,-63],[-81,-10],[-67,-33],[-38,35],[16,33],[-21,45],[-91,51],[-84,33],[-89,-9],[-57,7],[-47,-25],[-11,-83],[22,-84],[64,-55],[2,-39],[55,-24],[10,-38],[-63,-103],[18,-7],[-33,-74],[-36,-18],[-47,-79]],[[1257,2780],[-92,-5],[-110,33],[-30,-11],[-56,20],[-117,-70],[47,-62],[29,-79],[29,-37],[-12,-25],[35,-62],[-12,-26],[36,-28],[-80,-11],[-60,-26],[-152,20],[-33,30],[-119,12]],[[560,2453],[-20,22],[15,96],[-41,86],[-72,70],[-4,87],[-22,99],[18,64],[-57,64],[8,56],[126,137],[31,48],[103,103],[-7,57],[19,35],[-28,33],[28,70],[45,4],[177,-17],[92,39],[53,49],[68,25],[33,-71],[41,21],[-14,32],[138,11],[-9,35],[39,26],[140,-18],[101,49],[46,-3],[-3,-37],[36,-51],[39,-9],[9,50],[-40,53],[14,25],[291,154],[50,10],[13,-32],[42,-16],[-42,-65],[126,24],[-93,82],[18,31],[61,34],[46,47],[-1,29],[83,66],[38,-56],[-51,-55],[33,-44],[109,145],[35,37],[-27,59],[11,42],[49,46],[60,-11],[8,59],[48,10]],[[3690,3682],[-49,23],[-36,54],[3,35],[-38,25],[-2,53],[-81,-5],[-60,-42],[50,-144],[-25,-37],[24,-45],[50,-16],[20,-95],[-6,-47],[-67,-59],[30,-57],[-83,-11],[-51,-59],[-52,-92],[39,-145],[-4,-51],[-44,-103],[14,-33],[-30,-27],[-14,-76],[-61,-89],[-28,-71],[-62,-84],[-48,-120],[-67,-116],[-20,-83],[-110,-198]],[[2247,556],[-48,-76],[-14,-62],[-94,-161],[-92,-60],[-21,7],[-83,-40],[-62,-12],[-143,8],[-185,-43],[-142,-50],[-53,-33],[-98,-30],[-190,-4],[-9,21],[-74,22],[-78,48],[-57,16],[-191,17],[-98,73],[-84,26],[-15,51],[-39,34],[0,47],[-47,56],[-72,38],[-27,84],[5,121],[-21,40],[9,47],[57,26],[5,44],[-69,44],[-24,100],[-52,29],[-69,65],[-39,93],[-3,61],[-30,66],[21,111],[36,22],[10,59],[66,29],[0,102],[62,50],[78,-3],[42,22],[48,130],[33,44],[39,16],[47,87],[69,46],[43,79],[74,70],[3,27],[-56,59],[16,57],[42,33],[-12,40],[-101,104]]],"objects":{"MDG.geo":{"type":"GeometryCollection","geometries":[{"arcs":[[0,1,2,3]],"type":"Polygon","properties":{"name":"Antananarivo","postal":"AV"},"id":"MDG"},{"arcs":[[[4]],[[5,6,7]]],"type":"MultiPolygon","properties":{"name":"Antsiranana","postal":"AS"},"id":"MDG"},{"arcs":[[8,9,10,-2]],"type":"Polygon","properties":{"name":"Fianarantsoa","postal":"FI"},"id":"MDG"},{"arcs":[[11,-4,12,13,-7]],"type":"Polygon","properties":{"name":"Mahajanga","postal":"MA"},"id":"MDG"},{"arcs":[[-6,14,-9,-1,-12]],"type":"Polygon","properties":{"name":"Toamasina","postal":"TM"},"id":"MDG"},{"arcs":[[-3,-11,15,-13]],"type":"Polygon","properties":{"name":"Toliary","postal":"TL"},"id":"MDG"}]}}}