{"type":"Topology","transform":{"scale":[0.0022444694482907667,0.002126982025601053],"translate":[-118.35599900441598,14.546282924617287]},"arcs":[[[1909,6325],[-13,0]],[[1896,6325],[13,0]],[[1875,6325],[-27,0]],[[1848,6325],[27,0]],[[1414,6370],[-20,-31],[-48,45],[42,51],[34,13],[-8,-78]],[[58,6756],[-26,-11],[-32,121],[56,-42],[2,-68]],[[2163,7047],[68,-71],[-10,-35],[83,-9],[6,-81],[-33,-23],[-72,67],[-81,93],[39,59]],[[1525,8163],[47,-56],[21,-63],[-32,-61],[-14,-190],[32,-34],[-4,-29],[45,-22],[14,-92],[-4,-50],[29,-68],[-15,-138],[59,-110],[47,-28],[17,-59],[56,-6],[192,-157],[28,-13],[65,-72],[-14,-17],[54,-78],[-13,-18],[76,-47],[17,-53],[64,8],[49,-147],[45,-23],[44,9],[24,-44],[-7,-52],[31,-38],[-7,-33],[21,-57]],[[2492,6325],[-579,0]],[[1913,6325],[-19,63],[21,35],[-30,23],[37,94],[-64,96],[-41,16],[-50,53],[-38,57],[-24,-2],[-46,80],[-41,11],[-110,122],[-96,24],[-45,47],[-94,39],[-89,67],[0,68],[-48,27],[10,64],[-6,70],[-18,50],[-71,30],[-24,32],[9,69],[-12,83],[-53,27],[-33,45],[-38,0],[12,91],[-15,33],[-83,104],[-65,52],[24,144],[-59,25],[-40,35],[-46,123],[-35,14],[-41,84],[-3,36],[592,47],[477,38],[-35,-55],[-7,-45]],[[1576,8441],[-39,-4],[-58,-94],[36,-70],[10,-110]],[[2845,4689],[48,0],[76,-69],[-9,-25],[-115,94]],[[2760,4909],[-24,-66],[-39,-26],[50,127],[13,-35]],[[1875,6325],[21,0]],[[1909,6325],[4,0]],[[2492,6325],[-4,-64],[35,-57],[42,-41],[101,-43],[33,-86],[45,-62],[-7,-18],[56,-37],[57,-17],[-26,-55],[66,-71],[-14,-53],[52,-67],[48,4],[-62,63],[-2,86],[77,-71],[39,-24],[-4,-56],[56,-28],[-8,-55],[32,-40],[-4,-29],[34,-73],[-17,-63],[25,-91],[36,-22],[14,-51],[73,-74],[52,-140],[22,-38],[46,-31],[45,-97],[-36,-87],[22,-73],[3,-50],[54,-70],[94,-46],[20,30],[-16,65],[20,17],[55,-46],[69,-39],[13,-58],[72,5],[-1,-65],[59,-57],[7,-71],[92,-41],[22,-48],[0,-75],[-48,-89],[-80,-48],[-82,-62],[-47,9],[-43,58],[-30,143],[-63,103],[-43,32],[-77,34],[-106,107],[-100,92],[-84,53],[-97,50],[-78,70],[-12,33],[-74,-17],[-15,69],[-37,36],[-59,10],[-14,40],[5,58],[-25,87],[24,46],[10,118],[-17,47],[-3,89],[-41,100],[-42,26],[-23,59],[-44,40],[-24,-12],[-103,63],[-148,108],[2,24],[-38,50],[-31,16],[-33,-19],[-59,26],[-38,-6],[-17,-35],[-43,3],[-39,35],[-41,71],[-64,23],[-15,-13],[-54,63],[-77,19],[-89,43],[-7,79],[-41,33],[-61,22],[-53,75],[-67,16],[-22,50],[58,6],[142,-29],[47,0],[77,47],[19,-65],[93,-53],[-45,91],[18,28],[-33,58]],[[8265,6218],[-77,-63],[-94,72],[-64,-43],[-24,-46],[-15,-81],[-92,-48],[-83,-60],[6,-66],[38,-19],[19,38],[53,-31],[1,-69],[-27,-81],[-45,-46],[-18,54],[-206,-169],[48,-42],[26,-55],[51,-40],[5,-38],[33,-21],[-2,-64],[43,-82],[53,-22],[-12,-32],[41,-54],[54,-34],[66,1],[41,-25],[-21,-39],[-54,-7],[-66,17],[-58,-9],[-49,-30],[-30,-49],[47,-38],[-30,-32],[14,-56],[-28,-99]],[[7809,4710],[-42,22],[-61,3],[-61,84],[-65,7],[-44,-28],[-59,26],[-7,35],[-63,18],[-58,73],[-138,41],[-206,-21],[-16,-18]],[[6989,4952],[-65,-82],[-13,-83],[-57,37],[-74,19],[-51,35],[-9,71],[-51,32],[-50,60],[2,40],[32,30],[-31,40],[76,92],[-12,177],[31,89],[-20,68],[-134,111]],[[6563,5688],[-72,287],[-79,312],[53,90],[238,431]],[[6703,6808],[73,-20],[71,91],[40,20],[9,62],[44,113],[43,71],[75,19],[48,-3],[47,53],[86,-41],[61,7],[151,-20],[46,10],[54,-15],[22,-46],[54,-24],[42,-66],[51,-16],[18,-35],[92,-59],[8,-32],[43,-27],[21,-93],[45,-53],[11,-46],[41,-49],[64,-162],[82,-49],[29,-57],[57,-59],[8,-48],[26,-16]],[[6563,5688],[-152,59],[-101,-7],[-35,-35],[-110,-145],[-35,-10],[-79,56],[-85,17],[-27,-22],[-41,43],[-93,-43],[-101,53],[-57,60],[-56,-3],[-98,68],[-29,-48],[-31,-11],[-3,-47],[-26,-25],[0,-62],[-77,-22],[-13,-37],[24,-64],[-15,-54],[-51,-28],[-14,-105],[-91,-70],[-79,11]],[[5088,5217],[-62,41],[-22,29],[-60,36],[-45,112],[-24,11],[-162,34],[-25,187],[-81,116],[-13,40],[-67,19],[-26,32],[-53,17],[-45,-41]],[[4403,5850],[-34,17],[-57,75],[19,60],[-10,100],[-54,46],[7,24],[-48,39],[-11,30],[-52,35],[-60,133],[34,46],[85,6],[107,-24],[44,39],[-47,135],[9,87],[-37,286],[44,8],[24,273],[8,13],[-19,226],[-39,38],[-59,23],[-101,77],[-3,31],[29,216]],[[4182,7889],[336,0],[0,212],[299,-1],[458,-1],[56,-12],[47,-78],[53,-63],[72,-23],[64,-52],[42,-51],[79,-50],[10,-27],[85,-73],[66,-23],[89,-57],[63,-65],[16,-53],[45,-82],[31,-34],[-8,-76],[9,-44],[48,-70],[17,-57],[82,-61],[35,-5],[112,-97],[69,-19],[85,-50],[55,-9],[79,-62],[27,2]],[[6989,4952],[79,-120],[0,-171],[-138,-24],[-198,39],[-67,-31],[-15,-35],[-38,-5],[-69,-85],[-79,-42],[4,-59],[-26,-132],[-24,-54],[-68,-47],[-11,-112],[-27,-44],[-6,-204],[-48,-172]],[[6258,3654],[-11,74],[-64,-28],[-60,31],[-24,68],[-48,23],[-75,-56],[-23,56],[47,54],[-35,69],[-72,37],[-116,8]],[[5777,3990],[-1,55],[-56,-2],[-71,64],[-22,96],[-52,45],[-22,54],[-13,96],[27,77],[-46,15],[-39,88],[-54,45],[-45,6],[-51,-45],[-62,5],[-35,35],[-7,48],[-59,104],[-44,40],[-41,9],[-41,52],[-35,106],[-4,43],[28,125],[56,66]],[[5777,3990],[-37,-22],[13,-34],[-57,-58],[39,-53],[19,-60],[-11,-26],[-56,23],[-60,-16]],[[5627,3744],[-33,60],[-63,68],[-41,22],[-83,105],[-93,84],[-42,83],[-40,29],[-89,108],[-39,70],[-61,63],[-152,106],[-74,65],[30,35],[-18,43],[-47,-25],[-42,16],[-45,48],[-40,-8],[-39,33],[11,62],[-68,30],[-28,67],[82,22],[-93,64],[-43,-6],[-63,53],[-47,18],[-46,41],[-33,5],[-28,62],[-45,11],[-9,-43],[-53,-1],[-37,33],[25,26],[-166,87],[0,115],[64,102]],[[4039,5497],[4,1]],[[4043,5498],[22,11]],[[4065,5509],[34,21]],[[4099,5530],[7,11]],[[4106,5541],[282,220],[15,89]],[[4039,5497],[4,1]],[[4065,5509],[34,21]],[[2706,6902],[5,-42],[33,-55],[-35,-118],[-48,2],[-89,48],[43,45],[-6,49],[27,60],[70,11]],[[4106,5541],[-51,8],[-1,70],[-112,108],[-83,-24],[-72,58],[-26,123],[-23,23],[-55,-4],[-88,22],[-52,46],[-42,69],[-26,-4],[-31,106],[26,34],[-14,33],[4,63],[-99,13],[-32,-36],[-51,59],[-27,-13],[-85,55],[-84,120],[-16,35],[-104,36],[-24,58],[-71,64],[11,30],[-60,37],[-54,60],[-5,57],[-29,37],[-15,66],[-42,-5],[-29,27],[20,41],[-58,72],[-80,137],[-27,2],[-3,129],[-42,49],[-3,52],[-59,62],[-41,65],[-23,67],[14,78],[20,24],[3,59],[-31,29],[-192,37],[-27,26],[-22,69],[-51,30],[-68,18],[-47,-51],[-57,1],[-150,86],[-39,39],[-41,2],[-115,68]],[[1576,8441],[199,-66],[548,-178],[364,-119],[365,-119],[195,-66],[28,-4],[387,0],[520,0]],[[7809,4710],[-18,-46],[-55,-45],[-96,-163],[-48,-25],[-41,-47],[-187,-136],[-62,-74],[-73,-34],[-30,20],[-19,-61],[7,-88],[-12,-44],[44,-88],[58,-57],[31,-13],[62,-86],[24,-7],[58,23],[21,41],[31,11],[72,-10],[23,-51],[-36,-56],[20,-63],[2,-72],[-84,-109]],[[7501,3430],[-70,57],[-38,0],[-37,25]],[[7356,3512],[-59,50],[-5,60],[-127,97],[-97,-70],[-72,-7],[-5,-61],[-82,-117],[11,-60],[28,-18]],[[6948,3386],[-7,-66],[64,-35],[-23,-62],[-37,-29],[-79,-30],[-45,6],[0,-101],[-83,3],[-58,33],[-102,20],[-69,49],[17,23],[-3,51],[40,20],[48,49],[-11,89],[63,65],[49,27],[54,0],[37,65],[22,77],[-42,24],[-107,83],[-24,-50],[15,-38],[-43,-91],[-85,1],[-1,81],[32,105],[-21,27],[-47,-14],[-38,-171],[-17,25],[16,150],[25,26],[7,52],[-92,17],[-4,-92],[30,-32],[-14,-67],[-78,-10],[-87,-37]],[[6250,3629],[8,25]],[[8265,6218],[42,-48]],[[8307,6170],[-89,-46],[3,-34],[56,-8],[27,-122],[17,-41],[-24,-96],[76,-45],[-21,-49],[17,-21],[80,-42],[-14,-63],[75,-80],[34,-2],[13,-97],[51,9],[66,-62],[35,42],[107,-29],[6,-13],[0,-232],[49,-25],[-197,-159],[-65,16],[-48,-50],[-23,-63],[-128,-65],[-11,-33],[-65,-15],[-38,-32],[11,-47],[47,19],[14,-61],[-19,-92],[10,-57],[58,-50],[-61,-90],[-107,-12],[-49,-101],[20,-72],[-61,20],[-37,-28],[31,-54]],[[8153,4088],[-120,6],[-51,-12],[-14,89],[9,38],[-17,59],[1,93],[-41,51],[-11,45],[-6,134],[-94,119]],[[8153,4088],[4,-40],[60,-65],[-9,-39],[-48,-32],[16,-36],[209,-82],[70,32],[51,-97],[25,-18],[120,-31],[57,-5],[21,20],[66,6]],[[8795,3701],[116,-81],[3,-26],[-45,-99],[-51,-36],[46,-44],[-7,-23],[-66,-36],[-7,-36],[54,-49],[2,-49]],[[8840,3222],[-34,-13],[2,-60],[-26,-20],[-71,-13],[-46,20],[-25,38],[-35,-14]],[[8605,3160],[-24,47],[-43,122],[-52,-41],[-32,-51],[-89,-18],[-62,57],[-31,-45]],[[8272,3231],[-75,19],[-57,47],[-138,54],[-35,-30],[-21,-53],[-47,-2],[-149,121],[-44,10],