{"type":"Topology","transform":{"scale":[0.0008675768698719372,0.0006835624361978842],"translate":[20.444157348982458,40.858449620517256]},"arcs":[[[330,68],[45,33]],[[375,101],[-45,-33]],[[399,160],[20,59]],[[419,219],[-20,-59]],[[227,386],[-8,-55]],[[219,331],[8,55]],[[677,536],[9,-19]],[[686,517],[-24,-34],[-95,-57],[-36,-41],[-30,-191],[-43,-13],[-6,-85]],[[452,96],[-81,-44],[-41,16]],[[375,101],[24,59]],[[419,219],[-4,155],[-76,78]],[[339,452],[3,5]],[[342,457],[36,2],[56,98],[100,16],[72,-33],[71,-4]],[[753,391],[10,-49],[-33,-35],[66,-130],[64,-7],[57,-43],[25,-56],[-18,-64]],[[924,7],[-72,10],[-73,-12],[-47,156],[-56,50],[-76,19],[-67,-68],[90,-86],[-52,-5],[-119,25]],[[686,517],[34,-20],[33,-106]],[[277,829],[3,-4]],[[280,825],[48,-90],[5,-70],[30,-44],[-29,-93],[8,-71]],[[339,452],[-80,18],[-32,-84]],[[219,331],[-66,13],[-13,79],[-61,91],[-40,161],[63,74],[7,48]],[[109,797],[124,-1],[37,33]],[[270,829],[7,0]],[[1003,515],[10,-85],[43,-31],[19,-77],[61,8]],[[1136,330],[-7,-62],[20,-65],[73,-67],[2,-74]],[[1224,62],[-88,12],[-56,-12],[-42,-41],[-114,-14]],[[753,391],[138,61],[84,75]],[[975,527],[28,-12]],[[801,770],[36,-40],[48,0],[6,-70],[45,-3],[43,-74],[-4,-56]],[[677,536],[-88,145]],[[589,681],[61,44],[89,1],[62,44]],[[280,825],[128,9],[104,-10],[22,-80],[55,-63]],[[1578,1585],[-12,-44]],[[1566,1541],[-77,-42],[-14,-108],[-66,-10],[-45,25]],[[1364,1406],[11,92],[-58,18]],[[1317,1516],[-17,23]],[[1300,1539],[12,14]],[[1312,1553],[56,31],[50,-10],[14,72]],[[1432,1646],[50,-38],[60,7],[36,-30]],[[866,835],[-71,-35]],[[795,800],[-72,34]],[[723,834],[5,56]],[[728,890],[65,20],[73,-75]],[[1531,853],[49,-52],[14,-59],[-8,-102],[24,-46],[49,0],[-19,-76],[21,-30],[3,-79],[44,-46]],[[1708,363],[-34,-61]],[[1674,302],[-71,44],[-204,53],[-68,34]],[[1331,433],[-72,34],[-49,-9],[-62,29],[-87,80]],[[1061,567],[57,36],[11,69],[-16,48]],[[1113,720],[51,45],[89,10],[51,31],[31,50]],[[1335,856],[69,-20],[17,54],[44,10],[66,-47]],[[2182,1708],[-10,-37],[-83,-77]],[[2089,1594],[-77,-94],[40,-51]],[[2052,1449],[-89,16]],[[1963,1465],[-56,11]],[[1907,1476],[-5,53],[-92,89],[12,52]],[[1822,1670],[159,50],[95,-22],[4,47],[61,-1],[41,-36]],[[2509,1271],[27,-70],[-17,-66]],[[2519,1135],[-59,-55],[32,-92],[-75,23],[-43,-62]],[[2374,949],[-97,106],[-111,28]],[[2166,1083],[-37,90],[23,28],[67,-16],[37,65]],[[2256,1250],[52,84]],[[2308,1334],[42,-26],[53,24],[106,-61]],[[2378,1888],[-104,-72]],[[2274,1816],[-81,-8]],[[2193,1808],[-66,37],[-94,-11],[-76,-33],[-136,108]],[[1821,1909],[23,28],[-26,86],[35,21],[-7,68]],[[1846,2112],[57,5],[159,63],[31,30],[55,-73],[43,-8],[114,-145],[43,-31],[30,-65]],[[1774,1015],[1,-72]],[[1775,943],[-41,-91],[-131,-13],[-29,36]],[[1574,875],[7,46]],[[1581,921],[100,49],[24,32],[69,13]],[[924,1811],[83,-139],[47,-24]],[[1054,1648],[1,-53]],[[1055,1595],[-30,-8],[-134,-96]],[[891,1491],[-43,33],[9,102],[-57,29]],[[800,1655],[47,23],[-16,118],[74,26]],[[905,1822],[19,-11]],[[1135,1590],[21,-29]],[[1156,1561],[-8,-54],[-93,8],[-15,-243]],[[1040,1272],[-48,16],[-82,114]],[[910,1402],[8,57],[-27,32]],[[1055,1595],[80,-5]],[[1821,1909],[-90,-96]],[[1731,1813],[-101,33],[-84,-23],[-30,36],[0,123],[19,36],[-65,34]],[[1470,2052],[113,64],[77,7],[66,34],[120,-45]],[[1963,1465],[-28,-35],[21,-81],[53,-5],[128,-100],[119,6]],[[2166,1083],[-73,-81]],[[2093,1002],[-51,3],[-54,61],[-67,11],[-115,86]],[[1806,1163],[-57,15]],[[1749,1178],[-28,42],[89,59]],[[1810,1279],[93,141],[4,56]],[[1317,1516],[-58,-36],[-27,-72],[-54,-11],[19,-101]],[[1197,1296],[-44,-19],[-57,-99]],[[1096,1178],[-24,80],[-32,14]],[[1156,1561],[103,-10]],[[1259,1551],[21,14]],[[1280,1565],[20,-26]],[[1129,1716],[2,-31]],[[1131,1685],[-12,-3],[-30,55],[18,10],[22,-31]],[[1810,1279],[-97,95],[-94,55]],[[1619,1429],[-40,47],[-13,65]],[[1578,1585],[62,81],[74,-34],[63,37]],[[1777,1669],[45,1]],[[1619,1429],[-34,-45],[5,-86],[44,-49]],[[1634,1249],[-5,-41],[-59,-90],[-38,-30]],[[1532,1088],[-92,54],[-26,83],[-91,16],[-24,49]],[[1299,1290],[69,51],[-4,65]],[[723,834],[-77,-24],[-40,46],[6,38]],[[612,894],[35,51]],[[647,945],[111,110]],[[758,1055],[53,-66],[-80,-76],[-3,-23]],[[1299,1290],[-102,6]],[[910,1402],[-57,33]],[[853,1435],[-131,25],[11,65],[-69,76]],[[664,1601],[31,18],[-18,62]],[[677,1681],[93,-38],[30,12]],[[1336,1757],[35,-28]],[[1371,1729],[-53,-59],[-55,-19]],[[1263,1651],[14,43],[-13,79]],[[1264,1773],[72,-16]],[[1421,2014],[9,-105],[-57,-51],[-37,-101]],[[1264,1773],[-34,46]],[[1230,1819],[-29,59]],[[1201,1878],[34,57],[-50,85]],[[1185,2020],[103,12],[133,-18]],[[1230,1819],[-48,-57],[-3,-80],[-24,-16]],[[1155,1666],[-21,12]],[[1134,1678],[-3,7]],[[1129,1716],[21,106],[51,56]],[[1532,1088],[33,-57],[-15,-92],[31,-18]],[[1574,875],[-43,-22]],[[1335,856],[-80,73],[-79,23],[-10,65],[-37,42],[-57,15]],[[1072,1074],[-2,58],[26,46]],[[1155,1666],[-2,-21]],[[1153,1645],[-7,0]],[[1146,1645],[-12,29]],[[1134,1674],[0,4]],[[2308,1362],[-64,4]],[[2244,1366],[-40,80]],[[2204,1446],[91,33]],[[2295,1479],[13,-117]],[[2089,1594],[115,-148]],[[2244,1366],[-125,27],[-67,56]],[[1134,1674],[-79,39]],[[1055,1713],[-20,62],[-48,39]],[[987,1814],[-6,74],[67,98],[88,0],[49,34]],[[2174,828],[7,-68]],[[2181,760],[13,-75],[-76,-30]],[[2118,655],[-68,-41],[-75,23],[-84,81]],[[1891,718],[57,3],[-11,70],[80,113],[75,-32],[47,51]],[[2139,923],[37,-21],[-2,-74]],[[1113,720],[-63,6],[-52,30]],[[998,756],[-50,66],[40,15],[-48,61]],[[940,898],[78,64],[54,112]],[[1263,1651],[49,-98]],[[1280,1565],[-127,80]],[[1806,1163],[-31,-52],[47,-26],[-10,-54],[-38,-16]],[[1634,1249],[44,-88],[71,17]],[[2374,949],[6,-59]],[[2380,890],[-73,-30]],[[2307,860],[-42,3],[-91,-35]],[[2139,923],[-46,79]],[[1371,1729],[63,-45],[-2,-38]],[[2308,1362],[0,-28]],[[1146,1645],[-4,-16]],[[1142,1629],[-7,-39]],[[1054,1648],[1,65]],[[2118,655],[12,-78],[-48,-24],[13,-62],[-55,-49]],[[2040,442],[-62,-13],[-66,-44],[-68,41],[-136,-63]],[[1775,943],[69,-10],[11,-138],[36,-77]],[[1259,1551],[-117,78]],[[2274,1816],[44,-21],[39,-78],[33,-127]],[[2390,1590],[-77,4],[-18,-115]],[[2182,1708],[11,100]],[[1777,1669],[-39,69],[-35,18],[28,57]],[[1061,567],[-35,25]],[[1026,592],[-2,72],[-26,92]],[[1026,592],[-23,-77]],[[801,770],[-6,30]],[[866,835],[52,20],[22,43]],[[1421,2014],[49,38]],[[758,1055],[1,61],[-57,38]],[[702,1154],[3,47],[-30,71],[26,69],[31,3]],[[732,1344],[100,92],[21,-1]],[[1331,433],[-67,-90],[-85,19],[-43,-32]],[[1674,302],[-75,-104],[-55,-43],[-7,-45],[-47,-21],[-92,-1],[-87,-76],[-87,50]],[[924,1811],[63,3]],[[623,1121],[-20,-109]],[[603,1012],[-81,-42]],[[522,970],[-47,79],[-54,57]],[[421,1106],[51,67],[50,6]],[[522,1179],[101,-58]],[[109,797],[-55,48],[-11,47]],[[43,892],[100,83],[48,-3],[46,-57],[33,-86]],[[328,907],[-51,-78]],[[43,892],[-42,59],[-1,60],[88,28],[16,27]],[[104,1066],[73,-53],[52,-8],[99,-98]],[[522,970],[90,-76]],[[328,907],[32,-7],[55,49],[15,47],[-9,110]],[[603,1012],[44,-67]],[[104,1066],[-30,109],[-9,106],[57,96]],[[122,1377],[114,-62],[47,-5],[35,36],[86,-8],[24,-61],[52,-28],[42,-70]],[[623,1121],[79,33]],[[675,1690],[-81,115],[-64,36]],[[530,1841],[158,63]],[[688,1904],[102,-126],[-43,-61],[-72,-27]],[[675,1690],[2,-9]],[[664,1601],[-72,-1]],[[592,1600],[-43,38],[-84,14],[-111,-69]],[[354,1583],[-11,44],[27,137],[52,42],[108,35]],[[581,1485],[9,-35]],[[590,1450],[-13,-40],[-113,-26],[-63,51],[-90,29]],[[311,1464],[43,75]],[[354,1539],[27,12],[110,-23],[90,-43]],[[592,1600],[25,-67],[-36,-48]],[[354,1539],[0,44]],[[732,1344],[-58,64],[-84,42]],[[122,1377],[-10,90],[30,17],[59,-33],[39,28],[71,-15]],[[688,1904],[66,53],[117,-81],[34,-54]],[[2570,899],[23,-50],[75,-69],[31,8]],[[2699,788],[13,-88]],[[2712,700],[-40,-21]],[[2672,679],[-63,34],[-54,-44],[-59,-7],[-29,32],[-56,-4],[-49,116],[-55,54]],[[2380,890],[27,34],[79,-48],[84,23]],[[2672,679],[-23,-52]],[[2649,627],[-92,10],[-111,-77]],[[2446,560],[-46,8],[-25,-49]],[[2375,519],[-27,34],[-15,113],[-78,70],[-74,24]],[[2633,1040],[0,-79],[-63,-62]],[[2519,1135],[71,-41],[43,-54]],[[2446,560],[28,-33],[83,-18],[-6,-43]],[[2551,466],[-81,-77]],[[2470,