{"type":"Topology","transform":{"scale":[0.00546739680385379,0.005011490842898804],"translate":[-12.221226724746046,10.186109155887811]},"arcs":[[[2236,2327],[-41,-139],[-201,-174],[-132,-73],[197,-169],[14,-22]],[[2073,1750],[-9,-214],[-141,-74],[18,-95],[163,-17],[4,-181],[36,-192]],[[2144,977],[-50,-5]],[[2094,972],[-81,24],[-31,29],[-55,21],[-84,-4],[-56,-21],[-27,13],[-32,70],[-28,27],[-102,-24],[-29,-48],[-37,0],[-25,66],[-129,-49],[-85,6],[-37,-11]],[[1256,1071],[-28,-9]],[[1228,1062],[28,160],[-49,44],[-24,241],[-19,184],[-22,217],[-29,269],[-28,265],[-24,217],[-32,296],[324,0],[281,-198],[140,-100],[253,-181],[209,-149]],[[3009,1554],[-239,0],[-173,0],[-33,-43],[-108,-26],[-116,101],[-93,114],[-174,50]],[[2236,2327],[209,-149],[0,-61],[91,-54],[25,-44],[53,-18],[17,12],[61,-51],[82,-15],[50,-30],[7,-76],[-28,-52],[37,-34],[169,32],[0,-233]],[[3009,1554],[1,-195],[-10,-37],[1,-79],[-23,-23],[-35,-117],[-63,-43],[-3,-29],[-80,15],[-13,-18],[-305,-11],[-66,-58],[-55,-10],[-29,10],[-54,-16],[-70,28],[-42,-10],[-19,16]],[[1079,1059],[-15,-65],[-26,-44],[20,-33],[10,-49],[-37,-11],[-58,-96],[0,-50],[34,-59],[-38,-22],[-29,-65],[36,-22],[-2,-24],[49,4],[44,-21],[23,-29]],[[1090,473],[51,-87],[-67,-19],[-22,-74],[-87,41],[-25,30],[6,26],[-12,58],[-79,-85],[-96,-64],[-66,-8],[-20,-38]],[[673,253],[-31,37],[-25,4],[9,51],[-42,98]],[[584,443],[25,49],[54,31],[7,82],[20,45],[-19,48],[-55,58],[16,27],[-8,35],[124,11],[-19,36],[-42,35],[-8,53],[-42,13],[-12,43],[-62,51]],[[563,1060],[329,-1],[187,0]],[[584,443],[-54,18],[3,-28],[-59,-37],[-17,-29],[-100,39],[-20,-8],[-61,-58],[-17,41],[-45,21],[-26,-37],[-29,5],[-29,30],[22,39],[-9,34],[10,75],[-27,36],[-15,50],[-49,18],[-39,50],[24,41],[-6,47],[-41,49],[10,47],[60,53],[-4,31],[24,99],[58,12],[21,-30],[46,-37],[24,-33],[35,66],[76,0],[32,-12],[54,0],[30,11],[97,14]],[[1419,505],[14,-37],[-4,-45],[-62,-58],[-60,-7],[-35,-27],[-6,-48],[15,-36],[-19,-58],[-31,-10],[11,-48],[-7,-51],[-23,-27],[-52,-15],[-25,-37],[-41,12],[11,34],[-18,60],[-26,-33],[-45,19],[-21,-56],[-35,-8],[2,-29],[-73,13],[-19,36],[-33,2],[-34,-46],[-73,42],[-12,23],[-2,88],[-36,15],[-9,32],[25,22],[-23,26]],[[1090,473],[67,19],[58,33],[26,-42],[31,38],[37,-44],[53,9],[15,24],[42,-5]],[[2094,972],[-50,-48],[-56,-20],[-63,-44],[-50,-2],[-10,-57],[-23,-9],[-57,25],[-69,-47],[-16,-49],[-26,-39],[-35,11],[2,-73],[-64,-19],[-67,58]],[[1510,659],[-22,87],[-36,-18],[-19,-37],[-40,-15],[-46,3],[-8,76],[-56,4],[4,36],[-18,26],[-70,46],[22,80],[62,18],[20,35],[-16,54],[-31,17]],[[1510,659],[-71,-74],[23,-34],[-13,-47],[-30,1]],[[1079,1059],[149,3]]],"objects":{"MLI.geo":{"type":"GeometryCollection","geometries":[{"arcs":[[0,1,2,3,4,5]],"type":"Polygon","properties":{"name":"Timbuktu","postal":"TB"},"id":"MLI"},{"arcs":[[6,-1,7]],"type":"Polygon","properties":{"name":"Kidal","postal":"KD"},"id":"MLI"},{"arcs":[[8,-2,-7]],"type":"Polygon","properties":{"name":"Gao","postal":"GA"},"id":"MLI"},{"arcs":[[9,10,11,12,13]],"type":"Polygon","properties":{"name":"Bamako","postal":"KK"},"id":"MLI"},{"arcs":[[-13,14]],"type":"Polygon","properties":{"name":"Kayes","postal":"KY"},"id":"MLI"},{"arcs":[[15,-11,16]],"type":"Polygon","properties":{"name":"Sikasso","postal":"SK"},"id":"MLI"},{"arcs":[[17,18,-4]],"type":"Polygon","properties":{"name":"Mopti","postal":"MO"},"id":"MLI"},{"arcs":[[19,-17,-10,20,-5,-19]],"type":"Polygon","properties":{"name":"Ségou","postal":"SG"},"id":"MLI"}]}}}