{"type":"Topology","transform":{"scale":[0.0016842377395698143,0.002173424912149901],"translate":[92.17497277867074,9.796341751685505]},"arcs":[[[3381,4497],[-61,-79],[23,-45],[3,-86],[-91,-87],[37,-27],[19,-130],[-68,-11],[-76,-32],[-81,27]],[[3086,4027],[-42,62],[-106,3],[-94,137],[-4,38],[-54,45],[-16,56]],[[2770,4368],[51,67],[-18,30],[25,39],[117,66],[20,120],[40,-36],[125,-14],[46,6],[37,-31],[-14,-41],[37,-27],[131,-17],[14,-33]],[[3086,4027],[47,-99],[66,-1],[72,-86],[41,-81],[-40,-40],[50,-93],[126,-80],[70,-94],[106,-76],[31,-41],[52,-8],[54,-63],[-2,-47],[-29,-31],[62,-55],[41,-64],[15,-75],[79,33],[68,-4],[-12,-48],[-50,-72],[-84,6],[-44,-65],[-24,-110],[15,-130],[-102,-45],[-7,-46],[-60,16],[-45,-33]],[[3582,2495],[-190,237],[-28,55],[14,86],[-25,39],[184,18],[-32,54],[-94,68],[-107,60]],[[3304,3112],[-21,7]],[[3283,3119],[-87,70],[-35,70],[-17,68],[36,45],[-51,158],[8,26],[-44,49],[-89,-40]],[[3004,3565],[-34,89],[16,31],[-44,77],[45,75],[-140,140],[8,68],[-31,27],[-65,-22],[-75,3],[-48,65],[7,59],[35,22],[-92,72],[5,43],[-83,137]],[[2508,4451],[63,5],[75,-15],[25,22]],[[2671,4463],[88,-52],[11,-43]],[[2461,6308],[-8,-35],[-61,-55],[-26,-77],[31,-43],[80,-15],[96,20],[123,-60],[-45,-50],[-100,-18],[-121,-1],[-38,-19],[77,-116],[-9,-41],[50,-15],[45,-93],[159,-46],[63,-92],[21,-58],[-121,-18],[-64,-48],[-137,-24],[-34,-37],[26,-98],[25,-33],[-88,-18],[-6,-59],[89,-34],[82,-9],[50,-35],[-80,-73],[56,-47],[-42,-76],[37,-96],[-51,-36],[15,-26],[-60,-31],[57,-71],[38,1],[73,-75],[8,-88]],[[2508,4451],[-133,5],[-37,-30],[-89,29],[-97,-7]],[[2152,4448],[-28,11],[-16,56],[54,105],[-18,78],[25,61],[-45,64],[-20,100],[-51,68],[-17,50],[-57,6],[-261,-81],[8,111],[-159,56],[-7,97],[27,29],[82,11],[9,22],[83,7],[112,69],[7,67]],[[1880,5435],[23,46],[108,14],[56,-52],[69,0],[38,36],[34,71],[75,18],[17,45],[-25,43],[-25,139],[12,73],[-40,52],[28,49],[7,177],[-39,88],[20,49],[82,82],[66,-60],[75,3]],[[3004,3565],[-76,-7],[-87,40],[-41,-7],[-5,-66]],[[2795,3525],[-18,-45],[35,-34],[-37,-33],[36,-68],[-18,-61],[-31,-20]],[[2762,3264],[-54,36],[-96,12],[-107,-3],[-4,56],[-34,44],[-26,76],[-130,176],[-98,-49],[-92,-85]],[[2121,3527],[-58,55],[-87,29],[-27,37],[17,90],[-58,138],[-140,116]],[[1768,3992],[-53,41],[10,48],[62,33],[2,75],[54,29],[17,42],[141,51],[168,6],[18,45],[-35,86]],[[2762,3264],[-15,-70],[-110,-101],[-166,-37],[-31,-33],[-98,-21],[-61,26]],[[2281,3028],[-79,18],[-25,39],[28,23],[10,87],[-20,36],[19,39],[-64,99],[-53,40],[-10,43],[34,75]],[[3204,2956],[-66,37],[-5,68],[41,28],[51,-12],[-21,-121]],[[3582,2495],[-28,-52],[18,-52]],[[3572,2391],[-50,1],[-56,48],[-65,-10],[-19,-46],[-45,-45]],[[3337,2339],[7,136],[-38,42],[26,70],[-26,86],[-18,130],[-78,56],[42,120],[-9,95],[61,38]],[[3283,3119],[-44,-20],[-123,-4],[-81,62],[-25,74],[-36,47],[9,36],[-58,62],[-19,54],[-98,57],[-13,38]],[[896,4174],[44,-52],[-28,-36],[-45,5],[-82,71],[74,31],[37,-19]],[[967,4459],[46,-4],[53,-29],[-3,-25],[-64,-38],[-36,0],[-48,69],[-44,29],[27,31],[69,-33]],[[277,5297],[82,-70],[33,-45],[55,9],[122,-16],[16,-58],[61,-57],[125,-56],[84,-3],[39,18],[-15,69],[56,7],[31,-49],[61,-29]],[[1027,5017],[-1,-55],[58,-22],[152,-194],[5,-44],[46,-44],[-9,-47],[25,-41],[36,-128],[60,-67],[24,-94],[66,-35],[72,-86],[-45,-33],[38,-32],[-27,-42],[10,-64],[43,-50]],[[1580,3939],[33,-81],[-19,-117],[26,-35],[-12,-56],[-44,-48],[-6,-74],[-27,-43],[-110,42]],[[1421,3527],[16,70],[-56,80],[-32,85],[29,35],[-47,122],[-81,76],[-19,73],[-59,43],[3,41],[-60,10],[-13,144],[-50,2],[23,-88],[-29,-39],[-111,40],[-150,158],[-8,36],[76,5],[32,-45],[78,-32],[91,39],[22,31],[-5,35],[-38,4],[-104,67],[-28,49],[-54,27],[63,62],[-84,0],[-91,27],[-23,51],[-61,-19],[-48,8],[-25,-32],[-59,0],[-43,43],[24,109],[-89,-93],[-53,51],[51,31],[-19,83],[-106,-29],[-68,50],[-50,66],[-44,13],[-65,162],[-57,58],[5,65],[31,46],[52,21],[59,-46],[60,-1],[21,-47],[49,23]],[[1160,6468],[25,-73],[-17,-91],[-58,-3],[3,-66],[-29,-8],[11,-119],[-16,-69],[9,-112]],[[1088,5927],[23,-146],[-15,-30],[17,-63],[-17,-50],[19,-42],[-27,-77],[70,-94],[-58,-148],[47,-26],[2,-66],[-41,-73],[53,-103],[-64,-14],[-70,22]],[[277,5297],[-31,86],[-8,222],[45,19],[19,62],[101,-60],[66,12],[35,69],[70,-6],[14,92],[-39,58],[-12,120],[57,50],[-22,57],[64,-1],[76,57],[1,70],[33,169],[-34,42],[-9,70],[-30,39],[24,52],[64,-59],[92,22],[78,-6],[36,-28],[116,-8],[77,-29]],[[1327,2780],[-12,75],[57,26],[74,75],[34,-23],[-52,-72],[-61,-22],[-40,-59]],[[2281,3028],[30,-31],[-52,-40],[-133,-36],[-54,-90],[-84,-67],[-75,-41],[-65,12],[-3,45],[-65,-28],[-34,53],[-83,-59],[-70,9],[-14,76],[-67,-43],[-37,-1],[-57,49],[47,39],[25,75],[-24,35],[-76,2],[-5,-45],[-95,-84],[-64,-15],[-18,31],[35,223],[37,1],[29,104],[0,61],[50,28],[-4,47],[32,54],[1,49],[36,17],[-3,69]],[[1580,3939],[44,25],[104,-16],[40,44]],[[1088,5927],[63,13],[61,-69],[47,-77],[-31,-59],[21,-72],[76,-23],[-6,-106],[46,-25],[76,23],[144,4],[123,-9],[60,6],[57,-74],[55,-24]],[[2461,6308],[46,31],[25,53],[71,81],[-29,63],[-57,23],[154,41]],[[2671,6600],[33,-52],[112,-57],[-23,-84],[68,-6],[62,-29],[125,27],[97,37],[68,10],[36,28]],[[3249,6474],[144,72],[173,44],[67,-9],[125,10],[48,-21],[138,24],[23,-20],[-115,-53],[8,-84],[61,-8],[47,-76],[-46,-33],[41,-24],[36,-84],[-30,-54],[99,-9],[29,-27],[89,-21],[75,29],[84,-28],[25,-50],[-63,-6],[-9,-37],[-63,-63],[28,-51],[2,-52],[-45,-39],[-69,-95],[0,-33],[118,-16],[44,12],[178,-27],[49,-22],[72,13],[14,-38],[-27,-51],[17,-60],[117,-33],[-29,-65],[53,-37],[117,46],[43,-34],[69,0],[78,29],[55,50],[161,63],[63,-69],[-18,-46],[-83,-49],[-126,-50],[-39,7],[-21,-71],[-38,-48],[-49,-13],[-18,-101],[-77,12],[-102,-62],[-37,-69],[-30,-106],[-94,58],[-62,-13],[-19,-31],[-79,-18],[-100,16],[14,-68],[-51,-44],[-86,-18],[-106,26],[-60,-35],[-17,-112],[-62,-25],[-45,29],[-99,-29],[-64,-32],[-134,7],[-116,40],[-56,6],[-5,-69],[-83,-32]],[[3610,123],[23,-20],[-103,-73],[4,45],[76,48]],[[3627,788],[-57,12],[30,70],[47,29],[-20,-111]],[[3782,921],[2,-81],[-69,-26],[-32,80],[40,30],[59,-3]],[[3516,1182],[-51,-25],[-42,26],[89,26],[4,-27]],[[3697,1277],[32,-53],[-63,-60],[-28,147],[59,-34]],[[3572,2391],[31,-87],[104,-90],[109,-136],[62,-20],[28,-32],[108,-52],[42,-63],[50,-36],[37,-72],[-1,-61],[22,-72],[-9,-104],[-35,-5],[-12,-69],[42,-29],[5,-61],[24,-50],[107,-67],[-2,-66],[39,-87],[6,-60],[60,-61],[-8,-46],[46,-36],[-14,-41],[-46,-44],[-53,-15],[-8,-47],[-109,-138],[-18,-40],[-126,-70],[-9,-53],[-92,-36],[-50,-65],[27,-47],[-57,-136],[-63,-84],[-41,-6],[-19,78],[24,76],[-21,41],[-18,128],[81,34],[-11,35],[78,20],[-4,80],[27,73],[-22,85],[22,111],[-46,1],[-42,32],[69,96],[-4,46],[-47,12],[-28,96],[67,30],[-56,30],[11,60],[40,70],[-62,140],[-5,79],[-58,45],[-29,89],[-79,89],[-32,19],[6,64],[-33,8],[-23,-82],[-34,5],[0,80],[-25,61],[28,57],[-68,91],[-11,53],[-59,125],[-48,75]],[[2671,6600],[-40,50],[1,49],[29,28],[-138,39],[-113,-20],[-58,44],[-19,38],[-99,34],[-58,117],[138,52],[-50,56],[-12,146],[55,10],[70,52],[-58,109],[52,81],[-8,36],[-83,113],[3,21],[78,30],[-48,89],[76,34],[85,91],[64,-10],[187,21],[111,1],[64,47]],[[2900,7958],[45,16],[-136,129],[-21,98],[112,60],[108,72],[58,-3],[14,43],[-38,62],[21,49],[70,38],[-4,30],[49,67],[102,-19],[24,-48],[94,-13],[137,-115],[-13,-61],[42,-35],[16,-78],[54,-87],[52,8],[10,55],[166,-45],[-1,-93],[16,-32],[-19,-60],[37,-123],[-2,-89],[14,-41],[-23,-100],[-35,-45],[28,-63],[-94,-31],[17,-50],[70,-54],[-49,-36],[-50,17],[-39,-20],[-76,-105],[-33,-7],[-75,29],[-30,-56],[5,-48],[-105,-78],[-78,9],[-57,-76],[0,-52],[26,-62],[-50,2],[-76,-39],[-9,-145],[71,5],[47,-75],[-7,-70],[-114,-84],[78,-35]],[[1160,6468],[36,65],[63,155],[68,99],[95,78],[50,80],[35,81],[-14,33],[-67,16],[-16,33],[34,69],[51,38],[94,39],[65,72],[29,8],[-5,86],[82,49],[-55,100],[10,67],[-14,38],[55,67],[165,37],[47,51],[60,5],[111,79],[66,15],[74,75],[77,31],[157,19],[62,-3],[44,28],[102,-5],[60,-47],[4,-32],[115,-36]]],"objects":{"MMR.geo":{"type":"GeometryCollection","geometries":[{"arcs":[[0,1,2]],"type":"Polygon","properties":{"name":"Kayah",