{"type":"Topology","transform":{"scale":[0.006980712596917997,0.004260539601833909],"translate":[87.80649284056616,41.59563496257274]},"arcs":[[[507,1668],[-79,-22],[7,-116],[19,-24],[71,-196],[-5,-54],[58,-76],[-118,16]],[[460,1196],[-19,60],[-25,16],[-35,69],[-4,43],[-51,62],[-48,16],[-30,48],[-71,-8],[-67,55],[-1,27],[-79,46],[-30,61],[7,84],[41,26],[5,41],[100,-2],[54,46],[62,18],[-9,46],[54,24]],[[314,1974],[43,-101],[85,-64],[65,-141]],[[3355,1088],[53,-28],[25,-72],[-2,-70],[32,-62],[1,-37]],[[3464,819],[-36,-28],[-49,-136],[22,-54],[42,-51],[13,-57],[-48,-41],[-95,-55],[-76,-122],[-106,-51],[-25,-24],[-99,-12],[-107,10]],[[2900,198],[0,149],[-11,149],[-42,138],[4,50]],[[2851,684],[24,71],[62,9],[45,43],[-17,142],[-30,93],[0,81],[-48,92]],[[2887,1215],[74,2],[51,54]],[[3012,1271],[41,-49],[-11,-84],[50,-62],[50,2],[36,29],[23,76],[58,-93],[60,-39],[36,37]],[[2900,198],[-184,-36],[-224,-127],[-27,-35],[-74,17],[1,48],[-112,-27],[-93,58],[-149,42],[-57,78],[-59,3],[-173,35],[-57,-19]],[[1692,235],[-14,142],[-5,214],[43,14],[68,-80],[132,-3],[82,56]],[[1998,578],[53,21],[125,1],[-9,39],[47,123],[61,51],[12,30]],[[2287,843],[47,-1],[15,-83],[185,-33],[38,-90],[38,-25],[58,10],[121,60],[62,3]],[[3564,1459],[-86,-45],[1,-56],[-53,-3],[-28,-45],[-8,-60],[-27,-57],[-8,-105]],[[3012,1271],[-20,20],[-38,108]],[[2954,1399],[8,84]],[[2962,1483],[56,37],[23,64],[-26,111],[-48,72]],[[2967,1767],[7,47]],[[2974,1814],[85,5],[146,-43],[113,11],[56,37],[110,17]],[[3484,1841],[12,-115],[49,-125],[-2,-80],[21,-62]],[[1984,1738],[44,-51],[24,6],[15,-77],[57,-54],[31,-79],[58,-61],[61,-95]],[[2274,1327],[-70,-10],[-23,34],[-43,-15],[-26,-41],[-107,-50],[-77,-19]],[[1928,1226],[-79,5],[-52,80],[-69,-18],[-7,76],[-24,55],[-58,-41],[-63,18],[-8,33],[-52,-13]],[[1516,1421],[-29,7],[4,95],[38,4],[88,55]],[[1617,1582],[24,-17],[60,12],[105,52],[-12,34],[15,78],[43,48],[87,-57],[45,6]],[[1928,1226],[36,-52],[-1,-100],[-31,-44],[2,-49],[-28,-85],[10,-90],[55,-42],[-10,-35],[37,-151]],[[1692,235],[-21,-8],[-232,38]],[[1439,265],[-8,123],[19,75],[5,197],[31,24],[6,103],[37,118],[-15,90],[-98,115],[-7,66]],[[1409,1176],[31,133],[42,16],[34,96]],[[1329,1927],[-30,-66],[33,-65],[61,-11],[52,-38],[90,-13],[32,36],[44,5],[15,-71],[-18,-45],[9,-77]],[[1409,1176],[-94,1],[-22,66],[-59,-1],[-32,84],[-104,77],[-47,-3],[-37,31],[-115,19],[-85,-33]],[[814,1417],[-43,107],[35,34],[3,39]],[[809,1597],[38,60],[59,35],[95,-28],[104,41],[23,125],[-32,50],[3,68]],[[1099,1948],[56,28],[100,-36],[74,-13]],[[1439,265],[-95,15],[-120,-11],[-8,45],[-55,66],[-58,179],[-25,7],[7,66],[-49,-8],[-152,95],[-65,69],[-64,12]],[[755,800],[5,156],[30,37],[66,178],[69,66],[-33,88],[-71,62],[-7,30]],[[755,800],[-86,-2],[-62,19],[-75,0],[-88,26],[-37,72],[7,55],[44,69],[-15,61],[17,96]],[[507,1668],[57,61],[34,-47],[45,-30],[68,-17],[61,13],[37,-51]],[[2122,2066],[-73,-98],[64,-45],[-39,-84],[-44,-13],[-43,-43],[-3,-45]],[[1329,1927],[31,-19],[62,55],[53,25],[23,51],[2,60],[-34,20],[-33,81],[35,117],[40,59],[54,30],[21,61],[67,-40],[51,-11],[47,-37],[72,-1],[115,-62],[61,-4],[64,-29],[-6,-53],[26,-129],[42,-35]],[[314,1974],[8,18],[95,47],[37,31],[63,11],[48,52],[59,1],[20,37],[50,-40],[53,-14],[174,-12],[17,-80],[39,-49],[122,-28]],[[2370,2036],[24,-28],[2,-69],[29,-40],[-31,-136]],[[2394,1763],[-60,3],[-14,-31],[54,-21]],[[2374,1714],[21,-64]],[[2395,1650],[2,-39],[-36,-74],[15,-36],[46,-13],[7,-64],[-34,-2],[-66,-44],[12,-40]],[[2341,1338],[-67,-11]],[[2122,2066],[141,-62],[85,9],[22,23]],[[2394,1763],[-20,-49]],[[2287,843],[-20,72],[20,53],[41,6],[15,84],[37,13],[26,62]],[[2406,1133],[52,39],[62,-35],[38,63],[72,-31],[76,-1],[58,-39],[34,2],[71,45],[18,39]],[[2967,1767],[-61,-27],[-32,16],[-30,-100],[-58,-22],[-26,14],[-72,-20],[-106,78],[-48,-52],[-69,-32],[-70,28]],[[2370,2036],[140,48],[94,-17],[37,-26],[59,8],[56,-56],[46,-26],[83,-10],[-1,-63],[90,-80]],[[2654,1862],[-62,-14],[-13,-79],[79,12],[63,-12],[-1,84],[-66,9]],[[2341,1338],[26,-60],[-14,-44],[29,-80],[24,-21]],[[2962,1483],[-40,-38],[32,-46]],[[2729,1544],[-72,19],[27,-122],[139,-20],[9,55],[-68,78],[-35,-10]],[[4122,1104],[-48,76],[-154,-13],[-37,-18],[-68,92],[6,62],[-97,85],[-115,36],[-45,35]],[[3484,1841],[44,21],[43,-9],[44,23],[24,55],[53,46],[101,61],[67,-10],[88,-80],[55,-2],[67,30],[67,-45],[-127,-303],[1,-61],[-42,-35],[12,-55],[37,-43],[55,37],[88,2],[66,-51],[52,5],[64,83],[60,-15],[32,-49],[138,-147],[25,-99],[-32,-27],[-52,4],[-72,35],[-14,-19],[-64,11],[-82,-50],[-44,14],[-13,-52],[-67,8],[-36,-20]],[[4122,1104],[-82,-146],[-53,-55],[-100,-16],[-60,1],[-15,-42],[-52,-61],[-60,-45],[-76,11],[-70,27],[-25,33],[-65,8]]],"objects":{"MNG.geo":{"type":"GeometryCollection","geometries":[{"arcs":[[0,1,2]],"type":"Polygon","properties":{"name":"Bayan-Ölgiy","postal":"BO"},"id":"MNG"},{"arcs":[[3,4,5,6,7,8]],"type":"Polygon","properties":{"name":"Dornogovi","postal":"DG"},"id":"MNG"},{"arcs":[[-6,9,10,11,12]],"type":"Polygon","properties":{"name":"Ömnögovi","postal":"OG"},"id":"MNG"},{"arcs":[[13,-9,14,15,16,17,18,19]],"type":"Polygon","properties":{"name":"Hentiy","postal":"HN"},"id":"MNG"},{"arcs":[[20,21,22,23,24]],"type":"Polygon","properties":{"name":"Arhangay","postal":"AR"},"id":"MNG"},{"arcs":[[25,-11,26,27,28,-23]],"type":"Polygon","properties":{"name":"Bayanhongor","postal":"BH"},"id":"MNG"},{"arcs":[[29,-24,-29,30,31,32,33]],"type":"Polygon","properties":{"name":"Dzavhan","postal":"DZ"},"id":"MNG"},{"arcs":[[-28,34,35,-31]],"type":"Polygon","properties":{"name":"Govi-Altay","postal":"GA"},"id":"MNG"},{"arcs":[[-32,-36,36,-1,37]],"type":"Polygon","properties":{"name":"Hovd","postal":"HD"},"id":"MNG"},{"arcs":[[38,-25,-30,39]],"type":"Polygon","properties":{"name":"Hövsgöl","postal":"HG"},"id":"MNG"},{"arcs":[[-33,-38,-3,40]],"type":"Polygon","properties":{"name":"Uvs","postal":"UV"},"id":"MNG"},{"arcs":[[41,42,43,44,45,-21,-39,46]],"type":"Polygon","properties":{"name":"Bulgan","postal":"BU"},"id":"MNG"},{"arcs":[[47,-43]],"type":"Polygon","properties":{"name":"Orhon","postal":"ER"},"id":"MNG"},{"arcs":[[-13,48,49,-7]],"type":"Polygon","properties":{"name":"Dundgovi","postal":"DU"},"id":"MNG"},{"arcs":[[-18,50,-44,-48,-42,51],[52]],"type":"Polygon","properties":{"name":"Selenge","postal":"SL"},"id":"MNG"},{"arcs":[[-46,53,-49,-12,-26,-22]],"type":"Polygon","properties":{"name":"Övörhangay","postal":"OH"},"id":"MNG"},{"arcs":[[-53]],"type":"Polygon","properties":{"name":"Darhan-Uul","postal":"DA"},"id":"MNG"},{"arcs":[[-17,54,-15,-8,-50,-54,-45,-51],[55]],"type":"Polygon","properties":{"name":"Töv","postal":"TO"},"id":"MNG"},{"arcs":[[-16,-55]],"type":"Polygon","properties":{"name":"Govisümber","postal":"GS"},"id":"MNG"},{"arcs":[[-56]],"type":"Polygon","properties":{"name":"Ulaanbaatar","postal":"UB"},"id":"MNG"},{"arcs":[[56,-20,57]],"type":"Polygon","properties":{"name":"Dornod","postal":"DD"},"id":"MNG"},{"arcs":[[58,-4,-14,-57]],"type":"Polygon","properties":{"name":"Sühbaatar","postal":"SB"},"id":"MNG"}]}}}