{"type":"Topology","transform":{"scale":[0.0025984462811330226,0.0028954713713232644],"translate":[30.225543987069273,-26.860271503527084]},"arcs":[[[1950,3361],[17,-80],[-6,-125]],[[1961,3156],[-78,47],[-99,211],[-35,25],[-67,25]],[[1682,3464],[-72,34],[-73,12],[-78,23],[-39,26],[-36,46],[-112,-3],[-34,-31],[0,-28],[-45,-44],[-35,-93],[-44,-25],[-11,-50],[-31,-58]],[[1072,3273],[-22,75],[-48,78],[40,43],[-15,36],[-75,9],[-11,30],[-146,51],[-147,7],[-19,31],[-67,46],[-108,16],[-56,48],[-56,9],[-54,-23],[-45,22],[-175,-1],[-5,177],[-16,59],[-23,14],[-24,59],[2,45],[225,72],[229,47],[95,39],[219,62],[376,113],[29,-16],[5,-34],[57,-77],[60,-45],[69,-6],[44,14],[175,35],[61,-65],[1,-43],[30,-104],[-13,-20],[8,-73],[-61,-73],[-3,-57],[-60,-51],[-6,-33],[60,-51],[-1,-52],[23,-37],[30,-2],[51,-65],[29,-14],[105,-99],[35,-1],[7,-49],[-29,-26],[17,-31],[81,-1]],[[1682,3464],[-49,-55],[-71,-28],[-23,-41],[-19,-104],[-17,-37],[11,-95],[46,-22],[1,-51],[-21,-46],[-37,-16],[-80,24],[-41,-31],[21,-71],[-56,-55],[116,-105],[-38,-123],[-1,-86],[-29,-13],[10,-63],[39,-17],[-77,-45],[-78,0],[-62,-42],[36,-73],[-6,-45],[96,-85],[58,-28],[1,-71],[83,-34],[-36,-90]],[[1459,1916],[-49,-33],[-124,4],[-112,-37]],[[1174,1850],[-53,-4],[-26,-28],[-53,36],[-52,4],[-58,34],[-77,25]],[[855,1917],[-41,61],[60,81],[-10,73],[16,43],[61,10],[67,85],[16,64],[43,35],[14,75],[-78,34],[-2,71],[-22,40],[23,27],[13,58],[-17,31],[-49,5],[0,62],[75,16],[13,21],[-19,53],[42,32],[21,51],[-25,19],[-12,80],[7,79],[26,68],[-34,42],[29,40]],[[3964,4611],[-41,18],[-64,-11],[-48,14],[-41,-22],[-67,-56],[-41,0],[-99,-38],[-106,-59],[-41,4],[-100,-56],[-52,-13],[-110,6]],[[3154,4398],[-23,17],[-58,87],[-33,81],[-5,37],[-25,28],[55,57],[-23,33],[-55,19],[21,126],[-5,75],[56,52],[14,48],[47,32],[35,61],[8,46],[-18,30],[7,49],[29,59]],[[3181,5335],[63,47],[40,5],[53,33],[88,9],[62,-5],[75,54],[117,23],[86,42],[93,69],[78,49],[53,-65],[-41,-36],[45,-20],[-40,-47],[21,-41],[-17,-39],[-43,-43],[29,-36],[-16,-78],[41,-123],[-14,-44],[8,-101],[15,-62],[32,-62],[-40,-40],[20,-22],[-12,-49],[3,-93],[-16,-49]],[[3154,4398],[-61,-12],[-36,-24],[-90,-26],[-30,26],[-70,-14],[-39,-43],[-30,0],[-59,-53],[-66,-16],[-108,-62],[-68,-79]],[[2497,4095],[-1,-20],[-55,-60],[-77,-26],[-34,-64],[-32,14],[-138,-1]],[[2160,3938],[-21,91],[47,106],[-16,4],[-4,72],[-127,140],[-26,43],[-143,149],[-88,67],[1,48],[-26,26],[10,73],[-24,57],[27,71],[-52,97],[2,85],[67,50],[34,80],[3,82],[177,-1],[58,-9],[96,66],[44,-7],[88,-50],[12,-43],[114,8],[26,-18],[67,19],[32,35],[81,4],[16,-23],[59,-22],[78,-10],[137,57],[35,82],[75,22],[72,-7],[35,-28],[55,-19]],[[3964,4611],[7,-52],[39,-138],[-33,-49],[52,7],[25,-77],[32,-21],[-12,-51],[14,-32],[-39,-75],[-29,-19],[16,-33],[-20,-37],[2,-41],[-40,-75],[-52,-34],[-24,-35],[-77,-69],[-23,-51],[-43,-55],[-81,-27],[21,-42],[-53,-38],[-132,-66],[-87,-51]],[[3427,3450],[-32,66],[-24,16],[24,48],[-49,99],[6,36],[-48,95],[-56,53],[-44,16],[-82,60],[-55,7],[-22,31],[-72,39],[-54,16],[-47,-20],[-60,38],[-59,-29],[-63,71],[-193,3]],[[1174,1850],[-42,-52],[-2,-60],[65,-59],[16,-38],[0,-90],[-29,-56],[28,-47],[118,-105],[4,-21],[60,-56],[2,-62],[34,-48],[-4,-197],[26,-1],[4,-85],[47,-67],[97,-1],[32,-34],[-63,-29],[10,-26],[61,-22]],[[1638,694],[-290,-88],[-101,-37],[-128,-57]],[[1119,512],[-4,49],[-44,10],[-8,50],[-23,9],[4,84],[-40,24],[-46,66],[-2,42],[-59,8],[-64,38],[-124,23],[-55,-23]],[[654,892],[-21,39],[-6,75],[-44,38],[-38,86],[-46,59],[6,90],[-99,256],[59,39],[161,151],[214,199],[15,-7]],[[1961,3156],[46,-57],[59,-49],[91,-29],[32,-52],[71,-43],[20,-46],[-12,-32],[6,-67]],[[2274,2781],[-182,-112],[-32,-47],[-92,-87],[-82,-64],[-95,-55],[-47,-1],[7,-98],[-51,-82],[87,-106],[49,-15],[5,-36],[40,-38]],[[1881,2040],[-96,-26],[-39,-34],[-34,12],[-81,-27],[-39,-42],[-46,8],[-27,-18],[-60,3]],[[3427,3450],[-22,-42],[-184,-35],[-214,-81],[-50,-9],[-241,-116],[-76,-62],[-76,-110],[-98,-86],[-31,-17],[-52,-70],[-1,-30],[-46,-1],[-10,-34],[-47,-8],[-5,32]],[[1950,3361],[-5,148],[-57,56],[32,19],[17,73],[52,50],[113,5],[41,37],[17,189]],[[1881,2040],[-21,-64],[36,-109],[46,-65],[25,-154],[-12,-89],[73,86],[18,-108],[-19,-54],[11,-118],[31,-12],[-48,-81],[2,-49],[-22,-56],[-11,-125],[56,-7],[-19,-86],[-73,-91],[-76,-77],[-176,-74],[-64,-13]],[[1119,512],[-100,-57],[-40,-48],[-32,-71],[-47,-42],[45,-62],[72,-11],[23,-16],[-13,-200],[-208,-5],[-92,7],[1,89],[-30,103],[16,47],[-9,37],[-42,28],[-15,41],[32,66],[-2,424],[-24,50]]],"objects":{"MOZ.geo":{"type":"GeometryCollection","geometries":[{"arcs":[[0,1,2,3]],"type":"Polygon","properties":{"name":"Tete","postal":"TE"},"id":"MOZ"},{"arcs":[[4,5,6,7,-3]],"type":"Polygon","properties":{"name":"Manica","postal":"MN"},"id":"MOZ"},{"arcs":[[8,9,10]],"type":"Polygon","properties":{"name":"Cabo Delgado","postal":"CD"},"id":"MOZ"},{"arcs":[[-10,11,12,13]],"type":"Polygon","properties":{"name":"Niassa","postal":"NS"},"id":"MOZ"},{"arcs":[[14,15,-12,-9]],"type":"Polygon","properties":{"name":"Nampula","postal":"NM"},"id":"MOZ"},{"arcs":[[-7,16,17,18,19]],"type":"Polygon","properties":{"name":"Gaza","postal":"GA"},"id":"MOZ"},{"arcs":[[20,21,22,-5,-2]],"type":"Polygon","properties":{"name":"Sofala","postal":"SO"},"id":"MOZ"},{"arcs":[[23,-21,-1,24,-13,-16]],"type":"Polygon","properties":{"name":"Zambezia","postal":"ZA"},"id":"MOZ"},{"arcs":[[-17,-6,-23,25]],"type":"Polygon","properties":{"name":"Inhambane","postal":"IN"},"id":"MOZ"},{"arcs":[[26,-19]],"type":"Polygon","properties":{"name":"Maputo","postal":"MP"},"id":"MOZ"}]}}}