{"type":"Topology","transform":{"scale":[0.0018325752350753226,0.0021997447775483777],"translate":[32.72294834224552,-17.135335387418195]},"arcs":[[[798,2978],[-52,7],[-77,53]],[[669,3038],[-139,176],[-32,-1],[-82,43],[117,92],[-27,73]],[[506,3421],[46,12],[84,-48],[10,-63],[32,-79],[61,-84],[57,-42],[49,-74],[-47,-65]],[[669,3038],[-150,-55]],[[519,2983],[-77,105],[0,51],[-122,99],[31,52],[-88,91],[-16,44],[-110,0],[0,100],[71,-49],[107,-1],[57,-52],[134,-2]],[[607,2012],[-4,-60],[63,-6],[31,-39],[-43,-38]],[[654,1869],[-40,-15],[-82,-69],[-43,-11]],[[489,1774],[-85,-75],[-22,-38]],[[382,1661],[-49,-67]],[[333,1594],[-76,61],[-30,72],[-127,-7]],[[100,1720],[49,73],[-16,34],[21,102],[-35,55],[46,72],[75,-4],[55,42],[60,5],[77,65]],[[432,2164],[37,-83],[-8,-34],[64,-37],[82,2]],[[728,2754],[-19,-69],[44,-90],[-50,-16],[-26,-33],[-55,-1],[-44,-36],[-6,-49],[27,-30],[0,-92],[-57,-49],[69,-20]],[[611,2269],[-45,-36],[48,-39],[33,-59],[75,-24],[6,-33],[-94,-32],[-27,-34]],[[432,2164],[-31,26],[-70,9],[-41,102],[32,80],[-6,131],[-49,21],[10,67],[88,114],[-55,87]],[[310,2801],[137,-21],[37,-15],[112,18],[51,-6],[24,27],[57,-50]],[[714,2241],[-103,28]],[[728,2754],[95,50]],[[823,2804],[10,-66],[-19,-33],[34,-76],[21,-155],[-62,-47],[-4,-47],[-72,-54],[-17,-85]],[[714,2241],[17,-65],[59,-22],[17,-41],[0,-82],[40,-32],[34,-125],[-4,-178]],[[877,1696],[-107,-39]],[[770,1657],[-20,148],[-96,64]],[[798,2978],[13,-19],[12,-155]],[[310,2801],[15,71],[99,22],[95,89]],[[1673,875],[-141,2],[-48,-16],[-147,5]],[[1337,866],[78,163],[-22,53]],[[1393,1082],[89,-3],[50,24],[17,47],[103,29]],[[1652,1179],[56,-57],[6,-95],[22,-5],[-62,-118],[-1,-29]],[[996,1392],[47,-57],[62,-28]],[[1105,1307],[0,-20]],[[1105,1287],[-130,-58],[-70,8]],[[905,1237],[-20,12],[-160,-49],[-89,4],[-62,-19],[-30,18],[-55,-33]],[[489,1170],[44,70],[78,44],[54,13],[12,39],[71,38],[63,87],[41,32]],[[852,1493],[116,-120],[28,19]],[[761,1651],[1,-53],[72,-73]],[[834,1525],[-110,-19],[-29,19],[-121,15],[-11,39],[-94,-19],[-63,18],[-24,83]],[[489,1774],[65,-84],[5,-34],[74,3],[94,-16],[34,8]],[[834,1525],[18,-32]],[[489,1170],[-98,82],[-45,69]],[[346,1321],[-9,109],[-47,68],[43,96]],[[1393,1082],[-156,0]],[[1237,1082],[-42,22],[-63,69],[-27,114]],[[1105,1307],[32,10],[31,66],[110,-42],[15,-28],[83,-70],[24,29],[-61,107],[-37,118],[-30,51],[-77,2],[-33,27],[1,50]],[[1163,1627],[5,18]],[[1168,1645],[121,-85],[202,-197],[37,-57],[124,-127]],[[346,1321],[-36,33],[-6,44],[-68,56],[-98,-3],[-64,62],[-52,13],[24,36],[-46,57],[49,21],[51,80]],[[1237,1082],[-11,-60],[-29,-48],[-40,-146]],[[1157,828],[-25,29],[-130,23]],[[1002,880],[-6,64],[20,34],[-43,129],[-2,57],[-66,73]],[[770,1657],[-9,-6]],[[1163,1627],[5,18]],[[877,1696],[59,-77],[35,5],[72,-64],[-32,-91],[-25,-34],[10,-43]],[[1337,866],[-65,-43]],[[1272,823],[-115,5]],[[1106,601],[71,-22],[-16,-50],[22,-25]],[[1183,504],[104,-108],[8,-30]],[[1295,366],[-18,-67],[-96,-102]],[[1181,197],[-85,79],[-42,18],[-71,85],[-43,4],[-33,49],[1,67],[-84,67],[8,44],[52,29]],[[884,639],[106,-35],[116,-3]],[[1428,660],[-11,-42],[8,-76],[-13,-28]],[[1412,514],[-34,39],[-56,26]],[[1322,579],[-22,117],[20,31]],[[1320,727],[108,-67]],[[1412,514],[-6,-93]],[[1406,421],[-34,-86]],[[1372,335],[-77,31]],[[1183,504],[56,43],[83,32]],[[1372,335],[-12,-39],[-45,-24],[23,-40],[56,-35],[-1,-115],[16,-68],[-38,-14],[-84,5],[-24,40],[41,35],[-9,65],[-50,1],[-64,51]],[[1673,875],[27,-113]],[[1700,762],[-97,-12],[-73,-55]],[[1530,695],[-34,-26],[-68,-9]],[[1320,727],[-71,84]],[[1249,811],[23,12]],[[1106,601],[-7,50],[22,55],[36,17],[28,58],[64,30]],[[884,639],[33,38],[4,75],[86,95],[-5,33]],[[1677,546],[-14,-57],[-40,-22],[-92,-15],[-84,0],[-41,-31]],[[1530,695],[4,-102],[36,-48],[36,20],[71,-19]],[[1700,762],[-23,-216]]],"objects":{"MWI.geo":{"type":"GeometryCollection","geometries":[{"arcs":[[0,1,2]],"type":"Polygon","properties":{"name":"Chitipa","postal":"CT"},"id":"MWI"},{"arcs":[[-2,3,4]],"type":"Polygon","properties":{"name":"Chitipa","postal":"CT"},"id":"MWI"},{"arcs":[[5,6,7,8,9,10,11]],"type":"Polygon","properties":{"name":"Kasungu","postal":"KS"},"id":"MWI"},{"arcs":[[12,13,-12,14,15]],"type":"Polygon","properties":{"name":"Mzimba","postal":"MZ"},"id":"MWI"},{"arcs":[[16,-13,17,18]],"type":"Polygon","properties":{"name":"Nkhata Bay","postal":"NA"},"id":"MWI"},{"arcs":[[19,20,21,-6,-14,-17]],"type":"Polygon","properties":{"name":"Nkhotakota","postal":"NK"},"id":"MWI"},{"arcs":[[22,-18,-16,23,-4,-1]],"type":"Polygon","properties":{"name":"Rumphi","postal":"RU"},"id":"MWI"},{"arcs":[[24,25,26,27]],"type":"Polygon","properties":{"name":"Machinga","postal":"MA"},"id":"MWI"},{"arcs":[[28,29,30,31,32,33]],"type":"Polygon","properties":{"name":"Dedza","postal":"DE"},"id":"MWI"},{"arcs":[[34,35,-8,36]],"type":"Polygon","properties":{"name":"Dowa","postal":"DO"},"id":"MWI"},{"arcs":[[37,-33,38,39,-9,-36]],"type":"Polygon","properties":{"name":"Lilongwe","postal":"LI"},"id":"MWI"},{"arcs":[[-27,40,41,-30,42,43,44]],"type":"Polygon","properties":{"name":"Mangochi","postal":"MG"},"id":"MWI"},{"arcs":[[-40,45,-10]],"type":"Polygon","properties":{"name":"Mchinji","postal":"MC"},"id":"MWI"},{"arcs":[[46,47,48,-31,-42]],"type":"Polygon","properties":{"name":"Ntcheu","postal":"NU"},"id":"MWI"},{"arcs":[[49,-37,-7,-22]],"type":"Polygon","properties":{"name":"Ntchisi","postal":"NI"},"id":"MWI"},{"arcs":[[-34,-38,-35,-50,-21,51]],"type":"Polygon","properties":{"name":"Salima","postal":"SA"},"id":"MWI"},{"arcs":[[-26,52,53,-47,-41]],"type":"Polygon","properties":{"name":"Balaka","postal":"BA"},"id":"MWI"},{"arcs":[[54,55,56,57,58]],"type":"Polygon","properties":{"name":"Chikwawa","postal":"CK"},"id":"MWI"},{"arcs":[[59,60,61,62]],"type":"Polygon","properties":{"name":"Chiradzulu","postal":"CR"},"id":"MWI"},{"arcs":[[63,64,65,-56,66,-61]],"type":"Polygon","properties":{"name":"Thyolo","postal":"TH"},"id":"MWI"},{"arcs":[[67,-57,-66]],"type":"Polygon","properties":{"name":"Nsanje","postal":"NS"},"id":"MWI"},{"arcs":[[68,69,70,-63,71,72,-53,-25]],"type":"Polygon","properties":{"name":"Zomba","postal":"ZO"},"id":"MWI"},{"arcs":[[-62,-67,-55,73,-72]],"type":"Polygon","properties":{"name":"Blantyre","postal":"BL"},"id":"MWI"},{"arcs":[[-54,-73,-74,-59,74,-48]],"type":"Polygon","properties":{"name":"Mwanza","postal":"MW"},"id":"MWI"},{"arcs":[[75,-64,-60,-71,76]],"type":"Polygon","properties":{"name":"Mulanje","postal":"MJ"},"id":"MWI"},{"arcs":[[-77,-70,77]],"type":"Polygon","properties":{"name":"Phalombe","postal":"PH"},"id":"MWI"}]}}}