{"type":"Topology","transform":{"scale":[0.0019018439841787173,0.0019611509098091343],"translate":[99.64522806022677,0.85137034126825]},"arcs":[[[1079,2507],[-16,-50],[11,-51],[31,-32],[2,-71],[-70,-4],[-63,-89],[-25,-169],[-56,-88],[19,-35]],[[912,1918],[4,-55],[-24,-37],[54,-24],[12,-86],[62,-69],[-11,-30],[33,-128]],[[1042,1489],[-61,-49],[-68,58],[-18,-44],[-48,-15],[-87,53],[-60,15],[-18,27],[-53,-9]],[[629,1525],[-63,13],[-1,63],[25,55],[-71,29],[-35,83],[35,109],[-29,164],[-65,28],[-47,89],[21,19]],[[399,2177],[52,7]],[[451,2184],[28,-27],[68,64],[40,58],[41,10],[20,70],[36,37],[14,114]],[[698,2510],[70,-69],[63,31],[12,45],[150,60],[24,1],[62,-71]],[[399,2177],[14,93],[-27,45],[-13,90]],[[373,2405],[94,-9],[-4,-41],[17,-165],[-29,-6]],[[349,2345],[19,-16],[-29,-80],[-50,5],[-1,65],[61,26]],[[373,2405],[-5,52],[16,72],[-13,103],[-80,126]],[[291,2758],[88,100],[6,36]],[[385,2894],[143,-41],[34,24],[48,-40],[8,-79],[47,-13],[34,19],[49,-11],[-8,-59],[22,-25],[-12,-84],[-29,-11],[-23,-64]],[[291,2758],[-37,93],[21,63],[-2,60],[62,3],[19,-58],[31,-25]],[[117,2844],[25,-50],[-56,-7],[-79,23],[-7,38],[117,-4]],[[2101,928],[66,-24],[38,-51],[-1,-31],[59,-63],[10,-65],[80,-132],[8,-53],[31,-26],[32,-82],[21,-97],[-39,-52],[-60,15],[-22,37],[-48,-14],[-71,29],[-82,-18],[-94,-77],[-30,35],[-42,91],[-84,37],[-90,53],[-54,17],[-68,57],[-56,0],[-24,42],[-86,77]],[[1495,633],[17,134],[42,34]],[[1554,801],[17,108],[37,105]],[[1608,1014],[58,-23],[75,-87],[106,-48],[108,33],[129,-74],[-4,41],[21,72]],[[1523,2551],[-82,-86],[11,-36],[-6,-99],[24,-26],[-15,-95],[48,-58],[4,-79],[68,-33],[11,-42]],[[1586,1997],[-29,-35],[-52,-13],[-67,20],[-19,-35],[-76,0],[-44,58],[-80,1],[-11,-47],[-87,39],[-5,-56],[-59,-36],[-60,16],[-42,-11],[-43,20]],[[1079,2507],[55,-14],[58,61],[25,77],[53,43],[7,83],[139,-41],[22,-23],[63,-120],[22,-22]],[[1495,633],[-158,63],[-105,89]],[[1232,785],[49,36],[54,16],[48,-15],[57,13],[114,-34]],[[1085,1201],[23,-76],[-48,-9],[-20,72],[45,13]],[[1232,785],[-68,15],[-40,79],[-33,11]],[[1091,890],[27,72],[-6,64],[48,-3],[59,90],[-9,95],[-17,21]],[[1193,1229],[81,-46],[30,12],[138,-39],[42,-45],[106,-70],[18,-27]],[[1586,1997],[15,-26],[73,-18],[27,-35],[-19,-38],[23,-35],[46,3],[26,-32],[-47,-69],[-10,-59],[150,-62],[38,-40],[37,111],[52,-5]],[[1997,1692],[-26,-36],[24,-63],[-29,-43],[-21,-87],[72,-106],[-28,-74],[15,-84],[-11,-123],[20,-56],[88,-92]],[[1193,1229],[-44,14],[-34,43],[0,64],[25,50],[-25,39],[-73,50]],[[1091,890],[-94,33],[-75,80],[-59,16],[-2,31],[48,47],[-26,62],[-14,77],[-100,101],[-35,76],[-60,38],[-45,74]],[[1523,2551],[175,-144],[45,-15],[84,-82],[173,-299],[11,-125],[-10,-31],[23,-99],[-27,-64]],[[9599,1693],[-104,-4],[-1,53],[105,-49]],[[8410,1680],[19,85],[-42,34],[-19,106],[52,121],[-19,68],[-106,2]],[[8295,2096],[75,62],[5,44],[-113,76],[24,53],[77,60],[18,39],[47,-45],[91,16],[44,103],[55,32],[56,127],[7,37],[102,119],[81,59],[5,30],[67,74],[15,90],[45,73],[41,-23],[12,-100],[-40,-77],[35,-18],[71,66],[38,56],[-12,40],[26,43],[34,5],[54,-27],[-10,-57],[43,-107],[70,-39],[61,-6],[83,-39],[15,-38],[-12,-69],[-62,-37],[32,-52],[5,-46],[-55,-44],[107,2],[58,24],[70,55],[57,-101],[-35,-28],[-79,-6],[23,-53],[54,13],[41,-15],[23,59],[45,11],[78,-16],[97,-58],[74,-68],[105,-58],[79,-12],[63,16],[36,-41],[-4,-82],[-58,-48],[-250,-83],[-50,14],[-41,-21],[-42,45],[-37,10],[-73,-37],[-44,-54],[75,-84],[60,-39],[38,-4],[21,-55],[50,8],[25,-38],[-54,-43],[-92,-5],[-122,-26],[-70,-35],[-59,13],[-115,87],[-36,-23],[26,-56],[-45,-57],[-69,13],[-116,86],[-27,-11],[-353,-4],[-54,-15],[-42,45],[-43,-14],[-54,12],[-56,-55],[-74,41],[-126,-105]],[[9263,3238],[-104,-38],[0,73],[49,36],[66,-16],[-11,-55]],[[6187,783],[-54,33],[-6,128],[44,-2],[0,-90],[16,-69]],[[8410,1680],[-15,-76],[-39,-51],[27,-20],[-24,-117],[30,-96],[-43,-42],[-19,-77],[18,-25],[-27,-65],[-135,-25],[-74,-78],[-6,-112],[56,-9],[23,-41],[-41,-16],[-110,-94],[-73,-24],[-15,-58],[15,-50],[34,-6],[-6,-62],[-84,-36],[-2,-70],[-89,-132],[-76,34],[-96,-42],[-63,23],[-76,-11],[-53,-53],[-84,-54],[-76,41],[-56,-10],[-39,29],[-87,19],[-36,22],[-61,-8],[27,62],[-89,23],[-45,-16],[-157,8],[-162,-68],[11,-33],[-44,-109],[-101,-21],[-45,-54],[-88,12],[-62,-17],[-98,8],[-80,31],[-182,-40],[-36,-45],[-90,-7],[-31,-22],[-69,30],[-88,66],[-55,73],[-52,17],[-47,42],[-16,41],[-47,12],[-103,110],[0,73],[-57,33],[-5,33],[52,71],[14,-47],[40,-50],[82,-41],[22,-34],[198,6],[-3,29],[146,-80],[79,-29],[59,10],[68,-33],[36,89],[53,3],[-22,47],[61,152],[-15,92],[32,93],[63,-48],[44,16],[-23,57],[19,99],[120,84],[101,19],[80,3],[506,131],[45,38],[5,31],[109,104],[60,84],[23,54],[159,126],[110,139],[27,167],[63,-20],[67,-41],[27,-84],[65,-29],[30,-59],[58,-63],[46,12],[48,45],[37,115],[-29,71],[-16,123],[66,38],[38,3],[39,39],[6,-140],[41,-122],[111,-34],[18,18],[-45,64],[0,82],[-34,96],[-32,31],[27,33],[84,-24],[33,30]]],"objects":{"MYS.geo":{"type":"GeometryCollection","geometries":[{"arcs":[[0,1,2,3,4,5,6]],"type":"Polygon","properties":{"name":"Perak","postal":"PK"},"id":"MYS"},{"arcs":[[-5,7,8]],"type":"Polygon","properties":{"name":"Pulau Pinang","postal":"PG"},"id":"MYS"},{"arcs":[[9]],"type":"Polygon","properties":{"name":"Pulau Pinang","postal":"PG"},"id":"MYS"},{"arcs":[[-6,-9,10,11,12]],"type":"Polygon","properties":{"name":"Kedah","postal":"KH"},"id":"MYS"},{"arcs":[[-12,13]],"type":"Polygon","properties":{"name":"Perlis","postal":"PL"},"id":"MYS"},{"arcs":[[14]],"type":"Polygon","properties":{"name":"Perlis","postal":"PL"},"id":"MYS"},{"arcs":[[15,16,17,18]],"type":"Polygon","properties":{"name":"Johor","postal":"JH"},"id":"MYS"},{"arcs":[[19,20,-1,21]],"type":"Polygon","properties":{"name":"Kelantan","postal":"KN"},"id":"MYS"},{"arcs":[[-17,22,23]],"type":"Polygon","properties":{"name":"Melaka","postal":"ME"},"id":"MYS"},{"arcs":[[[24]],[[-18,-24,25,26,27]]],"type":"MultiPolygon","properties":{"name":"Negeri Sembilan","postal":"NS"},"id":"MYS"},{"arcs":[[28,29,-19,-28,30,-2,-21]],"type":"Polygon","properties":{"name":"Pahang","postal":"PH"},"id":"MYS"},{"arcs":[[-31,-27,31,-3],[-25]],"type":"Polygon","properties":{"name":"Selangor","postal":"SL"},"id":"MYS"},{"arcs":[[-29,-20,32]],"type":"Polygon","properties":{"name":"Trengganu","postal":"TE"},"id":"MYS"},{"arcs":[[[33]],[[34,35]],[[36]]],"type":"MultiPolygon","properties":{"name":"Sabah","postal":"SA"},"id":"MYS"},{"arcs":[[[37]],[[38,-35]]],"type":"MultiPolygon","properties":{"name":"Sarawak","postal":"SK"},"id":"MYS"}]}}}