{"type":"Topology","transform":{"scale":[0.004391488758254576,0.003767904283899666],"translate":[11.71762129019038,-28.95936818339493]},"arcs":[[[1882,886],[0,-353],[0,-391],[-94,-28],[-20,-39],[-54,-31],[10,-20],[-47,-24],[-29,25],[-48,7],[-131,-17],[-58,32],[-116,21],[4,29],[-22,33],[17,33],[-12,31],[-35,5],[-22,47],[-47,-13],[-28,-59],[0,-37],[-79,-44],[-116,116],[-53,61],[-36,82],[-51,82],[-14,95],[-35,72],[20,24],[-9,39],[-37,32],[3,63],[-16,67],[-15,22],[8,50],[-18,83],[7,70]],[[709,1051],[211,-2],[24,-152],[26,-6],[46,-66],[37,-1],[-12,66],[65,6],[80,-22],[16,-17],[39,10],[38,-18],[18,56],[81,-5],[110,28],[51,5],[38,-23],[99,-9],[36,18],[24,-35],[41,7],[53,-19],[52,14]],[[1532,1448],[20,-48],[57,-17],[43,18],[41,-10],[28,-36],[161,-3]],[[1882,1352],[0,-313],[0,-153]],[[709,1051],[-11,52],[-41,64],[3,26],[-32,81],[7,89],[-5,72]],[[630,1435],[128,-13],[66,-17],[93,-39]],[[917,1366],[1,-35],[40,-7],[75,29],[6,20],[68,53],[-20,32],[30,61],[45,-9],[43,20],[39,-2],[15,-30],[36,5],[12,-82],[92,8],[27,-19],[106,38]],[[917,1366],[19,2],[15,239],[37,16],[0,66],[23,-3],[66,62]],[[1077,1748],[45,5],[16,30],[28,-15],[57,26],[12,-10],[71,39],[35,66],[27,-1],[90,37]],[[1458,1925],[-12,-43],[14,-22],[-38,-70],[16,-33],[43,-38],[18,-124],[16,-35],[-4,-39],[33,-28],[-12,-45]],[[570,3071],[-19,-48],[6,-53],[29,-82],[3,-155],[19,-61],[-5,-55],[39,-39],[178,15]],[[820,2593],[142,-37]],[[962,2556],[157,-33],[16,-10]],[[1135,2513],[0,-113],[-39,-23],[-6,-32],[-45,-27],[-9,-47],[-50,-3],[-64,-45],[-38,6]],[[884,2229],[-49,20],[-22,-32],[-86,-83],[-41,-21],[-99,3],[-72,-6],[-80,-47]],[[435,2063],[-55,98],[-53,176],[-19,10],[-15,48],[-68,139],[-32,82],[-63,108],[-58,51],[-22,72],[-20,23],[-30,159],[9,74],[77,34],[34,-23],[71,-3],[60,35],[15,20],[64,21],[45,-4],[36,-41],[82,-58],[14,-18],[63,5]],[[884,2229],[53,-74],[133,-85],[22,-3],[4,-65],[-20,-26],[-11,-57],[19,-51],[-2,-59],[-16,-13],[11,-48]],[[630,1435],[-11,36],[13,29],[-19,90],[26,12],[-3,100],[-28,72],[-57,87],[-42,43],[1,21],[-29,66],[-46,72]],[[2108,2598],[1,-313]],[[2109,2285],[-43,-9],[-292,37],[-154,-60],[-58,-91],[-8,-40],[-38,-20],[-6,-42],[-20,-10],[-4,-103],[-28,-22]],[[1135,2513],[66,40],[31,46],[43,-9],[22,-44],[62,-36],[57,11],[-11,27],[27,27],[3,58],[35,23],[5,51]],[[1475,2707],[237,-15],[0,-99],[396,5]],[[875,3071],[20,-77]],[[895,2994],[-82,-92],[48,-33],[15,-126],[-12,-27],[10,-84],[-54,-39]],[[570,3071],[305,0]],[[975,2989],[0,-86],[9,-32],[-22,-46],[1,-42],[20,-48],[-43,-48],[22,-131]],[[895,2994],[4,-16],[76,11]],[[1431,3071],[0,-100]],[[1431,2971],[-285,-1],[-82,-39],[-89,58]],[[875,3071],[236,0],[320,0]],[[2109,2285],[1,-310],[-3,-128],[-226,0],[0,-183],[1,-312]],[[2111,2918],[1,-94]],[[2112,2824],[-4,-226]],[[1475,2707],[-42,3],[-2,261]],[[1431,3071],[103,0],[70,-95],[59,-20],[51,5],[40,-15],[58,5],[82,-15],[69,11],[52,-34],[55,-13],[41,18]],[[2111,2918],[52,9],[37,-22],[194,41],[197,43],[256,58],[38,2],[46,-15],[22,9],[62,-15],[53,-55],[-53,-12],[-53,-25],[-36,-41],[-33,25],[-46,-15],[-143,-123],[-21,64],[-56,63],[-62,-6],[-343,-74],[-110,-5]]],"objects":{"NAM.geo":{"type":"GeometryCollection","geometries":[{"arcs":[[0,1]],"type":"Polygon","properties":{"name":"Karas","postal":"KA"},"id":"NAM"},{"arcs":[[2,3,-2,4,5,6]],"type":"Polygon","properties":{"name":"Hardap","postal":"HA"},"id":"NAM"},{"arcs":[[-7,7,8,9]],"type":"Polygon","properties":{"name":"Khomas","postal":"KH"},"id":"NAM"},{"arcs":[[10,11,12,13,14,15]],"type":"Polygon","properties":{"name":"Kunene","postal":"KU"},"id":"NAM"},{"arcs":[[16,-8,-6,17,-15]],"type":"Polygon","properties":{"name":"Erongo","postal":"ER"},"id":"NAM"},{"arcs":[[18,19,-9,-17,-14,20,21]],"type":"Polygon","properties":{"name":"Otjozondjupa","postal":"OD"},"id":"NAM"},{"arcs":[[22,23,-11,24]],"type":"Polygon","properties":{"name":"Omusati","postal":"OS"},"id":"NAM"},{"arcs":[[25,-12,-24,26]],"type":"Polygon","properties":{"name":"Oshana","postal":"ON"},"id":"NAM"},{"arcs":[[27,28,-27,-23,29]],"type":"Polygon","properties":{"name":"Ohangwena","postal":"OW"},"id":"NAM"},{"arcs":[[30,-3,-10,-20]],"type":"Polygon","properties":{"name":"Omaheke","postal":"OH"},"id":"NAM"},{"arcs":[[31,32,-22,33,-28,34]],"type":"Polygon","properties":{"name":"Kavango","postal":"OK"},"id":"NAM"},{"arcs":[[-34,-21,-13,-26,-29]],"type":"Polygon","properties":{"name":"Oshikoto","postal":"OT"},"id":"NAM"},{"arcs":[[-32,35]],"type":"Polygon","properties":{"name":"Caprivi","postal":"CA"},"id":"NAM"}]}}}