{"type":"Topology","transform":{"scale":[0.0036137512534545396,0.003603589072806485],"translate":[2.6722819957588073,4.280810357850312]},"arcs":[[[3185,2271],[10,-29],[82,-10],[43,-44],[-34,-124],[13,-62],[-118,-71],[-51,10],[-65,-92]],[[3065,1849],[-90,-4],[-32,-128],[-129,26],[-61,-56],[-63,-15],[-79,-75],[-45,2]],[[2566,1599],[-71,61],[-13,35],[16,57]],[[2498,1752],[26,18],[21,72],[65,23],[26,78],[53,72],[-43,34],[26,176],[-6,42],[48,79],[-33,42],[7,53]],[[2688,2441],[59,55],[126,76],[48,0],[36,46]],[[2957,2618],[0,-38],[55,-101],[57,-42],[21,-123],[66,-50],[29,7]],[[2957,2618],[69,-3],[127,-174],[32,-170]],[[1345,470],[-2,-35],[57,-8],[41,-36]],[[1441,391],[5,-90]],[[1446,301],[-53,44],[-47,-77],[-20,-74],[9,-45]],[[1335,149],[-92,37],[24,68]],[[1267,254],[43,96],[-5,83],[-38,24]],[[1267,457],[31,26]],[[1298,483],[47,-13]],[[1446,301],[46,-42],[1,-49],[64,-71]],[[1557,139],[0,-63],[-205,-8],[-7,49]],[[1345,117],[-10,32]],[[1267,254],[-105,0],[-41,30],[-27,55],[12,53]],[[1106,392],[63,19],[14,34],[84,12]],[[1345,117],[-22,-42],[-53,6],[-81,-55],[-70,-5],[2,65]],[[1121,86],[-93,74],[28,96],[1,53]],[[1057,309],[32,91]],[[1089,400],[17,-8]],[[1121,86],[-13,-72],[-135,-14],[-67,15],[-97,84],[-30,55],[-8,83]],[[771,237],[51,-30],[157,44],[78,58]],[[1798,1008],[111,-20],[85,-77],[-1,-99],[-46,-51],[-18,-139]],[[1929,622],[-43,-29]],[[1886,593],[-46,62],[-97,11],[-4,30],[-72,28],[-24,-34],[-88,-25]],[[1555,665],[-12,27],[-116,-40]],[[1427,652],[6,53],[-58,11],[-41,59]],[[1334,775],[81,27],[-7,152],[-26,85]],[[1382,1039],[210,-55],[-20,48],[57,37],[116,-22],[53,-39]],[[1886,593],[-138,-133],[-37,-25],[10,-63],[-25,-128],[-92,-125],[-47,20]],[[1441,391],[24,56],[36,16],[78,79],[6,79],[-30,44]],[[2323,1472],[127,2]],[[2450,1474],[26,-48],[41,-25],[56,-114],[-49,-111],[-108,-128],[23,-49],[54,13],[34,-34],[28,-98]],[[2555,880],[-34,-41],[24,-49],[-85,-70],[-14,-73],[-53,-49],[-62,4],[-11,69],[-49,32],[-13,36],[-63,32],[-30,-51],[-71,-1],[-33,34],[-68,-57],[-29,-4],[-35,-70]],[[1798,1008],[55,40],[-9,72],[77,10]],[[1921,1130],[56,6],[72,53],[42,50],[108,37],[8,63],[-24,108]],[[2183,1447],[102,30],[38,-5]],[[981,1235],[-45,-99],[-69,8],[-80,35],[-44,-50],[49,-78]],[[792,1051],[-50,-26],[-80,15]],[[662,1040],[-34,14],[-107,-12]],[[521,1042],[-54,76],[-44,106],[-10,80],[-108,44],[-22,-41],[-125,-67],[-27,6],[-112,-68]],[[19,1178],[-5,68],[13,80],[78,5],[27,59],[-6,39],[107,115],[42,79]],[[275,1623],[96,-3],[93,-109],[29,-83],[44,-1],[51,-79],[50,17],[61,-51],[99,-27],[68,-49],[115,-3]],[[462,580],[-222,23],[-43,-16],[-188,-8],[2,30]],[[11,609],[126,14],[22,46],[217,-1],[16,-40],[70,-48]],[[928,1895],[38,-68]],[[966,1827],[-19,-106],[22,-34],[70,59],[39,-11],[74,25],[33,-39],[24,-69],[-9,-60],[75,-11],[16,-109],[-33,-47],[25,-33]],[[1283,1392],[-38,-55],[-41,32],[-76,-8],[3,-198],[21,-18]],[[1152,1145],[-41,-54],[-61,61],[-27,69],[-42,14]],[[275,1623],[-26,43],[51,34],[22,54],[-29,57],[-7,87]],[[286,1898],[83,-30],[147,-3],[52,-34],[-10,-65],[-52,-51],[3,-41],[40,-31],[51,13],[-4,118],[74,21],[-11,79],[-81,36],[43,34],[82,17],[37,-11],[36,-97],[46,3],[106,39]],[[389,786],[62,-7],[17,-30],[55,2]],[[523,751],[-7,-36],[-50,-66],[66,-37],[-28,-46]],[[504,566],[-42,14]],[[11,609],[1,140],[16,20],[-28,234]],[[0,1003],[52,16],[39,-33],[-3,-73],[52,-61],[132,22],[34,-80],[33,-23],[50,15]],[[929,914],[-26,-23],[5,-53],[-46,-75],[-15,-67],[-53,-20],[-13,43],[-77,0],[-38,-52],[11,-47],[-39,-64],[38,-44]],[[676,512],[-31,-75]],[[645,437],[-79,85],[-62,44]],[[523,751],[47,44],[38,-13],[8,67],[26,21]],[[642,870],[94,1],[57,-14],[24,70],[52,37]],[[869,964],[60,-50]],[[642,870],[-22,59],[4,59],[38,52]],[[792,1051],[25,-60],[52,-27]],[[389,786],[19,100],[-31,42],[14,62],[49,29],[38,-28],[43,51]],[[0,1003],[17,82],[2,93]],[[1089,400],[37,138],[-18,88]],[[1108,626],[32,8],[32,58]],[[1172,692],[53,-30],[-4,-69],[50,-104],[27,-6]],[[2309,1946],[-95,-70],[-37,-92],[79,-73],[5,-72],[-22,-41],[58,-42],[26,-84]],[[2183,1447],[-191,95],[-37,-75],[-65,-8],[-56,12],[-39,41],[5,74],[-60,8],[-16,85],[-32,1]],[[1692,1680],[-12,59]],[[1680,1739],[20,32],[-23,56],[10,61],[73,59],[53,13]],[[1813,1960],[162,-23],[16,-63],[66,-19],[79,59],[-108,23],[-38,55],[-14,62],[-31,47],[126,43],[30,110],[95,27]],[[2196,2281],[35,-27],[31,-149],[34,-81],[13,-78]],[[2566,1599],[-1,-60],[-66,-51],[-49,-14]],[[2309,1946],[38,10],[56,-32],[65,-79],[1,-92],[29,-1]],[[771,237],[-72,102],[-54,98]],[[676,512],[32,-24],[83,-16],[37,16],[99,-77],[52,48],[-44,91],[173,76]],[[929,914],[41,-41],[71,-12],[79,-65],[-20,-85],[8,-85]],[[1427,652],[-38,-99],[11,-48],[-55,-35]],[[1172,692],[31,1],[81,76],[50,6]],[[1692,1680],[-35,-46],[-8,-119],[-20,-71],[35,-45],[-7,-33]],[[1657,1366],[-49,-57],[-61,43],[-55,18],[-31,36],[-37,-27],[-53,17]],[[1371,1396],[-88,-4]],[[966,1827],[44,47],[96,9],[59,83]],[[1165,1966],[34,-8],[41,-61],[25,41],[82,25],[65,1]],[[1412,1964],[91,38],[3,-34],[118,-81],[5,-93],[51,-55]],[[1152,1145],[39,1]],[[1191,1146],[-2,-147],[88,41],[105,-1]],[[1921,1130],[-57,37],[-86,-9],[-40,17],[-19,59],[52,73],[-67,9],[-47,50]],[[1191,1146],[79,17],[58,47],[43,186]],[[1813,1960],[33,52],[-59,51],[14,88],[-62,5],[-3,48],[-44,21],[-30,67],[-110,8]],[[1552,2300],[-45,24],[5,44],[110,4],[31,-38],[49,0],[43,42]],[[1745,2376],[169,-12],[16,9]],[[1930,2373],[142,42],[28,-49],[69,-4],[27,-81]],[[1412,1964],[-8,67],[41,14],[-17,73],[3,98],[69,32],[52,52]],[[1165,1966],[9,111],[42,4],[43,48],[-40,146],[-4,143]],[[1215,2418],[38,34],[53,-1],[101,59],[89,-4],[88,-66],[78,-42],[83,-22]],[[1129,2468],[-35,-23],[-92,20],[-9,-29],[-58,-18],[5,-47],[-91,-29],[-52,-54],[-9,-74],[-125,3],[-12,-164]],[[651,2053],[-41,4],[-96,-29],[24,96],[-2,107],[61,22],[-1,106],[-43,76],[-91,48],[-61,-5]],[[401,2478],[1,73],[34,6],[72,55],[88,21],[124,-5],[78,34],[156,-61],[69,-8],[84,-84],[22,-41]],[[928,1895],[-2,43],[-37,46],[8,40],[-95,13],[-51,27],[-100,-11]],[[1129,2468],[43,-47],[43,-3]],[[1930,2373],[78,87],[64,34],[143,30],[211,-3],[114,-33],[57,-36],[91,-11]],[[286,1898],[-66,89],[55,88],[-17,41],[11,173],[79,61],[44,69],[9,59]],[[3065,1849],[-51,-74],[-36,-145],[-51,-21],[4,-77],[-19,-72],[-59,-19],[-44,-105],[-5,-73],[-40,-48],[-69,-17],[-51,-59],[-8,-114],[-81,-145]]],"objects":{"NGA.geo":{"type":"GeometryCollection","geometries":[{"arcs":[[0,1,2,3,4,5]],"type":"Polygon","properties":{"name":"Borno","postal":"BO"},"id":"NGA"},{"arcs":[[-6,6]],"type":"Polygon","properties":{"name":"Water body","postal":null},"id":"NGA"},{"arcs":[[7,8,9,10,11,12,13]],"type":"Polygon","properties":{"name":"Abia","postal":"AB"},"id":"NGA"},{"arcs":[[14,15,16,-10]],"type":"Polygon","properties":{"name":"Akwa Ibom","postal":"AK"},"id":"NGA"},{"arcs":[[17,18,-12]],"type":"Polygon","properties":{"name":"Imo","postal":"IM"},"id":"NGA"},{"arcs":[[-11,-17,19,20,21,22,-18]],"type":"Polygon","properties":{"name":"Rivers","postal":"RI"},"id":"NGA"},{"arcs":[[23,24,-21]],"type":"Polygon","properties":{"name":"Bayelsa","postal":"BY"},"id":"NGA"},{"arcs":[[25,26,27,28,29,30,31]],"type":"Polygon","properties":{"name":"Benue","postal":"BE"},"id":"NGA"},{"arcs":[[32,-15,-9,33,-28]],"type":"Polygon","properties":{"name":"Cross River","postal":"CR"},"id":"NGA"},{"arcs":[[34,35,36,-26,37,38,39]],"type":"Polygon","properties":{"name":"Taraba","postal":"TA"},"id":"NGA"},{"arcs":[[40,41,42,43,44,45]],"type":"Polygon","properties":{"name":"Kwara","postal":"KW"},"id":"NGA"},{"arcs":[[46,47]],"type":"Polygon","properties":{"name":"Lagos","postal":"LA"},"id":"NGA"},{"arcs":[[48,49,50,51,-46,52,53]],"type":"Polygon","properties":{"name":"Niger","postal":"NI"},"id":"NGA"},{"arcs":[[54,55,56,-48,57,58]],"type":"Polygon","properties":{"name":"Ogun","postal":"OG"},"id":"NGA"},{"arcs":[[59,60,61,-56,62,63,64]],"type":"Polygon","properties":{"name":"Ondo","postal":"ON"},"id":"NGA"},{"arcs":[[-64,65,-42,66]],"type":"Polygon","properties":{"name":"Ekiti","postal":"EK"},"id":"NGA"},{"arcs":[[-66,-63,-55,67,-43]],"type":"Polygon","properties":{"name":"Osun","postal":"OS"},