{"type":"Topology","transform":{"scale":[0.0021095889162884673,0.0019975630805246837],"translate":[-87.66697073748165,10.7182312595501]},"arcs":[[[1450,573],[35,-105],[-9,-101],[83,-45],[15,-35],[50,-33],[30,-39],[80,-30],[54,13],[9,-35],[39,-6],[36,-44]],[[1872,113],[22,-11],[4,-57],[-128,-45],[-43,35],[-80,-3],[-8,40],[-221,104],[-99,-61],[-22,-3],[-332,127],[-33,-57],[-40,15],[-17,41],[-51,59],[-111,87],[-6,17]],[[707,401],[35,46]],[[742,447],[98,35],[176,0]],[[1016,482],[200,-25],[145,118],[89,-2]],[[1961,1159],[11,-65],[-16,-162],[26,-54],[-3,-36],[-53,7],[-10,78],[29,10],[9,104],[-34,10],[13,-93],[-85,-43],[29,-105],[21,-40],[-24,-104],[-22,-51],[-36,-38],[24,-29],[40,19],[23,-120],[-51,-27],[-16,-57],[-35,-34],[14,-117],[57,-99]],[[1450,573],[16,30],[-61,30],[-33,84],[-6,65],[-32,55],[4,40],[-59,90]],[[1279,967],[-14,41],[-57,22],[-29,-58]],[[1179,972],[-22,60],[45,41],[82,-5],[56,45],[44,4],[-9,85],[7,48]],[[1382,1250],[215,29],[69,1],[9,-30],[73,18],[82,-16],[-12,-36],[91,-58],[52,1]],[[756,570],[-22,-85],[8,-38]],[[707,401],[-76,46],[-79,78]],[[552,525],[33,19],[72,76]],[[657,620],[99,-50]],[[861,741],[57,-79],[35,3]],[[953,665],[63,-183]],[[756,570],[51,117],[-17,27]],[[790,714],[71,27]],[[1024,1328],[-46,-22],[-67,-83],[-82,-72],[-86,15]],[[743,1166],[-70,71],[16,101]],[[689,1338],[73,51]],[[762,1389],[66,-4],[42,34],[23,115],[19,21]],[[912,1555],[21,69],[127,85],[52,75],[62,14],[-7,49],[86,98]],[[1253,1945],[25,-63],[-9,-52],[24,-28],[48,-5],[-12,-134],[-89,-149],[-50,18],[-60,-38],[-39,-5],[-21,-41],[4,-57],[-50,-63]],[[1382,1250],[-62,83],[-43,-41],[-59,-3],[-34,-56],[-34,-18],[-92,56],[-34,57]],[[1253,1945],[10,69],[47,38],[63,-6],[34,-65],[81,-7],[21,-21],[69,28],[49,40],[31,-20],[69,22],[73,9],[195,103],[32,24],[59,-24],[-20,-36],[-50,-42],[54,-28],[51,-193],[-12,-68],[-63,-101],[-38,-46],[-30,-109],[-36,-226],[19,-127]],[[665,1067],[-12,-107]],[[653,960],[-31,-27],[4,-56],[-85,-90],[4,-80],[-63,-28],[-10,-37]],[[472,642],[-60,109],[-130,85],[-23,35]],[[259,871],[54,21],[107,126],[53,14],[2,90],[-26,65]],[[449,1187],[35,-3],[73,19],[38,-45],[-4,-66],[74,-25]],[[803,903],[26,-90],[42,-41],[-10,-31]],[[790,714],[-51,-7],[-38,-36],[-3,-48],[-41,-3]],[[552,525],[-80,117]],[[653,960],[89,-21],[61,-36]],[[443,1277],[8,-35]],[[451,1242],[-2,-55]],[[259,871],[-106,81],[-52,62],[-91,64],[-10,55],[40,38],[55,-38],[15,-30],[57,30],[109,7],[65,37],[17,85],[45,27],[40,-12]],[[743,1166],[-24,-44],[-44,-21],[-10,-34]],[[451,1242],[72,99],[121,19],[45,-22]],[[443,1277],[15,23],[-30,161]],[[428,1461],[55,5],[40,-39],[28,12],[95,-6],[37,-16],[29,33],[50,-61]],[[1179,972],[-38,1],[-70,41],[-69,-35],[-143,-26],[-56,-50]],[[428,1461],[-1,54],[106,19],[63,-17],[45,14],[15,35],[88,99],[130,-98],[38,-12]],[[1279,967],[-52,-105],[-93,-41],[-111,-6],[-44,-34],[-26,-116]]],"objects":{"NIC.geo":{"type":"GeometryCollection","geometries":[{"arcs":[[0,1,2,3,4]],"type":"Polygon","properties":{"name":"Nicaragua","postal":"KE"},"id":"NIC"},{"arcs":[[5,-1,6,7,8,9]],"type":"Polygon","properties":{"name":"Atlántico Sur","postal":"AS"},"id":"NIC"},{"arcs":[[10,-3,11,12,13]],"type":"Polygon","properties":{"name":"Carazo","postal":"CA"},"id":"NIC"},{"arcs":[[14,15,-4,-11,16,17]],"type":"Polygon","properties":{"name":"Granada","postal":"GR"},"id":"NIC"},{"arcs":[[18,19,20,21,22,23]],"type":"Polygon","properties":{"name":"Jinotega","postal":"JI"},"id":"NIC"},{"arcs":[[-10,24,-24,25]],"type":"Polygon","properties":{"name":"Atlántico Norte","postal":"AN"},"id":"NIC"},{"arcs":[[26,27,28,29,30]],"type":"Polygon","properties":{"name":"León","postal":"LE"},"id":"NIC"},{"arcs":[[31,-18,32,-13,33,-28,34]],"type":"Polygon","properties":{"name":"Managua","postal":"MN"},"id":"NIC"},{"arcs":[[-17,-14,-33]],"type":"Polygon","properties":{"name":"Masaya","postal":"MS"},"id":"NIC"},{"arcs":[[35,36,-30,37]],"type":"Polygon","properties":{"name":"Chinandega","postal":"CI"},"id":"NIC"},{"arcs":[[-20,38,-31,-37,39]],"type":"Polygon","properties":{"name":"Estelí","postal":"ES"},"id":"NIC"},{"arcs":[[-21,-40,-36,40,41]],"type":"Polygon","properties":{"name":"Madriz","postal":"MD"},"id":"NIC"},{"arcs":[[-9,42,-35,-27,-39,-19,-25]],"type":"Polygon","properties":{"name":"Matagalpa","postal":"MT"},"id":"NIC"},{"arcs":[[-22,-42,43]],"type":"Polygon","properties":{"name":"Nueva Segovia","postal":"NS"},"id":"NIC"},{"arcs":[[44,-15,-32,-43,-8]],"type":"Polygon","properties":{"name":"Boaco","postal":"BO"},"id":"NIC"},{"arcs":[[-5,-16,-45,-7]],"type":"Polygon","properties":{"name":"Chontales","postal":"CO"},"id":"NIC"}]}}}