{"type":"Topology","transform":{"scale":[0.0024961212566419577,0.0013698353186556709],"translate":[3.3492719525981864,50.74581963039276]},"arcs":[[[1006,740],[39,-33],[37,-107],[-85,0],[15,-157],[-79,-28],[-51,-72]],[[882,343],[-13,45],[-121,-15],[-63,94],[-97,33],[-176,10],[-39,-55]],[[373,455],[-6,55]],[[367,510],[-13,54]],[[354,564],[-12,52]],[[342,616],[-6,21]],[[336,637],[3,15]],[[339,652],[55,12],[27,40],[109,6],[27,42],[67,39],[42,-3]],[[666,788],[49,-42],[73,-15],[27,48],[103,9],[48,-45],[40,-3]],[[797,1119],[27,-15]],[[824,1104],[6,-61],[58,-66],[-25,-73],[-130,-13]],[[733,891],[-30,28],[-88,-46],[-33,58],[9,88],[-21,57]],[[570,1076],[84,49],[31,-36],[-6,-52],[63,15],[55,67]],[[733,891],[-27,-69],[-40,-34]],[[339,652],[-33,6]],[[306,658],[-30,100],[-6,130],[48,31],[58,79],[84,154]],[[460,1152],[19,-69],[91,-7]],[[460,1152],[40,134],[30,212],[24,118],[73,-39],[106,76]],[[733,1653],[3,-12]],[[736,1641],[-48,-52],[27,-118],[61,-9],[-25,-70],[-75,-40],[21,-72],[-6,-58],[-43,-36],[149,-67]],[[618,1725],[-39,-78],[-34,39],[73,39]],[[1491,1528],[-22,-154],[-118,0]],[[1351,1374],[-39,33],[-97,-39],[-21,36],[-67,18],[18,76],[-30,39]],[[1115,1537],[54,55],[67,30],[-51,91]],[[1185,1713],[63,82],[70,-73],[39,7],[121,-152],[13,-49]],[[1115,1537],[-139,-36]],[[976,1501],[-28,24]],[[948,1525],[-121,15],[0,119],[-15,42],[-76,-60]],[[733,1653],[88,82],[18,72],[67,64],[148,70],[82,6]],[[1136,1947],[36,-49],[-42,-157],[55,-28]],[[1372,995],[-39,-37],[55,-57],[-40,-58],[-76,-18],[-57,-37],[-64,28],[-118,-34],[6,-51]],[[1039,731],[-33,9]],[[824,1104],[52,6],[36,67],[60,36],[40,82]],[[1012,1295],[70,-9],[36,-67],[-27,-64],[27,-69],[109,9],[33,-49],[70,-9],[42,-42]],[[1136,1947],[64,0],[154,36],[49,-12],[21,-70],[115,-75],[-9,-79],[9,-103],[-48,-116]],[[1039,731],[64,-76],[-6,-33],[42,-64],[6,-88],[-60,-130],[30,-52],[-67,-54],[-36,-73],[48,-3],[28,-40],[-37,-118],[-115,12],[-24,67],[39,42],[46,170],[-115,52]],[[1351,1374],[-12,-112],[85,-31],[58,-48],[-10,-100],[-78,-85],[-22,-3]],[[1012,1295],[-12,60]],[[1000,1355],[36,49],[-12,64],[-48,33]],[[997,1331],[9,-45],[-30,-61],[-97,-48],[-6,-55],[-52,-3],[-91,43],[-15,36],[124,88],[15,33],[70,43],[73,-31]],[[1000,1355],[-67,4],[-33,45],[6,79],[42,42]],[[154,446],[49,-9],[85,18],[57,-27],[-36,-43],[-79,-48],[-51,0],[-15,39],[-70,21],[-64,-39],[-24,21],[-6,82],[76,30],[78,-45]],[[354,564],[-12,52]],[[373,455],[-131,64],[-51,-49],[-55,49],[-54,-3],[-43,57],[46,46],[106,15],[94,-76],[18,-48],[64,0]],[[336,637],[-30,21]],[[267,698],[-16,-58],[-72,58],[57,30],[31,-30]]],"objects":{"NLD.geo":{"type":"GeometryCollection","geometries":[{"arcs":[[0,1,2,3,4,5,6,7,8]],"type":"Polygon","properties":{"name":"Noord-Brabant","postal":null},"id":"NLD"},{"arcs":[[9,10,11,12]],"type":"Polygon","properties":{"name":"Utrecht","postal":null},"id":"NLD"},{"arcs":[[-12,13,-8,14,15,16]],"type":"Polygon","properties":{"name":"Zuid-Holland","postal":null},"id":"NLD"},{"arcs":[[[-13,-17,17,18,19]],[[20]]],"type":"MultiPolygon","properties":{"name":"Noord-Holland","postal":null},"id":"NLD"},{"arcs":[[21,22,23,24]],"type":"Polygon","properties":{"name":"Drenthe","postal":"DR"},"id":"NLD"},{"arcs":[[-24,25,26,27,-19,28,29]],"type":"Polygon","properties":{"name":"Friesland","postal":"FR"},"id":"NLD"},{"arcs":[[30,31,-9,-14,-11,32,33]],"type":"Polygon","properties":{"name":"Gelderland","postal":"GE"},"id":"NLD"},{"arcs":[[-25,-30,34]],"type":"Polygon","properties":{"name":"Groningen","postal":"GR"},"id":"NLD"},{"arcs":[[35,-1,-32]],"type":"Polygon","properties":{"name":"Limburg","postal":"LI"},"id":"NLD"},{"arcs":[[36,-34,37,38,-26,-23]],"type":"Polygon","properties":{"name":"Overijssel","postal":"OV"},"id":"NLD"},{"arcs":[[[39]],[[-39,40,-27]]],"type":"MultiPolygon","properties":{"name":"Flevoland","postal":"FL"},"id":"NLD"},{"arcs":[[[41]],[[-3,43]],[[-7,44,-15]],[[45]]],"type":"MultiPolygon","properties":{"name":"Zeeland","postal":"ZE"},"id":"NLD"}]}}}