{"type":"Topology","transform":{"scale":[0.002515645527081614,0.00216835190414391],"translate":[80.0359854353672,26.35313695276206]},"arcs":[[[2006,912],[-96,-111],[-74,-115]],[[1836,686],[-31,18],[-65,-56]],[[1740,648],[-36,1],[-21,40],[-110,27],[-67,-14],[-75,15],[-18,44]],[[1413,761],[32,20],[43,95],[-34,66],[60,106],[-19,31],[60,60],[110,42]],[[1665,1181],[61,-30],[29,-53],[62,-16],[28,-44],[96,-31],[54,47],[45,-26],[-36,-68],[2,-48]],[[1007,1214],[-34,-50],[-71,-54],[-58,-68],[-46,9],[-25,-132],[46,-45],[-33,-41],[61,-54],[5,-32],[-51,-31]],[[801,716],[-78,-25],[-66,52],[-92,52],[-16,32],[-54,21],[-36,67],[-57,24]],[[402,939],[89,114],[-25,125],[93,-4],[-14,48],[56,57]],[[601,1279],[11,-32],[107,-35],[68,14],[29,-13],[71,56],[53,-38],[67,-17]],[[1413,761],[-38,49],[-130,69],[-31,-6]],[[1214,873],[-80,102],[28,60],[56,23],[19,41]],[[1237,1099],[58,-7],[72,26],[55,102],[17,75]],[[1439,1295],[25,33],[90,27],[61,-20],[13,-48],[40,-54],[-3,-52]],[[1237,1099],[-89,39],[-61,-3],[-30,46],[-50,33]],[[601,1279],[-25,20],[-5,58],[24,27],[76,-2],[1,68],[20,51],[-32,37],[26,104],[-75,14],[-47,-14],[-13,51],[-61,22]],[[490,1715],[44,74],[84,84],[75,-26],[123,-13],[22,-120],[100,-31],[58,-37],[117,-121],[25,13],[53,-31],[47,2],[70,-65],[76,-135],[55,-14]],[[1740,648],[5,-14],[-107,-55],[-21,-33],[-57,7],[-15,-47]],[[1545,506],[-30,-46],[-102,49],[-81,6],[-33,-64],[-68,52],[-49,0],[-102,24],[-31,93]],[[1049,620],[68,94],[58,16],[-8,30],[47,113]],[[417,1695],[-34,-49],[15,-84],[-100,-30],[7,-78],[33,-35],[-43,-29],[-24,-58],[-60,-48],[-29,-69],[16,-142]],[[198,1073],[-43,-29],[-155,102],[39,125],[39,14],[18,59],[-25,69],[68,87],[-7,70],[35,15],[46,72],[33,11],[69,68],[3,24],[68,9],[31,-74]],[[402,939],[-64,29],[-140,105]],[[417,1695],[43,-11],[30,31]],[[2392,708],[-23,-68],[-75,-111],[5,-28],[-54,-38],[-71,13]],[[2174,476],[-96,48],[-24,87],[-57,19],[-79,-18],[-75,28],[-7,46]],[[2006,912],[71,-29],[68,13],[120,-34],[46,-29],[52,-126],[29,1]],[[2576,746],[19,-26],[10,-78],[-125,-136],[-26,-91],[51,-12],[7,-110],[-80,-35],[16,-101],[-19,-43]],[[2429,114],[-54,25],[-75,-38],[-44,37],[-9,74],[-36,19],[-97,-43]],[[2114,188],[24,118],[34,58],[2,112]],[[2392,708],[24,18],[-18,69],[35,37],[19,-71],[93,-43],[31,28]],[[2114,188],[-63,-1],[-13,43],[-47,-4],[-48,52],[-49,27],[-64,6],[7,81],[-32,58],[-114,22],[-84,61],[-62,-27]],[[2761,737],[7,-117],[-23,-103],[7,-68],[-17,-92],[20,-102],[81,7],[-6,-39],[-60,-52],[-28,-94]],[[2742,77],[-88,-49],[-170,91],[-55,-5]],[[2576,746],[11,56],[47,7],[31,-40],[96,-32]],[[3038,673],[-79,-125],[-13,-73],[28,-36],[80,-32],[-95,-117],[74,-111],[-7,-153]],[[3026,26],[-24,-15],[-81,19],[-23,-30],[-97,36],[-16,69],[-43,-28]],[[2761,737],[69,-58],[92,-10],[58,15],[58,-11]],[[3038,673],[58,43],[82,-6],[53,-22],[-21,-95],[-35,-66],[5,-80],[-26,-101],[42,-51],[31,-68],[6,-47],[-38,-134],[-39,-40],[-42,44],[-88,-24]],[[1049,620],[-108,-9],[-140,105]]],"objects":{"NPL.geo":{"type":"GeometryCollection","geometries":[{"arcs":[[0,1,2,3,4]],"type":"Polygon","properties":{"name":"Gorkha","postal":"PM"},"id":"NPL"},{"arcs":[[5,6,7,8]],"type":"Polygon","properties":{"name":"Banke","postal":"MP"},"id":"NPL"},{"arcs":[[-4,9,10,11,12]],"type":"Polygon","properties":{"name":"Dhawalagiri","postal":"PM"},"id":"NPL"},{"arcs":[[-12,13,-9,14,15]],"type":"Polygon","properties":{"name":"Karnali","postal":"MP"},"id":"NPL"},{"arcs":[[-3,16,17,18,-10]],"type":"Polygon","properties":{"name":"Lumbini","postal":"PM"},"id":"NPL"},{"arcs":[[19,20]],"type":"Polygon","properties":{"name":"Mahakali","postal":"SP"},"id":"NPL"},{"arcs":[[-8,21,-20,22,-15]],"type":"Polygon","properties":{"name":"Achham","postal":"SP"},"id":"NPL"},{"arcs":[[23,24,-1,25]],"type":"Polygon","properties":{"name":"Bhaktapur","postal":"MM"},"id":"NPL"},{"arcs":[[26,27,28,-24,29]],"type":"Polygon","properties":{"name":"Janakpur","postal":"MM"},"id":"NPL"},{"arcs":[[-25,-29,30,-17,-2]],"type":"Polygon","properties":{"name":"Narayani","postal":"MM"},"id":"NPL"},{"arcs":[[31,32,-27,33]],"type":"Polygon","properties":{"name":"Sagarmatha","postal":"PW"},"id":"NPL"},{"arcs":[[34,35,-32,36]],"type":"Polygon","properties":{"name":"Bhojpur","postal":"PW"},"id":"NPL"},{"arcs":[[-35,37]],"type":"Polygon","properties":{"name":"Mechi","postal":"PW"},"id":"NPL"},{"arcs":[[-11,-19,38,-6,-14]],"type":"Polygon","properties":{"name":"Rapti","postal":"MP"},"id":"NPL"}]}}}