{"type":"Topology","transform":{"scale":[0.0022661661271854852,0.001988101533357768],"translate":[166.4616585028818,-47.27768496474064]},"arcs":[[[4299,4091],[47,-60],[-16,-44],[16,-77],[-31,-9],[-32,-54],[0,-40],[-31,-137],[94,-44],[32,-42],[0,-105],[31,-24],[79,-22]],[[4488,3433],[-95,-75],[-78,-133]],[[4315,3225],[-63,31],[-127,-20],[-173,-2],[-47,11],[-142,-25]],[[3763,3220],[48,62],[47,93],[0,78],[16,69],[-32,95],[-94,86],[-79,29]],[[3669,3732],[94,91],[0,75],[-47,47],[0,42],[-31,13],[94,109],[-63,64],[0,102]],[[3716,4275],[32,13],[0,43],[78,20],[48,-3],[31,29],[79,7],[63,-27],[-47,-71],[15,-15],[0,-91],[32,-33],[-16,-122],[94,-11],[32,42],[63,31],[79,4]],[[5055,4184],[-79,60],[-79,73],[0,38],[-47,-2],[-95,51]],[[4755,4404],[0,46],[111,53],[0,51],[78,34],[32,64],[47,-40],[63,142],[0,111],[47,26]],[[5133,4891],[79,-2],[32,-33],[78,-14],[16,-37],[-31,-29],[-63,-106],[0,-226],[-16,-49],[-95,-84],[-63,-11],[0,-71],[-15,-45]],[[5055,4184],[0,-46],[31,-40],[-63,-49],[0,69],[-110,9],[-95,-2],[-141,-63],[-63,-88],[15,-49],[0,-75],[63,-18],[-31,-47],[-63,-144],[-32,-93],[-31,-15],[-47,-69],[0,-31]],[[4299,4091],[16,25]],[[4315,4116],[31,-27],[63,18],[-16,31],[63,24],[63,80],[0,51],[79,35],[47,-15],[16,29],[94,62]],[[3905,5164],[-47,-22],[0,-62],[-189,-38],[-47,-20]],[[3622,5022],[-48,102],[32,18],[31,-60],[79,49],[-47,35],[0,38],[-126,-42],[-32,128],[-94,109],[16,49],[94,-100],[0,137],[-78,3],[110,70]],[[3559,5558],[63,47]],[[3622,5605],[63,-67],[0,-37],[-32,-58],[0,-97],[-16,-109],[79,7],[0,-53],[63,42],[32,-49],[63,15],[31,-35]],[[3968,5609],[32,-22],[0,-75],[-63,33],[31,64]],[[4315,4116],[15,75],[-31,4],[-47,49],[47,122],[-63,20],[31,49],[32,-22],[47,9],[63,-23],[31,54],[-15,28],[-79,27],[-16,62],[-31,55],[-63,22],[-48,51],[-15,83],[-48,97],[0,44],[63,62]],[[4188,4984],[16,-20],[0,-115],[63,-22],[63,0],[110,-40],[79,-60],[110,-24],[79,-44],[142,26],[63,36],[47,60],[16,48],[63,16],[47,51],[47,-5]],[[3370,2671],[-48,-31],[-15,-67],[-189,-184],[-16,-57],[-79,-105],[0,-40],[-78,-42],[-16,-26],[-79,-18],[-79,-80],[0,-119],[16,-69],[47,9],[95,-33],[0,-87],[-110,-22],[-48,38],[-110,50],[-47,-13],[0,-57],[-63,-3],[-158,-95],[-31,2],[-110,-53],[-126,-106],[0,-45],[-32,-55],[0,-179],[-31,-7],[-110,24]],[[1953,1201],[-111,-15],[-63,-51],[-47,-20],[-47,73],[-79,-4],[-63,99],[-31,31],[-48,2],[-63,47],[0,35],[-47,34],[0,115],[47,44],[16,69]],[[1417,1660],[47,51],[79,46],[63,89],[47,38],[111,49],[63,6],[110,91],[63,29],[31,40],[79,20],[32,51],[78,22],[95,7],[15,53],[63,22],[16,38],[63,24],[126,117],[47,16],[16,42]],[[2661,2511],[32,13],[31,60],[32,11]],[[2756,2595],[47,-29],[16,-62],[94,-82],[47,16],[16,55],[47,40],[63,20],[16,64],[94,54],[95,26],[79,-26]],[[2756,2595],[15,45],[48,48],[0,36],[141,166],[48,9],[0,64]],[[3008,2963],[31,11],[95,100],[15,55]],[[3149,3129],[79,22],[16,-24],[94,-15],[63,44],[48,-42],[-64,-78],[64,-26],[-95,-54],[95,-177],[-32,-62],[-47,-46]],[[3307,3269],[-16,-44],[-63,-31],[16,82],[63,-7]],[[3008,2963],[-48,38]],[[2960,3001],[63,33],[126,95]],[[2661,2511],[-47,-2],[-16,57],[-94,36],[-32,53],[0,47],[32,28],[-16,47],[63,27],[31,33],[16,62],[32,46],[63,7],[15,55],[48,40],[-95,62],[-63,25],[0,53],[-47,44],[0,38]],[[2551,3269],[31,16],[79,79],[63,40],[32,-20],[-16,-64],[79,-84],[78,24],[16,-38],[-16,-55],[0,-89],[32,-15],[0,-60],[31,-2]],[[3559,5558],[-63,-15],[-47,40],[-32,-33],[-32,37],[-31,-18],[63,-81],[-63,-16],[-16,66],[-267,351],[15,73],[-78,4],[-79,100],[47,55],[0,51],[-63,76],[-110,153],[-63,37],[31,25],[126,4],[-15,-78],[78,-135],[111,-55],[63,-18],[15,31],[142,-53],[47,-64],[32,-65],[94,23],[32,-87],[47,-18],[31,-70],[16,-85],[-31,-31],[-16,-84],[63,-27],[16,-46]],[[3669,3732],[-110,22],[-110,111],[-127,27],[-63,37],[-31,36],[0,95],[31,36],[48,17],[110,65],[79,-3],[94,80],[16,56]],[[3606,4311],[110,-36]],[[1417,1660],[-31,7],[-48,-45],[-63,-24],[-31,13],[-94,-13],[-111,-86],[-31,-60],[-126,-45],[-63,-4]],[[819,1403],[31,60],[-63,53],[-47,-9]],[[740,1507],[95,82],[15,44],[110,25],[79,-7],[126,91],[173,93],[111,31],[63,87],[63,24],[31,49],[63,6],[63,67],[110,73],[63,22],[111,126],[47,36],[79,151],[0,73],[62,115],[0,78],[79,4],[95,46],[31,29],[32,78],[47,44],[0,244],[63,51]],[[1953,1201],[110,-33],[-16,-60],[-47,-40],[-47,-77],[15,-47],[-94,-142],[31,-55],[0,-44],[-157,-31],[-79,-60],[0,-47],[-157,-95],[-16,-62],[-95,-56],[-63,-22],[-125,2]],[[1213,332],[-16,80],[0,124],[-16,73],[-31,29],[0,69],[-32,18],[0,66],[63,131],[32,13],[-48,58],[-47,0],[-47,-58],[-48,0],[-63,80],[-78,-29],[-79,25],[-16,68],[16,53],[-47,18],[-16,84],[16,96],[63,73]],[[661,290],[95,-77],[-16,-56],[47,-4],[0,-49],[-31,-20],[-79,-6],[-47,-34],[-79,18],[0,-42],[-79,-20],[0,44],[48,16],[-16,40],[63,26],[16,87],[0,80],[78,-3]],[[252,995],[-63,22],[31,47],[32,-69]],[[1213,332],[-79,-33],[-63,20],[-32,38],[-94,-22],[-79,4],[-47,38],[-16,53],[-47,44],[-142,-29],[-63,102],[-110,20],[-16,-44],[-63,-18],[-142,25],[-94,2],[-63,66],[16,62],[-79,-15],[0,89],[189,22],[-47,26],[0,74],[-32,-3],[16,78],[31,18],[16,51],[79,-18],[16,102],[63,93],[47,20],[94,69],[32,44],[63,35],[47,0],[0,62],[126,100]],[[3606,4311],[0,124],[31,49],[0,68],[48,87],[-16,93],[31,53],[-47,155],[0,49],[-31,33]],[[3905,5164],[16,-91],[47,-16],[47,18],[0,82],[-31,82],[0,118],[-63,42],[0,33],[94,-24],[0,-42],[48,-56],[78,0],[-47,-57],[47,-3],[32,-99],[0,-113],[15,-54]],[[4315,3225],[-32,-43],[-31,-75],[-64,-73],[-94,-78],[-31,-11],[-142,-95],[-63,-2],[-16,53],[16,38],[-63,26],[-79,-24],[0,104],[-31,-2],[-32,-60],[-47,13],[-16,42],[47,14],[63,88],[48,32],[15,48]]],"objects":{"NZL.geo":{"type":"GeometryCollection","geometries":[{"arcs":[[0,1,2,3,4,5]],"type":"Polygon","properties":{"name":"Manawatu-Wanganui","postal":"MW"},"id":"NZL"},{"arcs":[[6,7,8]],"type":"Polygon","properties":{"name":"Gisborne","postal":"GI"},"id":"NZL"},{"arcs":[[9,-1,10,11,-7]],"type":"Polygon","properties":{"name":"Hawke's Bay","postal":"HB"},"id":"NZL"},{"arcs":[[[12,13,14,15]],[[16]]],"type":"MultiPolygon","properties":{"name":"Auckland","postal":"AU"},"id":"NZL"},{"arcs":[[-8,-12,17,18]],"type":"Polygon","properties":{"name":"Bay of Plenty","postal":"BP"},"id":"NZL"},{"arcs":[[19,20,21,22,23]],"type":"Polygon","properties":{"name":"Canterbury","postal":"CA"},"id":"NZL"},{"arcs":[[[-24,24,25,26]],[[27]]],"type":"MultiPolygon","properties":{"name":"Marlborough","postal":"MA"},"id":"NZL"},{"arcs":[[28,29,-26]],"type":"Polygon","properties":{"name":"Nelson","postal":null},"id":"NZL"},{"arcs":[[-29,-25,-23,30,31]],"type":"Polygon","properties":{"name":"Tasman","postal":null},"id":"NZL"},{"arcs":[[-15,32]],"type":"Polygon","properties":{"name":"Northland","postal":"NO"},"id":"NZL"},{"arcs":[[-5,33,34]],"type":"Polygon","properties":{"name":"Taranaki","postal":"TK"},"id":"NZL"},{"arcs":[[-31,-22,35,36,37]],"type":"Polygon","properties":{"name":"West Coast","postal":"WC"},"id":"NZL"},{"arcs":[[-21,38,39,-36]],"type":"Polygon","properties":{"name":"Otago","postal":"OT"},"id":"NZL"},{"arcs":[[[40]],[[41]],[[42,-37,-40]]],"type":"MultiPolygon","properties":{"name":"Southland","postal":"SO"},"id":"NZL"},{"arcs":[[-18,-11,-6,-35,43,-13,44]],"type":"Polygon","properties":{"name":"Waikato","postal":"WK"},"id":"NZL"},{"arcs":[[45,-3]],"type":"Polygon","properties":{"name":"Wellington","postal":"WG"},"id":"NZL"}]}}}