{"type":"Topology","transform":{"scale":[0.0030865890067629737,0.002395726823995714],"translate":[60.84437870291476,23.77469322365589]},"arcs":[[[3044,3046],[-12,-110],[-42,-46],[-2,-49],[-29,-53],[-15,-74],[36,-14],[-66,-180],[-36,-43],[-33,-10],[-18,-99],[27,-16],[29,-54],[-11,-63],[-61,-80],[2,-55],[-34,-74],[-12,-59]],[[2767,1967],[-197,-9],[-56,4],[-54,-19],[-142,-132],[-24,-37],[-78,-41],[-92,-26],[-69,-147],[-15,-74],[5,-284],[8,-48],[83,-179],[-1,-117],[-20,-65],[-66,-108],[-10,-58],[-55,-98],[-34,-14],[-51,-49]],[[1899,466],[-8,24],[18,97],[-61,77],[13,25],[-49,72],[-58,6],[18,-57],[-147,-24],[-61,-30],[-66,17],[-76,-7],[-29,-31],[-130,12],[-26,-40],[-193,49],[-40,-5],[-88,20],[-43,-16],[-19,-35],[-56,-17],[-42,16],[-49,-16],[-83,18],[-95,-1],[-52,-49],[-20,29],[-57,-6],[-1,-41],[-111,-3],[17,34],[-64,12],[11,35],[12,202],[31,21],[18,145],[15,31],[125,45],[16,63],[44,27],[54,6],[52,27],[125,-8],[14,85],[26,26],[-11,73],[29,21],[-50,60],[-79,-19],[-39,4],[-14,51],[18,62],[-11,140],[-14,69],[10,90],[-62,7],[-69,80],[-102,27],[-50,24],[-78,89],[-28,48],[-26,88],[-47,72],[-20,64],[-141,188],[168,-62],[328,-118],[33,-8],[354,38],[130,-29],[37,-18],[39,48],[88,29],[111,-1],[70,-11],[376,123],[46,51],[-37,36],[25,76],[7,88],[-18,68],[32,135],[60,22],[36,45],[11,47],[80,49],[26,-31],[105,-13],[130,50],[-63,77],[56,8],[47,43],[56,22],[26,52],[75,-21],[55,26],[48,-21],[33,-65],[74,14],[96,121]],[[2740,3409],[87,3],[30,35],[42,12],[23,-45],[-6,-34],[27,-31],[-5,-115],[53,-44],[59,-13],[-6,-131]],[[4659,4535],[-67,-4],[-114,24],[-103,36],[-74,-34],[-51,-10],[-61,-124],[53,-28],[20,-45],[-37,-47],[20,-31],[91,2],[11,-35],[-92,-71],[0,-46],[53,-42],[-15,-92],[-30,-24],[0,-39],[61,-65],[42,-21],[-1,-62]],[[4365,3777],[-108,61],[-52,18],[-65,47],[-16,109],[19,71],[-17,148],[-20,41]],[[4106,4272],[-14,108],[-24,45],[15,76],[62,11],[20,72],[101,50],[37,93]],[[4303,4727],[128,3],[37,-69],[95,-53],[75,20],[23,-28],[-2,-65]],[[3915,4154],[64,33]],[[3979,4187],[63,-49],[-45,-80],[-44,55],[-62,-23],[-16,26],[40,38]],[[4303,4727],[-9,18],[-105,39],[-28,31],[23,91],[-83,2],[-119,76],[-16,67],[-69,0],[-26,-16],[-90,28],[24,45],[-17,28],[9,63],[38,16],[97,84],[37,58],[-7,38],[111,22],[148,-17],[5,25],[-57,51]],[[4169,5476],[76,-26],[48,0],[97,68],[92,24],[85,-31],[51,7],[70,-27],[26,-27],[5,-49],[52,8],[71,-33],[60,-94],[13,-97],[-39,-55],[54,-44],[34,-78],[130,25],[1,-48],[67,-44],[88,-223],[-12,-52],[-29,-28],[-46,5],[-12,-47],[-62,-39],[-49,11],[-80,-38],[-42,7],[-80,-73],[-54,-2],[-85,25],[-40,34]],[[3096,3119],[-44,-38],[-8,-35]],[[2740,3409],[-17,79],[6,71],[-13,50],[17,47],[48,56],[-17,44],[36,47],[-6,45],[26,34],[73,16],[35,-10],[41,18],[93,78],[-46,78],[7,53],[-71,50],[-37,79],[10,31],[42,12],[106,-37],[63,-7],[109,11],[60,31],[21,62],[4,70],[-49,47],[31,37],[4,48],[40,32],[28,52],[50,27]],[[3434,4660],[57,-70],[53,4],[-8,-50],[-38,-52],[5,-59],[-91,-115],[0,-55],[46,-106],[68,44],[41,-36],[-5,-53],[-54,-31],[-70,42],[-101,-1],[-49,-39],[-77,10],[-8,-36],[-81,-39],[34,-49],[89,-33],[-43,-58],[-56,-5],[-58,-93],[0,-46],[65,-87],[-38,-7],[-53,-77],[-25,-2],[-49,-63],[47,-113],[-1,-31],[62,-235]],[[3979,4187],[62,27],[15,40],[50,18]],[[4365,3777],[60,-33],[50,0],[-9,-65],[31,-53],[97,2],[67,-36],[39,-40],[-18,-56],[-106,-47],[-45,-5],[-22,-36],[-63,-41],[-25,-54],[39,-113],[-34,-111],[31,-49],[-27,-40],[-70,-51],[-45,-73],[-34,-31],[-39,-69],[-28,-22],[30,-77],[-66,-59],[-59,-14],[-61,-36],[-44,-163],[-59,-128],[-49,-86],[-177,-107],[-32,-51],[-34,-122],[-78,-91],[-16,-77],[-97,-34],[-109,-10],[-101,-53],[-49,-4],[-65,121],[-34,17],[-43,-16],[-44,-46]],[[3027,1718],[-68,47],[-26,45],[-32,119],[-22,29],[-77,26],[-35,-17]],[[3096,3119],[55,33],[68,-13],[29,54],[-5,53],[45,145],[72,111],[43,141],[-59,43],[-10,86],[14,63],[86,24],[-11,80],[42,6],[33,-59],[36,50],[-4,72],[39,14],[30,49],[22,91],[69,9],[2,72],[62,30],[100,-36],[33,-24],[28,-59]],[[3027,1718],[-32,-40],[-23,-81],[-55,-79],[-88,-93],[-22,-58],[-14,-101],[12,-30],[102,-65],[77,4],[33,-25],[-2,-115],[-28,-114],[60,-114],[36,-14],[75,15],[21,-32],[-3,-84],[28,-69],[41,-54],[11,-57],[55,-133],[-28,-18],[-1,-67],[-18,-49],[-53,-54],[-63,23],[-13,58],[-133,-51],[-45,-58],[-98,10],[-34,37],[-92,2],[-37,-12],[-66,1],[-23,27],[-54,-13],[0,-135],[-120,-4],[-107,-76],[-51,38],[-11,-23],[-65,-3],[-38,39],[-24,72],[-28,1],[-20,58],[-15,107],[-30,62],[7,59],[-68,36],[-84,20]],[[3434,4660],[21,55],[41,55],[-34,41],[30,54],[-9,50],[-36,32],[10,31],[-56,103],[-55,33],[16,42],[52,38],[80,101],[35,-27],[154,138],[78,13],[36,27],[98,3],[105,20],[169,7]]],"objects":{"PAK.geo":{"type":"GeometryCollection","geometries":[{"arcs":[[0,1,2,3]],"type":"Polygon","properties":{"name":"Baluchistan","postal":"BA"},"id":"PAK"},{"arcs":[[4,5,6,7]],"type":"Polygon","properties":{"name":"Azad Kashmir","postal":"JK"},"id":"PAK"},{"arcs":[[8,9]],"type":"Polygon","properties":{"name":"F.C.T.","postal":"IS"},"id":"PAK"},{"arcs":[[-8,10,11]],"type":"Polygon","properties":{"name":"Northern Areas","postal":"NA"},"id":"PAK"},{"arcs":[[12,-4,13,14]],"type":"Polygon","properties":{"name":"F.A.T.A.","postal":"TA"},"id":"PAK"},{"arcs":[[-10,15,-6,16,17,-1,-13,18]],"type":"Polygon","properties":{"name":"Punjab","postal":"PB"},"id":"PAK"},{"arcs":[[19,-2,-18]],"type":"Polygon","properties":{"name":"Sind","postal":"SD"},"id":"PAK"},{"arcs":[[-11,-7,-16,-9,-19,-15,20]],"type":"Polygon","properties":{"name":"N.W.F.P.","postal":"NW"},"id":"PAK"}]}}}