{"type":"Topology","transform":{"scale":[0.0015498614359274081,0.0014691735856802864],"translate":[-83.05324621653966,7.2125019316198244]},"arcs":[[[445,1087],[53,-22],[83,-10],[6,-140],[-24,-67],[69,6],[49,-87],[108,-14],[30,-37],[97,22],[27,51],[45,5]],[[988,794],[6,-87],[-60,-79],[-37,-94]],[[897,534],[-31,91],[-41,-5],[-71,34],[-134,32],[-32,-41],[-35,29],[-14,51],[-40,45],[-78,-38],[-20,40],[-52,-48],[-95,32],[-96,-19],[-44,-52],[-80,34],[-34,31],[64,60],[54,24],[22,63],[-9,68],[-39,57],[28,85],[95,55]],[[215,1162],[18,-17],[80,3],[25,-25],[107,-36]],[[1881,1182],[-17,-81],[39,-162],[8,-82],[33,-50]],[[1944,807],[-119,-66],[-71,-9],[-30,15],[-57,-61],[-6,-88]],[[1661,598],[-84,31],[-50,-3]],[[1527,626],[-31,21],[27,100],[-41,95],[-42,60],[53,53]],[[1493,955],[57,103],[70,16],[17,93],[104,-38],[114,103],[26,-50]],[[2567,1599],[0,-71],[-43,-54],[-68,-32]],[[2456,1442],[-28,57],[-97,44],[-53,-17],[-33,-161],[-62,-61],[-70,-9],[-72,54],[-47,-76],[4,-58],[-42,-21],[-46,11],[-29,-23]],[[1493,955],[7,78],[-79,70],[-8,36]],[[1413,1139],[26,3],[62,73],[58,37],[148,62],[74,6],[124,48],[79,96],[54,-5],[49,24],[82,71],[18,60],[73,31],[56,-41],[22,14],[152,-34],[77,15]],[[1661,598],[15,-37],[52,-27]],[[1728,534],[-19,-38],[-64,-20],[-45,-62],[13,-67],[-107,-131]],[[1506,216],[-53,35],[-94,141],[2,77],[56,46],[2,62],[72,47],[36,2]],[[1580,16],[-41,59],[-31,93],[-2,48]],[[1728,534],[48,-77],[101,-89],[59,-79],[37,-91],[-14,-32],[-77,-22],[-73,4],[-70,-33],[-14,-47],[-42,-45],[-103,-7]],[[2704,845],[18,-76],[-15,-32],[-72,7],[-3,94],[72,7]],[[2456,1442],[113,-37],[87,46],[153,18],[46,-34],[75,20],[165,-108],[68,2],[-1,-40],[71,-42]],[[3233,1267],[-24,-89],[-56,-45],[-68,-17],[-24,-31],[-54,26],[-38,-17],[15,-72],[-19,-105],[31,-141]],[[2996,776],[-52,73],[-9,119],[-70,24],[-94,108],[-45,-10],[-29,53],[-85,46],[-110,35],[-136,6],[-62,-14],[-77,-74],[-66,-18],[-34,-46],[11,-54],[-23,-94],[-57,-18],[-69,-74],[-45,-31]],[[848,294],[22,-62],[-9,-69],[45,-89],[-63,19],[-62,56],[-10,59],[18,39],[59,47]],[[1580,16],[-70,-13],[-103,-3],[-37,30],[22,49],[-12,86],[-34,37],[14,32],[-48,64],[-42,98],[-58,-21],[-15,-91],[-197,49],[-46,40],[5,60],[-62,101]],[[988,794],[0,55],[21,93],[51,-26],[53,0],[41,-32],[39,37],[-8,154]],[[1185,1075],[83,12],[145,52]],[[3459,1062],[-84,-27],[-55,-76],[22,-71],[42,-56],[10,-59],[40,-61],[68,-40],[47,-78],[183,56]],[[3732,650],[44,-126],[-78,-69],[-38,-73],[26,-45],[-109,-77],[-45,-45],[-65,97],[-59,-1],[20,-112],[-51,-19],[-49,-165],[-34,23],[-76,102],[-66,71],[-4,36],[-76,79],[9,22],[-33,81],[-42,51],[-24,108],[94,3],[31,50],[-26,66],[61,32],[18,65],[68,-48],[-16,76],[-53,21],[-20,-41],[-42,29],[-74,-16],[-27,-49]],[[3233,1267],[84,-52],[51,-66],[52,-34],[39,-53]],[[3188,527],[-58,10],[-82,-28],[-1,-46],[56,-110],[42,-45],[63,-14],[6,-29],[79,12],[-4,81],[-39,131],[-43,-9],[-19,47]],[[3603,902],[-144,160]],[[2567,1599],[11,-71],[100,-23],[78,15],[115,-20],[27,15],[80,-23],[148,-78],[119,-43],[86,-102],[20,23],[57,-73],[39,-83],[88,-60],[19,-54],[71,-58],[-22,-62]],[[524,1447],[-57,50],[41,19],[16,-69]],[[675,1180],[-35,-30],[-46,-1],[-44,37],[-78,37],[4,61],[-73,-75],[52,-27],[11,-30],[-21,-65]],[[215,1162],[-19,37],[-103,67],[-20,-9],[-3,257],[54,32],[-12,52],[33,29],[135,-79],[37,56],[100,-91],[38,-88],[-2,-67],[65,-24],[3,-108],[67,-17],[28,-40],[59,11]],[[675,1180],[67,17],[71,-27],[20,90],[87,-112],[57,-59],[117,-19],[91,5]],[[3603,902],[-13,-44],[43,-11],[38,-126],[26,-7],[35,-64]]],"objects":{"PAN.geo":{"type":"GeometryCollection","geometries":[{"arcs":[[0,1,2,3]],"type":"Polygon","properties":{"name":"Chiriquí","postal":"CH"},"id":"PAN"},{"arcs":[[4,5,6,7,8]],"type":"Polygon","properties":{"name":"Coclé","postal":"CC"},"id":"PAN"},{"arcs":[[9,10,-9,11,12]],"type":"Polygon","properties":{"name":"Colón","postal":"CL"},"id":"PAN"},{"arcs":[[13,14,15,-7]],"type":"Polygon","properties":{"name":"Herrera","postal":"HE"},"id":"PAN"},{"arcs":[[16,-15,17]],"type":"Polygon","properties":{"name":"Los Santos","postal":"LS"},"id":"PAN"},{"arcs":[[[18]],[[19,20,21,-5,-11]]],"type":"MultiPolygon","properties":{"name":"Panama","postal":"SB"},"id":"PAN"},{"arcs":[[[22]],[[-8,-16,-17,23,-2,24,25,-12]]],"type":"MultiPolygon","properties":{"name":"Veraguas","postal":"VR"},"id":"PAN"},{"arcs":[[26,27,-21,28],[29]],"type":"Polygon","properties":{"name":"Darién","postal":"DR"},"id":"PAN"},{"arcs":[[30,-29,-20,-10,31]],"type":"Polygon","properties":{"name":"Kuna Yala","postal":"SB"},"id":"PAN"},{"arcs":[[[32]],[[33,-4,34]]],"type":"MultiPolygon","properties":{"name":"Bocas del Toro","postal":"BC"},"id":"PAN"},{"arcs":[[-25,-1,-34,35]],"type":"Polygon","properties":{"name":"Ngöbe Buglé","postal":"NB"},"id":"PAN"},{"arcs":[[[-30]],[[-31,36,-27]]],"type":"MultiPolygon","properties":{"name":"Emberá","postal":"EM"},"id":"PAN"}]}}}