{"type":"Topology","transform":{"scale":[0.0029290057977293736,0.0031121287599291205],"translate":[-81.33755752885685,-18.337746206622114]},"arcs":[[[1442,2010],[-21,3],[12,24]],[[1433,2037],[9,-27]],[[644,3968],[75,-10],[-21,-83],[-57,-27],[10,-55],[32,-39],[58,-36],[-52,-42],[-10,-36]],[[679,3640],[-51,13],[-66,-62]],[[562,3591],[-82,90],[-11,30],[-53,44],[-174,88]],[[242,3843],[61,90],[50,50],[106,28],[18,25],[-7,65],[50,-25],[14,-55],[44,-33],[66,-20]],[[718,4297],[-50,-61],[18,-60],[-22,-50],[-9,-74],[22,-58],[-33,-26]],[[242,3843],[-55,25],[-106,73],[-17,61],[72,11],[28,64],[-25,60],[-91,82],[9,39],[37,21],[-94,110],[3,65],[26,76],[65,50]],[[94,4580],[46,-27],[81,-14],[61,47]],[[282,4586],[14,-47],[-6,-59],[36,-26],[61,58],[42,-4],[97,-56],[47,14],[54,-33],[-9,-24],[26,-62],[51,-49],[23,-1]],[[94,4580],[66,68],[33,52],[54,30],[26,36],[93,26],[29,-155],[-42,-31],[-61,1],[-10,-21]],[[2771,1580],[42,-12],[66,21],[103,-55],[59,-11],[90,-60],[29,-49],[-10,-90],[-57,-64],[-77,-45],[6,-38]],[[3022,1177],[-94,5],[-29,-24]],[[2899,1158],[-63,34],[-75,-28],[-39,3],[-53,-37],[-18,39],[26,34],[-15,30],[0,88],[-70,140],[19,19],[-43,47],[-9,76],[41,26],[88,-56],[69,-11],[14,18]],[[3022,1177],[22,-45],[86,5],[34,-26],[34,58],[32,-46],[18,-72],[57,-14],[56,29],[54,-28],[41,11],[12,-43],[51,-41]],[[3519,965],[7,-75],[37,-45],[-11,-28],[29,-62]],[[3581,755],[-9,-88],[-31,-67],[-60,0],[-57,-53],[1,-32],[-49,-35],[35,-58],[-8,-43],[-40,-51]],[[3363,328],[-109,40],[-49,38],[-117,62],[-24,39],[-77,33],[-66,9],[-178,79],[-40,29],[-96,23],[-188,118],[-50,9],[-22,32],[-131,52],[-78,41]],[[2138,932],[39,64],[80,48]],[[2257,1044],[88,-34],[23,-53],[53,-43],[39,13],[26,-49],[50,47],[115,13],[39,17],[60,-10],[85,86],[8,94],[56,33]],[[3126,2257],[-7,-37],[-44,-77],[-18,-75],[15,-39],[53,-27],[20,-49],[54,-31],[39,-135],[83,-30],[42,0],[107,-36],[48,-28],[121,-18],[43,38],[67,-6]],[[3749,1707],[-7,-82],[-66,-83],[-38,-80],[-46,-12],[-11,-60],[14,-27],[-28,-101],[-30,-11],[-6,-44],[-44,-33],[42,-27],[-5,-71],[14,-71],[-19,-40]],[[2771,1580],[-112,114],[-43,125],[-30,16],[-68,112]],[[2518,1947],[98,16],[25,70],[33,46],[5,42],[-65,33],[46,33],[38,66]],[[2698,2253],[103,10],[54,26],[52,-50],[96,-17],[45,29],[78,6]],[[4221,1705],[-216,-100],[-14,1],[-230,104],[-12,-3]],[[3126,2257],[34,83],[39,21],[59,5],[201,91],[73,51],[43,51],[17,87],[61,48]],[[3653,2694],[-1,-339],[36,23],[34,-32],[50,-9],[114,46],[129,-10],[81,-132],[224,-366],[-101,-118],[2,-52]],[[4221,1705],[-4,-166],[-33,-48],[23,-18],[15,-76],[30,-71],[-43,-11],[6,-43],[-87,-69],[-7,-50],[-32,-12],[-8,-63],[80,-81],[-75,-77],[-98,57],[-78,-2],[-22,-34],[7,-61],[-38,-38],[9,-44],[59,20],[53,-57],[86,-14],[3,-55],[45,-26],[82,18],[5,-61],[-19,-31],[29,-45],[-62,-35],[-74,-87],[-7,-23],[-67,-32],[-14,-33]],[[3985,337],[-61,14],[-67,44],[-47,77]],[[3810,472],[51,52],[-94,78],[-9,69],[-34,64],[-47,13],[-34,-15],[-62,22]],[[3810,472],[-49,10],[-50,-14],[-3,-57],[-71,-58],[-84,-124],[-84,-54]],[[3469,175],[-51,32],[-25,94],[-30,27]],[[3985,337],[49,-26],[4,-44],[-59,-48],[-60,-25],[26,-79],[-28,-53],[-42,-38],[-50,-18],[-89,-6],[-99,56],[-78,70],[-90,49]],[[1371,3150],[11,-48],[52,-69],[122,-76],[-66,-163],[-34,-48],[27,-81],[30,-26],[-9,-52]],[[1504,2587],[-74,-32],[-16,-42],[-101,-74],[-33,1],[-5,52],[-49,17],[-49,-24]],[[1177,2485],[-94,148],[-22,112],[-48,58],[-39,91],[-4,45],[-50,43],[-2,30]],[[918,3012],[38,67],[96,31],[49,115],[53,42],[20,34],[84,11],[16,-39],[42,-31],[55,-92]],[[1142,3639],[42,-71],[10,-46],[-28,-47],[-4,-45],[-71,-3],[-29,-25],[-123,56],[-69,7],[-93,-34],[0,33],[-46,50],[-53,14],[1,112]],[[718,4297],[77,2],[34,31],[-6,37],[74,52]],[[897,4419],[43,-99],[-22,-87],[14,-109],[-39,-54],[-17,-52],[59,-77],[51,-25],[34,-64],[55,-32],[56,-93],[11,-88]],[[1838,3139],[-7,-25]],[[1831,3114],[25,-54],[6,-56],[30,-40],[4,-39],[46,-55],[121,56],[76,113],[92,71],[78,10],[20,-22],[-34,-44],[-36,-168],[62,-94]],[[2321,2792],[-77,-34],[-75,-12],[-51,5],[-65,-29],[-145,-17],[-24,-27],[4,-116],[-47,-20],[-97,20],[-27,26],[-70,7],[-81,-59]],[[1566,2536],[-62,51]],[[1371,3150],[98,11],[14,-33],[47,15]],[[1530,3143],[29,6],[107,-20],[60,45],[37,-76],[32,-6],[43,47]],[[1142,3639],[85,6]],[[1227,3645],[48,-75],[-6,-36],[58,-75],[-7,-61],[23,-77],[122,-41],[46,-38],[19,-99]],[[918,3012],[-40,60],[2,55],[-62,55],[14,19],[-29,51],[-47,49],[-60,40],[-57,72],[10,14],[-50,67],[-10,63],[-27,34]],[[2332,2406],[-93,8],[-79,46],[-115,-35],[-139,-30],[-177,-7],[-2,-57],[-71,-5]],[[1656,2326],[-28,41],[-1,46],[-61,123]],[[2321,2792],[34,-64],[27,-85],[-4,-55],[25,-69],[3,-53],[-74,-60]],[[1227,3645],[-12,33],[16,89],[133,13],[61,86],[-31,60],[-93,31],[-64,96],[3,86],[22,23]],[[1262,4162],[94,-49],[65,-46],[71,-3],[46,-24],[44,-79],[50,-10],[59,37],[34,-5],[68,-57],[82,4],[61,-13],[55,-36],[14,-31],[-20,-142],[-54,-41],[-30,35],[-47,21],[-46,-26],[-23,-57],[4,-102],[13,-56],[83,-165],[13,-51],[-39,-51],[-21,-76]],[[2511,3473],[49,-62],[43,-21],[-22,-53],[38,-20],[48,-115],[53,-30],[7,-43],[60,-39],[70,-90],[-1,-43],[-83,-88],[137,-1],[161,-39],[26,-74],[36,-40],[-12,-38],[275,0],[66,21],[62,40],[48,50],[66,43],[48,-58],[-30,-34],[-3,-45]],[[2698,2253],[-28,49],[7,56],[-47,66],[-47,8],[-39,-55],[-180,-35],[-32,64]],[[1831,3114],[35,15],[78,67],[53,-24],[-7,56],[55,60],[56,-4],[91,37],[77,13],[48,36],[-4,89],[-15,62],[30,17],[98,-29],[85,-36]],[[897,4419],[25,48],[-16,35],[92,178],[22,123],[52,9],[88,99],[44,28]],[[1204,4939],[18,-103],[30,-62],[14,-96],[22,-34],[-2,-168],[-66,-114],[-3,-43],[21,-106],[24,-51]],[[1204,4939],[385,126],[202,143],[182,201],[50,186],[63,-14],[-24,71],[9,72],[-46,26],[-27,63],[95,70],[81,-52],[50,7],[47,-59],[72,-46],[63,-109],[0,-35],[127,-54],[21,-31],[75,-15],[48,-71],[-12,-63],[66,-39],[52,-2],[26,-88],[-29,-37],[86,-74],[102,27],[91,-37],[140,39],[78,61],[96,-37],[24,-37],[57,9],[78,46],[98,-42],[89,-55],[30,4],[41,-44],[63,-29],[-233,-343],[61,-24],[83,9],[42,-64],[44,-25],[34,-51],[-92,-12],[-28,42],[-40,12],[-137,-15],[-47,-66],[-179,-18],[-11,-14],[-124,-9],[-180,-116],[-81,-60],[-91,-23],[8,-44],[-26,-63],[-10,-78],[-47,-55],[-33,-63],[37,-102],[-15,-40],[-68,-21],[-107,-73],[-28,-30],[-16,-64],[25,-75],[-82,-12],[-1,-50]],[[2257,1044],[9,63],[-68,109],[-51,17],[-28,33],[22,82]],[[2141,1348],[113,39],[1,55],[-21,82],[-46,48],[10,30],[53,-4],[57,56],[46,1],[10,47],[39,90],[-16,53],[-32,44],[-39,21],[17,45],[40,34]],[[2373,1989],[72,-53],[73,11]],[[1549,1873],[3,41],[-77,50],[-33,46]],[[1433,2037],[-19,102]],[[1414,2139],[39,40],[40,-58],[12,-71],[56,32],[5,-54],[36,-69],[-17,-48],[-36,-38]],[[2141,1348],[-97,58],[-58,20],[-9,101],[22,39],[-109,24],[33,56],[24,75]],[[1947,1721],[14,41],[43,54]],[[2004,1816],[29,43],[98,96],[9,87],[34,-20],[64,1],[30,19],[65,-20],[40,-33]],[[2138,932],[-29,14],[-27,61],[-42,19],[-64,84],[-130,75],[-17,61],[-35,27],[-23,49],[-45,27],[2,62],[33,131],[-24,70]],[[1737,1612],[104,104],[28,-11],[78,16]],[[2004,1816],[-36,25],[12,62],[-51,108],[-69,29],[-42,-8],[-67,89],[-4,46],[-54,29],[-33,62],[-4,68]],[[1737,1612],[-80,91],[-11,54],[-57,80],[-40,36]],[[1414,2139],[-43,60],[-111,65],[18,41],[-39,100],[-62,80]]],"objects":{"PER.geo":{"type":"GeometryCollection","geometries":[{"arcs":[[0,1]],"type":"Polygon","properties":{"name":"Callao","postal":"LR"},"id":"PER"},{"arcs":[[2,3,4,5]],"type":"Polygon","properties":{"name":"Lambayeque","postal":"LB"},"id":"PER"},{"arcs":[[6,-6,7,8,9]],"type":"Polygon","properties":{"name":"Piura","postal":"PI"},"id":"PER"},{"arcs":[[-9,10]],"type":"Polygon","properties":{"name":"Tumbes","postal":"TU"},"id":"PER"},{"arcs":[[11,12,13]],"type":"Polygon","properties":{"name":"Apurímac","postal":"AP"},"id":"PER"},{"arcs":[[14,15,16,17,18,19,-13]],"type":"Polygon","properties":{"name":"Arequipa","postal":"AR"},"id":"PER"},{"arcs":[[20,21,-15,-12,22,23,24]],"type":"Polygon","properties":{"name":"Cusco","postal":"CS"},"id":"PER"},{"arcs":[[25,-21,26,27]],"type":"Polygon","properties":{"name":"Madre de Dios","postal":"MD"},