{"type":"Topology","transform":{"scale":[0.002470315171584382,0.00203317182477922],"translate":[140.84921105994238,-11.63632577861182]},"arcs":[[[1375,3135],[-13,-35],[-64,-41],[22,-74],[-11,-73],[-43,-34],[-83,-40],[14,-34]],[[1197,2804],[-43,7],[-72,-21],[-32,15],[-79,77],[-143,67],[-43,67],[-10,239]],[[775,3255],[56,-21],[66,-5],[47,13],[319,31]],[[1263,3273],[10,-26],[67,-51],[35,-61]],[[1511,3758],[-7,-238],[-48,-93],[-161,-147],[-32,-7]],[[775,3255],[-22,16],[-156,9]],[[597,3280],[-10,143],[-42,29],[-284,3],[-51,12],[-12,44],[-1,82],[12,36],[142,116],[54,-31],[246,5],[22,6],[52,116],[-14,55],[-1,78],[19,52],[43,20],[98,-51],[32,12],[3,67]],[[905,4074],[159,-33],[54,-59],[84,-40],[72,-85],[209,-11],[28,-88]],[[2580,3055],[-39,-9],[-49,61],[9,41],[43,22],[29,-29],[7,-86]],[[2071,3385],[-37,33],[13,48],[37,27],[20,-25],[-3,-63],[-30,-20]],[[2406,2863],[-127,-90],[-248,1]],[[2031,2774],[-123,38],[-51,-15],[-23,40],[-87,-3]],[[1747,2834],[-52,42]],[[1695,2876],[-87,125],[-39,25],[-89,90],[-59,27],[-46,-8]],[[1511,3758],[60,-15],[56,-36],[4,-36],[48,-33],[22,-50],[53,-24],[66,0],[140,-186],[49,-45],[-11,-42],[11,-60],[-11,-85],[-23,-90],[13,-27],[80,1],[87,-36],[117,-25],[79,-73],[55,-33]],[[597,3280],[13,-96],[-25,-93],[-35,-27]],[[550,3064],[-499,206]],[[51,3270],[-1,584],[1,590],[27,6],[95,-26],[25,-30],[188,-97],[33,-32],[47,4],[73,-61],[130,-57],[214,-78],[22,1]],[[1747,2834],[-6,-93],[35,-40],[4,-90],[-33,-40],[-47,-3],[-22,-49],[84,-78],[57,-28],[-16,-72]],[[1803,2341],[-152,68],[-86,0]],[[1565,2409],[-48,32],[-21,41],[-36,9],[3,53],[31,48]],[[1494,2592],[21,-17],[43,73],[17,59],[-8,64],[35,30],[-5,69],[98,6]],[[2031,2774],[28,-46],[72,-53],[6,-25],[-36,-210],[-19,-31],[9,-72],[-31,-43],[-37,-130]],[[2023,2164],[-220,177]],[[2023,2164],[111,-153],[117,-39],[87,-71]],[[2338,1901],[-87,-82],[-7,-26],[-1,-292]],[[2243,1501],[-46,74],[-13,70],[-58,62],[1,32],[-43,25],[-47,4],[-108,54],[-60,-7],[-114,69],[-76,-5],[-45,17],[-8,37],[-67,44],[-29,-20],[-80,22],[-72,-58],[-16,-32],[-117,50],[-34,-13],[6,-43],[35,-90]],[[1252,1793],[-380,468],[-2,100]],[[870,2361],[278,0],[417,48]],[[5652,3026],[35,-30],[69,-4],[50,-105],[5,-43],[31,-15],[50,-60],[19,-64],[103,-67],[44,-45],[41,-75],[21,-104],[-61,-26],[-40,-45],[-79,17],[-65,45],[-71,94],[21,74],[-10,43],[-95,61],[-8,31],[-82,90],[-21,82],[15,93],[28,53]],[[5604,3211],[13,-66],[-15,-91],[-22,-16],[-24,83],[-4,110],[24,27],[28,-47]],[[1197,2804],[50,-39],[34,-1],[213,-172]],[[870,2361],[-75,0],[-54,13],[-10,48],[-2,354],[-45,67],[-137,160],[3,61]],[[1130,1431],[-93,65],[26,34],[69,-67],[-2,-32]],[[1018,1608],[85,-3],[-18,-55],[-61,29],[-6,29]],[[1252,1793],[-71,-24],[-47,29],[-41,-25],[32,-76],[-15,-28],[-103,-2],[-144,-44],[-33,-38],[94,-36],[52,-52],[57,-93],[2,-89],[-13,-18],[-130,-46],[-46,-43],[-116,-74],[-30,3],[-46,41],[-98,39],[-143,-29],[-35,11],[-65,-18],[-46,10],[-35,32],[-45,-1],[-32,-30],[-47,-3],[-56,56],[-1,543],[1,543],[-25,17],[-27,79],[23,55],[28,125],[0,351],[0,312]],[[2487,1788],[125,-140],[66,-43],[37,-38],[25,-55],[-44,-94],[1,-55],[74,-101],[14,-38],[34,-9],[88,-126],[5,-73],[34,-18],[76,-74],[30,1],[62,-50],[65,-38],[48,-12],[56,11],[-1,74]],[[3282,910],[72,1],[53,-27],[25,-42],[132,-82],[10,-121]],[[3574,639],[-88,-7],[-124,53],[-72,-16],[-97,22],[-81,29],[-55,-14],[-69,47],[-86,-9],[-104,31],[-57,35],[-42,55],[-10,54],[-83,121]],[[2606,1040],[-11,55],[-35,14],[-30,-49]],[[2530,1060],[-19,11],[-64,137],[9,28],[-56,33],[-61,16],[-28,41],[7,58],[-56,104],[-19,13]],[[2338,1901],[34,-27],[13,-65],[102,-21]],[[4016,2708],[-61,97],[-7,64],[150,49],[3,41],[41,-1],[52,52],[-17,46],[33,92],[44,82],[41,26],[87,3],[-11,30]],[[4371,3289],[20,64],[-31,170],[-22,31],[-24,89],[14,26],[112,-19],[26,-44],[34,-13],[69,62],[17,-45],[96,-31],[-20,-55],[18,-104],[-9,-53],[-39,-71],[-63,-31],[-58,13],[-2,-95],[55,-62],[11,-39],[-21,-42],[-52,-39],[-75,-25],[-18,25],[-106,3],[22,-67],[-47,-28],[-25,-55],[-60,-53],[-133,-55],[-44,-38]],[[2446,4763],[89,-5],[90,-35],[-48,-73],[-34,10],[-71,-16],[-125,12],[-38,-25],[-13,40],[39,16],[9,64],[102,12]],[[5023,139],[118,-65],[59,-17],[34,-43],[-87,-14],[-19,25],[-58,13],[-38,48],[-9,53]],[[5415,158],[27,-32],[-80,-24],[6,55],[47,1]],[[4128,837],[33,-53],[20,43],[50,-7],[-30,-105],[-109,38],[-30,99],[14,36],[52,-51]],[[3282,910],[15,46],[44,-6],[145,54]],[[3486,1004],[65,-13],[44,12],[114,-22],[18,-36],[-132,-47],[-2,-18],[87,-106],[104,-16],[42,-41],[64,-9],[52,-24],[5,-49],[-81,22],[-21,-32],[121,-55],[11,-49],[-76,-22],[-23,-26],[-45,6],[-43,-19],[-58,30],[-31,62],[24,20],[-122,66],[-29,1]],[[3970,1085],[41,15],[53,-60],[17,-64],[-111,-4],[-44,18],[-50,115],[33,26],[61,-46]],[[3852,1118],[-11,-77],[-67,41],[-26,37],[6,44],[37,33],[48,-38],[13,-40]],[[4705,1322],[18,-24],[118,-6],[58,-42],[-23,-76],[-33,-3],[-87,92],[-37,15],[-14,44]],[[4161,1580],[4,-82],[-15,-87],[-22,17],[31,74],[-50,32],[18,37],[34,9]],[[2885,1787],[-398,1]],[[2406,2863],[57,-13],[44,-47],[74,-16],[48,19],[50,-19],[62,-67],[43,-82],[30,-18],[27,-82],[-5,-106],[-32,-13],[-235,-10],[-26,13],[-68,-17],[-3,-103],[42,-32],[4,-62],[29,-33],[8,-87],[28,-47],[50,-14],[94,-100],[8,-48],[32,2],[31,-63],[47,2],[40,-33]],[[2825,3024],[70,-41],[31,-43],[-16,-80],[-58,25],[-51,78],[24,61]],[[2606,1040],[-76,20]],[[4778,4142],[-44,41],[13,45],[30,-3],[1,-83]],[[4127,4390],[51,-37],[19,-41],[89,-19],[101,-78],[46,-55],[102,-34],[54,-90],[72,-56],[25,-55],[27,6],[34,-87],[82,-38],[37,-46],[35,-3],[44,-94],[29,-39],[0,-53],[-33,-38],[10,-50],[-40,-101],[-43,-14],[-58,68],[-24,97],[13,80],[-7,62],[-70,156],[-62,75],[0,21],[-77,80],[-76,15],[-70,48],[-80,96],[-56,24],[-18,31],[-138,109],[-119,51],[58,39],[43,-30]],[[3797,4551],[88,-50],[2,-85],[-107,-10],[-78,104],[30,25],[65,16]],[[3537,5058],[56,-37],[27,-75],[-50,2],[-49,46],[16,64]],[[2885,1787],[56,-26],[37,-109],[13,-144],[57,-27],[42,-52],[6,-75],[25,-73],[25,-26],[56,-9],[58,30],[30,-5],[71,24],[67,-9],[-4,-47],[-50,-123],[17,-59],[44,-14],[51,-39]],[[4016,2708],[-50,-8],[-73,-62],[-78,-11],[-45,18],[-24,-22],[-46,15],[-146,-13],[-66,97],[-65,21],[-88,-45],[-30,61],[-98,75],[-61,33],[-20,-17],[-75,33],[-25,63],[7,55],[36,45],[51,-48],[39,29],[73,-26],[58,34],[90,-49],[10,-17],[68,6],[90,37],[42,-28],[92,38],[14,27],[-25,43],[39,50],[8,105],[32,13],[28,-46],[-49,-39],[-12,-56],[45,-118],[66,-13],[48,51],[68,-15],[17,-34],[35,11],[36,45],[47,-18],[39,44],[5,65],[19,46],[70,85],[54,38],[105,-17]]],"objects":{"PNG.geo":{"type":"GeometryCollection","geometries":[{"arcs":[[0,1,2,3]],"type":"Polygon","properties":{"name":"Enga","postal":"EG"},"id":"PNG"},{"arcs":[[4,-3,5,6,7]],"type":"Polygon","properties":{"name":"East Sepik","postal":"ES"},"id":"PNG"},{"arcs":[[[8]],[[9]],[[10,11,12,13,-4,-5,14]]],"type":"MultiPolygon","properties":{"name":"Madang","postal":"MD"},"id":"PNG"},{"arcs":[[-7,15,16,17]],"type":"Polygon","properties":{"name":"Sandaun","postal":"SA"},"id":"PNG"},{"arcs":[[-13,18,19,20,21]],"type":"Polygon","properties":{"name":"Chimbu","postal":"CH"},"id":"PNG"},{"arcs":[[22,23,-19,-12]],"type":"Polygon","properties":{"name":"Eastern Highlands","postal":"EH"},"id":"PNG"},{"arcs":[[-24,24,25,26,27,28,-20]],"type":"Polygon","properties":{"name":"Gulf","postal":"GU"},"id":"PNG"},{"arcs":[[[29]],[[30]]],"type":"MultiPolygon","properties":{"name":"North Solomons","postal":"NS"},"id":"PNG"},{"arcs":[[-2,31,-21,-29,32,-16,-6]],"type":"Polygon","properties":{"name":"Southern Highlands","postal":"SH"},"id":"PNG"},{"arcs":[[-22,-32,-1,-14]],"type":"Polygon","properties":{"name":"Western Highlands","postal":"WH"},"id":"PNG"},{"arcs":[[[33]],[[34]],[[-28,35,-17,-33]]],"type":"MultiPolygon","properties":{"name":"Western","postal":"WE"},"id":"PNG"},{"arcs":[[36,37,38,39,40,-26,41]],"type":"Polygon","properties":{"name":"Central","postal":"CE"},"id":"PNG"},{"arcs":[[42,43]],"type":"Polygon","properties":{"name":"East New Britain","postal":"EN"},"id":"PNG"},{"arcs":[[44]],"type":"Polygon","properties":{"name":"Manus","postal":"MN"},