{"type":"Topology","transform":{"scale":[0.003885905666933621,0.0023841401361048608],"translate":[14.123922973466449,49.04486375570185]},"arcs":[[[2236,2243],[-38,-49],[-57,-8],[-24,-33],[70,-106],[-20,-63],[-156,-116],[-107,-23]],[[1904,1845],[-109,-49],[-102,-21],[-119,-75],[-81,12],[-46,-14]],[[1447,1698],[-17,71],[-102,43],[-40,80]],[[1288,1892],[38,69],[55,21],[-72,127],[22,31],[-14,35],[36,15]],[[1353,2190],[-2,-3]],[[1351,2187],[-2,-13]],[[1349,2174],[3,4],[6,12],[2,2],[6,10],[13,9]],[[1379,2211],[60,31]],[[1439,2242],[2,2],[1,5],[3,3],[2,1],[0,2]],[[1447,2255],[3,6]],[[1450,2261],[301,-16],[456,-23],[29,21]],[[1351,2187],[-2,-13]],[[1379,2211],[60,31]],[[1447,2255],[3,6]],[[1288,1892],[-44,-8],[-51,37],[-46,-8],[-84,37],[-85,1],[-62,-65],[-45,9],[-29,-54]],[[842,1841],[-77,23],[-38,42]],[[727,1906],[14,69],[-49,183],[35,8],[5,74],[-47,80]],[[685,2320],[142,72],[141,32],[111,6],[29,-24],[41,-146],[76,-35],[89,-5],[39,-30]],[[578,1134],[62,-14],[17,-44],[68,-41],[104,34],[54,-25],[-16,-35],[39,-34],[18,-92]],[[924,883],[-41,-17],[-24,-69],[-69,-114],[-45,-53],[-19,-53]],[[726,577],[3,-87],[-66,-49],[-30,13],[-34,66],[-67,59],[49,37],[-13,55],[-124,13],[-21,29],[-84,23],[-42,28],[-13,46],[-70,37],[17,87],[-18,52]],[[213,986],[76,11],[40,40],[55,-15],[85,121],[61,-48],[48,39]],[[727,1906],[-47,-54],[-55,0],[-2,-40],[45,-25],[-11,-49],[-57,-27],[-45,-55],[-62,6]],[[493,1662],[-29,41],[-50,-49],[-97,-14],[-41,-47],[-68,0],[-37,-64],[-46,-39]],[[125,1490],[-125,106],[5,46],[51,37],[17,94],[-37,179],[72,2],[21,54],[-66,36],[106,49],[278,90],[92,11],[73,108],[73,18]],[[493,1662],[-5,-51],[-49,-81],[18,-170],[-11,-77],[66,-100],[41,1],[25,-50]],[[213,986],[-56,51],[-4,66],[-32,70],[43,99],[-19,18],[-38,127],[18,73]],[[842,1841],[-25,-39],[37,-57],[-29,-104],[54,-50],[-6,-77],[76,-25],[89,-60],[50,14],[100,-65],[77,-22]],[[1265,1356],[-50,-109],[-34,-3],[-14,-94],[-58,-12],[-19,-55],[2,-73],[-80,-63],[24,-70]],[[1036,877],[-60,-29],[-52,35]],[[1447,1698],[-62,-83],[-2,-80],[-52,-155]],[[1331,1380],[-66,-24]],[[1448,738],[53,-134]],[[1501,604],[-30,-38],[-87,-14],[-25,-78],[-75,-107],[48,-72],[35,-16],[3,-46]],[[1370,233],[-51,-35],[-20,-48],[-54,-6],[-49,121],[-35,10],[-40,82],[-119,62]],[[1002,419],[16,38],[73,32],[-2,88],[77,241]],[[1166,818],[66,18],[51,-29],[63,1],[39,-54],[63,-16]],[[1331,1380],[89,-49],[53,11],[56,-22],[39,-91],[102,-75],[12,-75],[-61,-13],[21,-85],[-19,-39]],[[1623,942],[-68,-59],[-28,4],[-79,-149]],[[1166,818],[-130,59]],[[2307,1362],[-49,-80],[-51,15],[-26,-31],[-157,-25],[-38,-19],[27,-74],[-32,-92],[8,-89],[-20,-87],[10,-37]],[[1979,843],[-82,-17],[-124,42],[-68,1],[-82,73]],[[1904,1845],[44,-146],[39,-18],[34,-80],[63,-2],[40,-26],[9,-81],[39,-83],[92,-13],[43,-34]],[[1979,843],[8,-94]],[[1987,749],[-1,-38],[-63,-90],[-77,-48]],[[1846,573],[-30,-31],[-105,-26],[-36,-42],[-53,13],[-37,81],[-84,36]],[[2330,1359],[-23,3]],[[2236,2243],[41,-7],[89,-59],[37,-42],[-1,-60],[34,-160],[50,-143],[28,-49],[8,-172],[-14,-31],[-123,-67],[-55,-94]],[[2330,1359],[118,-84],[10,-38],[-30,-100],[-5,-62],[41,-85],[-17,-28],[62,-85],[10,-54],[56,-58],[-41,-18],[35,-120],[-32,-57],[-61,-6],[-22,-26]],[[2454,538],[-51,39],[-40,-2],[-38,-39],[-77,-2],[-68,19],[4,86],[-100,38],[10,42],[-73,6],[-34,24]],[[2454,538],[-144,-155],[-118,-180],[21,-68],[-5,-83],[13,-52],[-94,20],[-97,50],[-50,69],[-78,17]],[[1902,156],[-14,89],[-55,78],[-8,178],[21,72]],[[1002,419],[-46,-29],[-31,91],[-29,28],[-70,5],[-41,46],[-59,17]],[[1902,156],[-62,13],[-57,-14],[-28,-50],[-65,44],[-93,-3],[-51,-37],[-16,-51],[-83,9],[6,79],[-37,4],[-46,83]]],"objects":{"POL.geo":{"type":"GeometryCollection","geometries":[{"arcs":[[0,1,2,3,4,5,6,7,8,9,10]],"type":"Polygon","properties":{"name":"Warmian-Masurian","postal":"WN"},"id":"POL"},{"arcs":[[-4,14,15,16,17]],"type":"Polygon","properties":{"name":"Pomeranian","postal":"PM"},"id":"POL"},{"arcs":[[18,19,20,21]],"type":"Polygon","properties":{"name":"Lower Silesian","postal":"DS"},"id":"POL"},{"arcs":[[22,23,24,-17]],"type":"Polygon","properties":{"name":"West Pomeranian","postal":"ZP"},"id":"POL"},{"arcs":[[25,-22,26,-24]],"type":"Polygon","properties":{"name":"Lubusz","postal":"LB"},"id":"POL"},{"arcs":[[-16,27,28,29,-19,-26,-23]],"type":"Polygon","properties":{"name":"Greater Poland","postal":"WP"},"id":"POL"},{"arcs":[[-3,30,31,-28,-15]],"type":"Polygon","properties":{"name":"Kuyavian-Pomeranian","postal":"KP"},"id":"POL"},{"arcs":[[32,33,34,35,36]],"type":"Polygon","properties":{"name":"Silesian","postal":"SL"},"id":"POL"},{"arcs":[[37,38,-37,39,-29,-32]],"type":"Polygon","properties":{"name":"Lódz","postal":"LD"},"id":"POL"},{"arcs":[[40,41,-38,-31,-2,42]],"type":"Polygon","properties":{"name":"Masovian","postal":"MZ"},"id":"POL"},{"arcs":[[43,44,45,-33,-39,-42]],"type":"Polygon","properties":{"name":"Swietokrzyskie","postal":"SK"},"id":"POL"},{"arcs":[[46,-43,-1,47]],"type":"Polygon","properties":{"name":"Podlachian","postal":"PD"},"id":"POL"},{"arcs":[[48,49,-44,-41,-47]],"type":"Polygon","properties":{"name":"Lublin","postal":"LU"},"id":"POL"},{"arcs":[[50,51,-45,-50]],"type":"Polygon","properties":{"name":"Subcarpathian","postal":"PK"},"id":"POL"},{"arcs":[[-40,-36,52,-20,-30]],"type":"Polygon","properties":{"name":"Opole","postal":"OP"},"id":"POL"},{"arcs":[[-52,53,-34,-46]],"type":"Polygon","properties":{"name":"Lesser Poland","postal":"MA"},"id":"POL"}]}}}