{"type":"Topology","transform":{"scale":[0.0018529898008996042,0.0014519509689386854],"translate":[124.22753922635312,37.731090627618215]},"arcs":[[[1486,922],[21,-64],[-11,-29],[-68,-38],[-4,-70],[-36,-64],[-66,-46],[19,-42],[1,-63],[44,-80],[39,-35],[3,-50]],[[1428,341],[-56,-18],[-86,6],[16,-52],[-57,-8],[-35,-64],[-43,-4]],[[1167,201],[-1,123],[-62,27],[-163,-49],[-75,101],[-40,-5],[-29,37],[-2,72],[-29,111]],[[766,618],[-9,21]],[[757,639],[-30,84]],[[727,723],[87,42],[98,-33],[14,-33],[84,-25],[65,51],[-4,36],[-47,47],[33,59],[108,-41]],[[1165,826],[53,-13],[1,51],[94,0],[-52,89],[89,21],[95,-55],[41,3]],[[1167,201],[6,-92]],[[1173,109],[-183,-60],[-90,43],[-52,88],[-109,27],[24,-40],[42,-15],[-59,-100],[-57,-19],[-16,-33],[-68,5],[-26,108],[-114,-12],[-59,33],[52,38],[26,79],[-60,-23],[-58,43],[-60,-19],[-63,13],[78,48],[27,50],[6,67],[55,66],[39,81],[43,38],[66,31],[109,26],[100,-54]],[[727,723],[-28,45],[30,22],[4,73]],[[733,863],[-2,59],[45,35],[-25,76],[56,36],[35,-37],[162,-28],[77,-22],[8,-42],[53,-35],[23,-79]],[[757,639],[-56,43],[-88,9],[-38,-22],[-20,45]],[[555,714],[20,59],[35,41],[-8,64],[82,0],[49,-15]],[[2662,1952],[-53,19],[-74,153],[-4,75],[20,63],[-17,50]],[[2534,2312],[-9,76],[14,49],[-44,59],[-6,67],[41,44],[-10,40],[-65,40],[3,120],[-29,8],[-13,69],[35,2],[61,75]],[[2512,2961],[44,40],[84,42],[50,49],[17,109],[65,46],[38,-3],[64,-44],[21,49],[74,19],[7,105],[24,39],[-16,34],[66,180],[55,-20],[76,10],[10,-51],[53,-3],[2,-110],[102,-125],[46,26],[32,-106],[43,-43],[4,-43],[-98,13],[-151,-114],[-1,-50],[-58,-8],[-69,-131],[-37,3],[-29,-100],[-36,0],[-46,-75],[-16,-128],[75,-66],[-22,-52],[-25,-117],[22,-147],[-20,-52],[-78,4],[-35,-33],[-84,-32],[-26,-50],[-38,23],[-39,-97]],[[1732,1153],[-35,-113],[43,-52],[84,-9],[87,-30],[36,-62],[97,-111],[41,-10],[64,-80],[39,19],[42,-52],[-65,-40],[-9,-98],[-43,-54],[-60,-30],[-121,-5],[-23,20],[-156,-20],[-51,15],[-126,-8],[-113,-68],[-23,-39]],[[1440,326],[-12,15]],[[1486,922],[24,93]],[[1510,1015],[61,140],[161,-2]],[[1440,326],[-91,-128],[-58,-32],[1,-127],[-25,-7],[-75,49],[-19,28]],[[1496,2769],[-20,-40],[-2,-83],[-40,-40],[24,-46],[20,-104],[43,-96],[86,-38],[66,50],[27,-8],[8,-63]],[[1708,2301],[-38,-72],[-10,-67],[40,-47],[-85,-58],[-29,-72],[-49,-13],[-52,-44],[3,-44],[-33,-45],[-6,-46]],[[1449,1793],[-57,-88],[-127,-81],[-18,-39],[-54,-26],[-42,16]],[[1151,1575],[-116,38],[-91,99],[-92,5],[-80,53],[-44,85],[19,62],[-106,95]],[[641,2012],[78,87],[109,74],[133,9],[75,133],[61,35],[98,141],[43,21],[-11,38],[63,160],[92,21],[53,61],[61,-23]],[[2662,1952],[-45,-64],[-55,-8],[-62,-61],[-111,-36],[5,-82],[-41,-10],[-154,-105],[-74,-11],[-85,19],[-63,-58],[-9,-47],[-135,-43],[-56,-58],[-6,-59],[35,-45],[-49,-109],[-25,-22]],[[1510,1015],[-48,5],[-127,98],[17,83],[-32,37],[20,44],[6,100],[33,71],[48,17],[74,-27],[56,41],[-30,88],[65,93],[-33,27],[-6,67],[-55,36],[-49,-2]],[[1708,2301],[44,-7],[45,63],[56,-17],[-4,-82],[-30,-10],[2,-66],[-34,-25],[23,-72],[46,-59],[11,-46],[45,-18],[-26,-82],[10,-41],[94,61],[31,53],[58,14],[52,-24],[69,76],[27,74],[16,95],[-14,58],[65,11],[76,64],[6,49],[58,-1],[100,-57]],[[1151,1575],[5,-82],[-60,-32],[-85,-22],[-40,25],[-115,-117],[-68,-37],[-128,-42]],[[660,1268],[-89,-35],[-33,48],[-95,9],[-108,81],[-51,8],[0,-42],[-43,-35],[-48,70],[-16,65],[-65,9],[-61,57],[26,18],[12,75],[-12,34],[147,135],[38,11],[98,120],[71,-18],[-1,53],[125,55],[86,26]],[[555,714],[-37,-20],[-27,45],[33,125],[50,82],[-2,33],[78,102],[-46,110],[56,77]],[[1496,2769],[37,-40],[60,-122],[68,-15],[91,3],[84,-46],[108,1],[62,26],[64,-57],[66,11],[63,123],[-28,53],[-49,36],[-65,115],[-2,79],[122,27],[130,-26],[118,36],[87,-12]]],"objects":{"PRK.geo":{"type":"GeometryCollection","geometries":[{"arcs":[[0,1,2,3,4,5,6]],"type":"Polygon","properties":{"name":"Hwanghae-bukto","postal":"WB"},"id":"PRK"},{"arcs":[[-3,7,8]],"type":"Polygon","properties":{"name":"Hwanghae-namdo","postal":"WN"},"id":"PRK"},{"arcs":[[-6,9,10]],"type":"Polygon","properties":{"name":"P'yongyang","postal":"PY"},"id":"PRK"},{"arcs":[[-10,-5,11,12]],"type":"Polygon","properties":{"name":"Namp'o-si","postal":"PY"},"id":"PRK"},{"arcs":[[13,14,15]],"type":"Polygon","properties":{"name":"Hamgyong-bukto","postal":"HG"},"id":"PRK"},{"arcs":[[16,17,-1,18,19]],"type":"Polygon","properties":{"name":"Kangwon-do","postal":"KW"},"id":"PRK"},{"arcs":[[20,-8,-2,-18]],"type":"Polygon","properties":{"name":"Kaesong","postal":"KS"},"id":"PRK"},{"arcs":[[21,22,23,24,25]],"type":"Polygon","properties":{"name":"Chagang-do","postal":"CH"},"id":"PRK"},{"arcs":[[-14,26,-20,27,-23,28]],"type":"Polygon","properties":{"name":"Hamgyong-namdo","postal":"HN"},"id":"PRK"},{"arcs":[[-25,29,30]],"type":"Polygon","properties":{"name":"P'yongan-bukto","postal":"PB"},"id":"PRK"},{"arcs":[[-19,-7,-11,-13,31,-30,-24,-28]],"type":"Polygon","properties":{"name":"P'yongan-namdo","postal":"PN"},"id":"PRK"},{"arcs":[[-15,-29,-22,32]],"type":"Polygon","properties":{"name":"Ryanggang","postal":"YG"},"id":"PRK"}]}}}