{"type":"Topology","transform":{"scale":[0.002054896273981301,0.001612439107228556],"translate":[-9.491726366980643,36.98092500459114]},"arcs":[[[555,2103],[-52,-54],[-13,57],[-42,54],[-51,-18],[-54,55]],[[343,2197],[65,291],[-1,15]],[[407,2503],[117,3],[61,38]],[[585,2544],[68,-62],[20,-76],[-63,-22],[-42,-60],[11,-83],[24,-50],[-38,-19],[-10,-69]],[[664,1824],[-74,-79]],[[590,1745],[-80,-33],[-13,60],[-95,-40],[-3,-129],[-39,-53],[-76,-13],[-46,-68],[4,-31]],[[242,1438],[-36,7],[-57,-49],[-31,53],[-48,-16]],[[70,1433],[-3,48],[55,32],[73,98],[9,63],[83,228]],[[287,1902],[43,-17],[67,5],[63,-35],[65,23],[32,-40],[55,74],[29,14],[33,-75],[-10,-27]],[[638,2997],[-65,-30],[-96,-24],[-19,-61],[-42,14],[-89,-20]],[[327,2876],[-29,73],[6,76],[95,87],[14,27],[144,37],[61,32],[8,-52],[48,-37],[-61,-77],[25,-45]],[[1156,746],[82,8],[-37,-108],[-118,-25],[-33,-106],[-54,-50],[-34,-125]],[[962,340],[-94,-18],[-133,-61],[-43,-47],[-49,7],[-66,60],[-78,-37],[-46,18],[-37,-12],[-83,40]],[[333,290],[-9,94],[13,60],[-1,81]],[[336,525],[55,-40],[47,1],[34,55],[94,-4],[17,83],[-52,59],[26,42],[103,50],[-13,58]],[[647,829],[59,4],[174,-71],[81,-9],[57,65],[50,20],[88,-92]],[[1102,1107],[-32,-53],[12,-39],[-45,-106],[95,-108],[24,-55]],[[647,829],[-71,36],[10,31],[-39,68],[-72,-10],[-60,19],[-6,35],[58,51],[-7,49]],[[460,1108],[60,37],[67,19],[43,89]],[[630,1253],[46,13],[59,-49],[34,12],[35,-39],[103,15],[42,26],[40,-6],[44,-96],[39,21],[30,-43]],[[962,340],[34,-88],[0,-129],[-33,-5],[-149,-107],[-79,2],[-97,53],[-125,-3],[-92,24],[-29,-24],[-94,-22],[-51,10],[50,105],[0,48],[36,86]],[[336,525],[-2,46],[-30,45],[45,132],[-10,107],[-78,90],[-45,-40],[-87,-13],[21,82],[-34,70],[98,18],[53,55],[-34,82],[51,76],[58,21]],[[342,1296],[-81,-143],[21,-60],[80,6],[21,51],[77,-42]],[[242,1438],[62,-37],[-17,-38],[54,-60]],[[341,1303],[-64,-20],[-89,-146],[-4,-62],[-101,-28],[-83,24],[0,69],[33,70],[-6,61],[41,104],[2,58]],[[942,1672],[20,-51],[63,-69],[35,-16],[-9,-59],[39,-57],[4,-46],[36,-16],[21,-45],[43,7],[31,-59],[-45,-68],[5,-30],[-83,-56]],[[630,1253],[-66,61],[13,33],[108,82],[66,80],[-30,34],[36,53],[64,2]],[[821,1598],[53,59],[68,15]],[[590,1745],[25,-24],[-1,-60],[82,-22],[7,70],[40,1],[10,-47],[68,-65]],[[342,1296],[-1,7]],[[737,2722],[-29,-28],[-65,47],[-74,-21],[-79,4],[-141,58]],[[349,2782],[-22,94]],[[638,2997],[64,2]],[[702,2999],[-22,-65],[50,-17],[-4,-45],[91,-18],[-58,-66],[-22,-66]],[[1248,2522],[-73,24],[-24,48],[-84,-3]],[[1067,2591],[-65,36]],[[1002,2627],[44,83],[-10,57],[60,51],[-8,33],[40,101],[-17,92]],[[1111,3044],[24,60],[53,-28],[28,16],[163,-21],[65,-40],[-26,-79],[11,-41],[92,-7],[78,-58],[-56,-93],[-119,-92],[-40,-3],[-83,-132],[-53,-4]],[[1240,2030],[-49,-45],[80,-107],[-21,-85],[-38,-43],[-17,-70],[-149,-11],[-104,3]],[[664,1824],[107,54],[7,24],[76,32],[-31,45],[9,37]],[[832,2016],[179,97],[69,14],[-23,-70],[35,-19],[114,13],[34,-21]],[[555,2103],[59,-32],[55,11],[143,99]],[[812,2181],[25,-106],[-5,-59]],[[287,1902],[17,48],[-20,34],[59,213]],[[1248,2522],[45,-128],[9,-102],[-15,-69],[15,-39],[-20,-37],[30,-54],[-49,-62],[-23,-1]],[[812,2181],[119,46],[19,70],[-38,64],[18,43],[57,-23],[64,84],[-21,33],[37,93]],[[737,2722],[49,-77],[-10,-54]],[[776,2591],[-80,-33],[-111,-14]],[[407,2503],[-5,72],[-35,73],[-23,88],[5,46]],[[776,2591],[169,15],[57,21]],[[702,2999],[27,29],[47,-4],[86,26],[167,-34],[82,28]]],"objects":{"PRT.geo":{"type":"GeometryCollection","geometries":[{"arcs":[[0,1,2,3]],"type":"Polygon","properties":{"name":"Aveiro","postal":"AV"},"id":"PRT"},{"arcs":[[4,5,6,7,8]],"type":"Polygon","properties":{"name":"Leiria","postal":"LE"},"id":"PRT"},{"arcs":[[9,10]],"type":"Polygon","properties":{"name":"Viana do Castelo","postal":"VC"},"id":"PRT"},{"arcs":[[11,12,13,14,15]],"type":"Polygon","properties":{"name":"Beja","postal":"BE"},"id":"PRT"},{"arcs":[[16,-16,17,18,19]],"type":"Polygon","properties":{"name":"Évora","postal":"EV"},"id":"PRT"},{"arcs":[[-13,20]],"type":"Polygon","properties":{"name":"Faro","postal":"FA"},"id":"PRT"},{"arcs":[[[-18,-15,21,22]],[[23,24,-7]]],"type":"MultiPolygon","properties":{"name":"Lisboa","postal":"LI"},"id":"PRT"},{"arcs":[[25,-20,26,27]],"type":"Polygon","properties":{"name":"Portalegre","postal":"PA"},"id":"PRT"},{"arcs":[[28,-27,-19,-23,29,-24,-6]],"type":"Polygon","properties":{"name":"Santarém","postal":"SA"},"id":"PRT"},{"arcs":[[30,31,-10,32,33]],"type":"Polygon","properties":{"name":"Braga","postal":"BR"},"id":"PRT"},{"arcs":[[34,35,36,37]],"type":"Polygon","properties":{"name":"Bragança","postal":"BA"},"id":"PRT"},{"arcs":[[38,-28,-29,-5,39,40]],"type":"Polygon","properties":{"name":"Castelo Branco","postal":"CB"},"id":"PRT"},{"arcs":[[41,42,-40,-9,43,-1]],"type":"Polygon","properties":{"name":"Coimbra","postal":"CO"},"id":"PRT"},{"arcs":[[44,-41,-43,45,-35]],"type":"Polygon","properties":{"name":"Guarda","postal":"GU"},"id":"PRT"},{"arcs":[[46,47,-3,48,-31]],"type":"Polygon","properties":{"name":"Porto","postal":"PO"},"id":"PRT"},{"arcs":[[-46,-42,-4,-48,49,-36]],"type":"Polygon","properties":{"name":"Viseu","postal":"VI"},"id":"PRT"},{"arcs":[[-37,-50,-47,-34,50]],"type":"Polygon","properties":{"name":"Vila Real","postal":"VR"},"id":"PRT"}]}}}