{"type":"Topology","transform":{"scale":[0.0027224579750637474,0.0024146442113198124],"translate":[-62.650357218510806,-27.58103148231608]},"arcs":[[[1718,2278],[-2,-54],[30,-28],[18,-60]],[[1764,2136],[-127,59],[-26,34],[-172,13],[-154,2],[-70,33]],[[1215,2277],[-29,15],[-132,5],[-55,-4],[-10,57],[39,181],[57,60],[-15,106],[-34,62],[-16,55],[7,37],[-36,19],[-686,215],[-39,28]],[[266,3113],[61,168],[340,79],[304,70],[337,5],[336,-221],[11,-62],[-4,-121],[27,-47],[34,-24],[-5,-48],[11,-47],[42,-28],[-18,-62],[30,-49],[-11,-137],[-27,-51],[-3,-71],[15,-27],[-22,-67],[10,-27],[-16,-68]],[[1215,2277],[14,-47],[-58,-14],[-49,-27],[-8,-48],[-45,-16],[0,-33],[-71,-110],[-10,-49],[-5,-121],[-22,-54],[-11,-68],[-61,-29],[-119,-6],[-77,-33],[-9,-87]],[[684,1535],[-80,28],[-41,58],[3,25],[-69,52],[-75,30],[-38,49],[-51,23],[-5,24],[-73,59],[-29,62],[-50,69],[-43,97],[-29,8],[-73,59],[-31,36],[138,484],[-1,201],[129,214]],[[2133,2192],[81,-24],[-27,-48],[-9,-75],[36,-92],[32,-4],[14,33],[83,37],[53,-144],[-23,-64],[-41,-54]],[[2332,1757],[-38,-30],[-74,-17],[-85,13],[-188,-35],[-35,13]],[[1912,1701],[-21,48],[7,35],[-52,45],[-3,22],[-57,37],[-12,87],[-44,40],[59,34],[-19,31],[-6,56]],[[1718,2278],[47,-26],[70,16],[15,-30],[84,-15],[63,11],[136,-42]],[[2261,1060],[-25,-136],[-90,-65],[23,-61]],[[2169,798],[-37,-3],[-21,50],[-77,13],[-18,35]],[[2016,893],[-31,14],[-49,88],[-28,27]],[[1908,1022],[89,52]],[[1997,1074],[57,-21],[27,31],[109,19],[71,-43]],[[1912,1701],[-2,-42],[64,-65],[-24,-74],[66,-85],[-21,-34],[18,-41],[15,-84],[-6,-34],[20,-39],[-34,-39],[-11,-90]],[[1908,1022],[-80,-73]],[[1828,949],[-29,45],[-50,42],[-30,0],[-93,57],[-32,-21],[-60,58],[-123,31],[-70,55],[-125,65],[-44,54],[-56,28],[-23,27],[-132,90],[-108,-5],[-92,31],[-16,20],[-61,9]],[[2421,1546],[25,-72],[-58,-51],[-3,-48],[44,-63],[45,-92],[60,-61]],[[2534,1159],[-73,-25],[-38,-52],[-59,50],[-12,24],[-91,-96]],[[2332,1757],[77,8],[16,-36],[-35,-45],[11,-33],[65,27],[-16,-99],[-29,-33]],[[2016,893],[-28,-23],[-69,-107],[8,-50],[-36,-63]],[[1891,650],[-21,41],[-53,43],[-43,-17]],[[1774,717],[25,73],[50,26],[22,62],[-43,71]],[[2581,800],[-17,-33],[-133,-68],[-13,-41],[-39,-21],[-29,21],[-85,-40],[-38,-36]],[[2227,582],[-30,76],[26,17],[-21,47],[3,53]],[[2205,775],[50,34],[56,21],[154,-13],[41,-28],[75,11]],[[2155,431],[78,-76]],[[2233,355],[14,-150],[-45,-43],[-12,-43],[19,-66]],[[2209,53],[-50,-22],[-48,36],[-64,-27],[-38,-1],[-47,24]],[[1962,63],[39,122],[-11,25],[-67,11],[-45,51],[-36,59],[-26,153]],[[1816,484],[58,-57],[76,-30],[59,21],[37,62],[28,6],[81,-55]],[[1891,650],[8,-67],[-83,-99]],[[1962,63],[-83,9],[-64,32],[-115,29],[-179,-8],[-34,14],[-19,37],[33,17],[38,77],[48,19],[30,52],[15,147],[14,55],[30,59],[79,48],[-1,56],[20,11]],[[2169,798],[36,-23]],[[2227,582],[-52,-128],[-20,-23]],[[2614,1678],[-17,-44],[-52,-27],[-77,-61],[-47,0]],[[2133,2192],[13,17],[56,4],[53,60],[33,8],[39,-56],[43,-29],[112,-12],[52,-45],[4,-50],[40,-37],[-10,-79],[8,-76],[37,-95],[8,-62],[-7,-62]],[[2988,1189],[19,-21],[0,-51],[-21,-77],[11,-33],[-54,-94],[20,-111],[-22,-18],[20,-51],[-28,-177]],[[2933,556],[-58,28],[-90,-19],[-69,15],[-13,40]],[[2703,620],[-5,39],[-71,2],[-10,51],[46,105],[-33,22]],[[2630,839],[97,134],[67,-26],[10,45],[-114,91],[-1,82],[14,76],[23,34]],[[2726,1275],[126,-33],[3,-19],[79,-5],[54,-29]],[[2630,839],[-49,-39]],[[2534,1159],[84,94],[108,22]],[[2703,620],[-12,-34],[-52,-50],[-101,-29],[-45,-48],[-45,-10],[-40,-67],[-116,-49],[-59,22]],[[2614,1678],[1,-31],[31,-54],[6,-80],[12,-20],[72,-18],[95,21],[42,34],[79,31],[70,-42],[65,-57],[-43,-34],[26,-88],[-35,-82],[-1,-63],[-46,-6]],[[2933,556],[-15,-84],[-27,-29],[-5,-55],[-40,-6],[-21,-47],[-61,-38],[-13,-39],[-44,10],[-55,-26],[-11,-42],[-51,-29],[3,-66],[-60,-48],[-58,48],[-78,12],[-57,-38],[-32,-79],[-35,11],[-31,41],[-33,1]]],"objects":{"PRY.geo":{"type":"GeometryCollection","geometries":[{"arcs":[[0,1,2,3]],"type":"Polygon","properties":{"name":"Alto Paraguay","postal":"AG"},"id":"PRY"},{"arcs":[[4,5,-3]],"type":"Polygon","properties":{"name":"Boquerón","postal":"BQ"},"id":"PRY"},{"arcs":[[6,7,8,-1,9]],"type":"Polygon","properties":{"name":"Concepción","postal":"CN"},"id":"PRY"},{"arcs":[[10,11,12,13,14]],"type":"Polygon","properties":{"name":"Cordillera","postal":"CR"},"id":"PRY"},{"arcs":[[-9,15,-14,16,17,-5,-2]],"type":"Polygon","properties":{"name":"Presidente Hayes","postal":"PH"},"id":"PRY"},{"arcs":[[18,19,-15,-16,-8,20]],"type":"Polygon","properties":{"name":"San Pedro","postal":"SP"},"id":"PRY"},{"arcs":[[-13,21,22,23,-17]],"type":"Polygon","properties":{"name":"Asunción","postal":"AS"},"id":"PRY"},{"arcs":[[24,25,26]],"type":"Polygon","properties":{"name":"Guairá","postal":"GU"},"id":"PRY"},{"arcs":[[27,28,29,30,31]],"type":"Polygon","properties":{"name":"Misiones","postal":"MI"},"id":"PRY"},{"arcs":[[32,-31,33,-23]],"type":"Polygon","properties":{"name":"Ñeembucú","postal":"NE"},"id":"PRY"},{"arcs":[[34,-26,35,-32,-33,-22,-12]],"type":"Polygon","properties":{"name":"Paraguarí","postal":"PG"},"id":"PRY"},{"arcs":[[36,-21,-7,37]],"type":"Polygon","properties":{"name":"Amambay","postal":"AM"},"id":"PRY"},{"arcs":[[38,39,40,41,42]],"type":"Polygon","properties":{"name":"Alto Paraná","postal":"AA"},"id":"PRY"},{"arcs":[[43,-27,-35,-11,-20,44,-42]],"type":"Polygon","properties":{"name":"Caaguazú","postal":"CG"},"id":"PRY"},{"arcs":[[45,-28,-36,-25,-44,-41]],"type":"Polygon","properties":{"name":"Caazapá","postal":"CZ"},"id":"PRY"},{"arcs":[[-43,-45,-19,-37,46]],"type":"Polygon","properties":{"name":"Canindeyú","postal":"CY"},"id":"PRY"},{"arcs":[[-40,47,-29,-46]],"type":"Polygon","properties":{"name":"Itapúa","postal":"IT"},"id":"PRY"}]}}}