{"type":"Topology","transform":{"scale":[0.0025177556702076025,0.0016331414150670038],"translate":[20.242825968743432,43.65421266879562]},"arcs":[[[1403,654],[73,-118]],[[1476,536],[-21,-39],[52,-50],[49,-74],[36,-27],[-15,-114],[29,-10],[-6,-59],[-48,-102]],[[1552,61],[-139,40],[-82,11],[-43,26],[-64,4],[-76,-23],[-85,-9],[-27,39],[14,59],[54,23],[-6,42]],[[1098,273],[53,43],[-3,47],[32,122],[38,36],[72,28]],[[1290,549],[98,48],[15,57]],[[1290,549],[-68,70],[-69,21],[-83,87],[-6,75],[-39,42],[-72,37]],[[953,881],[-28,48],[39,42]],[[964,971],[89,35],[53,-23],[64,7],[67,31],[29,-11],[62,30]],[[1328,1040],[99,-28],[3,-80],[-25,-140],[-2,-138]],[[1098,273],[-40,14],[-85,65],[-4,47],[-40,14],[-41,99],[48,49],[9,41],[-55,53],[-65,-24],[-53,-104],[-33,-3],[-28,53]],[[711,577],[46,1],[31,131],[64,-36],[21,10],[50,156],[30,42]],[[1666,732],[53,-1],[61,-121],[14,-134],[36,-25]],[[1830,451],[-4,-168],[-73,-44],[-10,-33],[45,-112],[-33,-32]],[[1755,62],[-64,27],[-57,-24],[-82,-4]],[[1476,536],[76,22],[46,29],[8,81],[60,64]],[[2093,521],[-6,-65],[21,-43],[63,-28],[4,-75],[-30,-53],[12,-117],[24,-100]],[[2181,40],[-71,-30],[-78,-10],[-42,31],[-115,27],[-120,4]],[[1830,451],[52,0],[83,38],[35,-10]],[[2000,479],[61,55],[32,-13]],[[2394,677],[64,-67],[-25,-53],[26,-25]],[[2459,532],[2,-49],[-39,-25],[-24,-49]],[[2398,409],[-36,-37],[-36,9],[-77,57],[1,120]],[[2250,558],[48,106]],[[2298,664],[96,13]],[[3090,429],[-35,-54],[-80,-35],[-50,-2],[-65,-44],[-76,-8]],[[2784,286],[-89,34],[-95,-37],[-148,-32]],[[2452,251],[18,59],[-19,51],[-53,48]],[[2459,532],[139,2],[115,-21],[156,9],[89,-23],[36,-31],[96,-39]],[[2250,558],[-123,-8],[-34,-29]],[[2000,479],[14,84],[-49,50],[16,210],[-22,56],[4,59],[38,14],[21,86],[-10,24]],[[2012,1062],[48,39]],[[2060,1101],[38,-140],[57,-94],[17,-69],[41,-22],[1,-46],[84,-66]],[[2452,251],[-105,-32],[-166,-179]],[[2764,713],[32,-14],[160,-5],[68,15],[22,-22]],[[3046,687],[2,-50],[47,-39],[-6,-66],[36,-49],[-35,-54]],[[2394,677],[27,21],[72,8],[34,35]],[[2527,741],[22,-17],[215,-11]],[[3046,687],[49,-8],[42,121],[-17,137],[13,33],[-57,33],[17,63]],[[3093,1066],[73,34]],[[3166,1100],[46,-78],[98,-46],[53,-13],[42,61],[63,-2],[138,74],[99,-30],[31,-30],[11,-123],[-26,-181],[-40,-18],[-164,-27],[-21,55],[3,48],[-31,41],[-42,-42],[33,-71],[-11,-42],[-54,-32],[-5,-94],[27,-36],[-80,-101],[9,-79],[-13,-28],[16,-92],[-37,-161],[-58,-3],[-84,16],[-96,54],[-18,70],[-31,15],[-53,-25],[-26,46],[-109,-5],[-52,65]],[[979,1662],[19,-21]],[[998,1641],[-62,-75],[-66,-22],[-5,-92],[-26,-46]],[[839,1406],[-50,-35],[-64,34],[-131,1],[-27,-30],[-34,55],[-61,26],[-25,-37],[-178,39],[-86,81]],[[183,1540],[14,42],[40,20],[84,-21],[37,29],[14,62],[54,142],[43,25]],[[469,1839],[27,-7],[133,7],[127,-46],[19,-46],[90,-72],[114,-13]],[[929,2246],[-35,-78],[38,-84],[52,-48]],[[984,2036],[18,-58],[-38,-67],[55,-95],[-2,-39]],[[1017,1777],[-46,-45],[8,-70]],[[469,1839],[24,17],[7,74],[58,84],[-6,49],[77,99],[14,69],[56,59],[-6,61],[71,62]],[[764,2413],[77,-119],[49,6],[39,-54]],[[711,577],[-12,34],[-59,28],[-78,-6],[-39,57],[-59,2],[-17,49],[16,98],[30,79]],[[493,918],[25,100],[-27,30],[3,51],[38,55],[34,15],[57,-22],[141,47],[41,-9],[26,36],[44,9]],[[875,1230],[97,-122],[6,-96],[-14,-41]],[[839,1406],[52,-101],[-16,-75]],[[493,918],[-31,28],[-80,29],[-89,53],[-65,79],[-41,166],[-56,95],[-87,54],[-44,80],[16,23],[129,-9],[38,24]],[[2855,2399],[-49,-9],[-92,-71],[-47,21],[-85,10],[-34,-40]],[[2548,2310],[-36,25],[-16,90],[-97,130],[-62,49],[-10,44]],[[2327,2648],[28,9],[46,80],[6,54],[144,38],[55,-10],[53,-32],[11,-38],[98,-156],[24,-106],[63,-88]],[[1017,1777],[82,-19],[30,-41],[126,42],[110,-57],[126,10]],[[1491,1712],[10,-45],[67,-81]],[[1568,1586],[3,-41],[-63,-75],[-74,-32],[-36,-90],[-42,-43],[-19,-56],[7,-148]],[[1344,1101],[-17,-3]],[[1327,1098],[-4,35],[-71,77],[-32,151],[-35,75],[-60,64],[-9,57],[-34,14],[-25,60],[-59,10]],[[1872,2405],[51,-54],[-32,-70],[21,-39],[5,-130]],[[1917,2112],[-101,-50],[-29,-73],[-72,-16],[-25,-63],[-45,-16],[-74,23]],[[1571,1917],[16,70],[-31,34],[-13,78],[-69,45],[-7,55],[28,49]],[[1495,2248],[45,77],[41,13],[64,55],[74,-19],[75,3],[78,28]],[[1571,1917],[-61,-102],[-19,-103]],[[984,2036],[67,-10],[48,-51],[138,10],[0,41],[45,16],[15,84],[121,62],[0,54]],[[1418,2242],[77,6]],[[1327,1098],[1,-58]],[[1867,2487],[31,-51],[-26,-31]],[[1418,2242],[-71,32],[-70,-2],[-84,32],[-62,-8]],[[1131,2296],[-36,8],[47,98],[39,-26],[43,31],[43,90],[75,51],[-54,97]],[[1288,2645],[31,19],[86,-11],[38,-32],[40,17],[101,-40],[79,34],[52,-7],[40,-53],[112,-85]],[[1971,2095],[21,-50],[6,-206],[-95,-93],[-62,-116],[31,-41],[40,-12],[52,-53]],[[1964,1524],[-56,-6],[-26,-43]],[[1882,1475],[-35,23],[-81,0],[-10,87],[-31,13],[-83,-19],[-74,7]],[[1917,2112],[54,-17]],[[929,2246],[69,40],[62,-10],[55,-34],[16,54]],[[764,2413],[19,52],[43,34],[125,22],[111,115],[58,30],[22,51],[45,-7],[51,-53],[50,-12]],[[1666,732],[40,175],[-18,57],[0,120],[14,84]],[[1702,1168],[72,23]],[[1774,1191],[48,-20],[105,2],[50,-41],[35,-70]],[[1882,1475],[-103,-92],[8,-61],[-37,-29],[24,-102]],[[1702,1168],[-82,1],[-101,-41],[-108,7],[-67,-34]],[[2070,1501],[45,-41],[0,-121],[40,-34],[90,-41],[82,-94]],[[2327,1170],[-22,-51]],[[2305,1119],[-40,18],[-33,-43],[-93,27],[-79,-20]],[[1964,1524],[43,15],[63,-38]],[[2386,1528],[30,18],[63,-97]],[[2479,1449],[-32,-63],[-9,-70]],[[2438,1316],[6,-33],[-27,-80],[-37,4],[-53,-37]],[[2070,1501],[17,37],[72,77],[46,-71],[79,-40],[102,24]],[[2156,2084],[26,-11],[48,-72],[-16,-39],[5,-101],[71,-16]],[[2290,1845],[24,-103],[-20,-44],[57,-33],[-1,-37],[56,-7],[-20,-93]],[[1971,2095],[80,36],[70,-53],[35,6]],[[3130,1952],[-67,-15],[-53,22],[-44,51],[-33,-36],[-60,-17],[-108,6]],[[2765,1963],[-24,45],[38,36],[-45,52],[-85,-44],[-105,43],[-18,49],[-48,60]],[[2478,2204],[69,61],[1,45]],[[2855,2399],[82,-162],[34,-15],[33,-85],[92,-78],[34,-107]],[[2765,1963],[8,-72]],[[2773,1891],[-195,-1],[-60,-45],[-108,-21],[-14,38],[-106,-17]],[[2156,2084],[10,40],[50,57],[63,25],[96,-2],[52,24],[51,-24]],[[2305,1119],[51,-58],[35,-103],[28,-4],[54,-58],[8,-57],[35,-29],[11,-69]],[[1867,2487],[54,17],[73,95],[194,22],[139,27]],[[2773,1891],[39,-43],[6,-54],[56,-114],[16,-144]],[[2890,1536],[-114,0],[-53,-51],[-50,-11],[-82,12],[-49,-9],[-17,-35],[-46,7]],[[2764,713],[-9,61],[36,64],[-26,28],[-15,104],[59,9],[43,82]],[[2852,1061],[62,65]],[[2914,1126],[49,-10],[47,-40],[83,-10]],[[2438,1316],[75,-110],[39,-2],[65,-56],[57,3],[35,-51],[29,10],[114,-49]],[[3124,1495],[-10,-49],[17,-60],[17,-175],[-11,-44],[29,-67]],[[2914,1126],[-29,80],[-48,58],[-50,137],[-2,37],[38,43],[72,27]],[[2895,1508],[153,5],[76,-18]],[[3130,1952],[44,-110],[0,-160],[-50,-187]],[[2895,1508],[-5,28]]],"objects":{"ROU.geo":{"type":"GeometryCollection","geometries":[{"arcs":[[0,1,2,3,4]],"type":"Polygon","properties":{"name":"Dolj","postal":"DJ"},"id":"ROU"},{"arcs":[[-5,5,6,7,8]],"type":"Polygon","properties":{"name":"Gorj","postal":"GJ"},"id":"ROU"},{"arcs":[[-4,9,10,-6]],"type":"Polygon","properties":{"name":"Mehedinti","postal":"MH"},"id":"ROU"},{"arcs":[[11,12,13,-2,14]],"type":"Polygon","properties":{"name":"Olt","postal":"OT"},"id":"ROU"},{"arcs":[[15,16,-13,17,18]],"type":"Polygon","properties":{"name":"Teleorman","postal":"TR"},"id":"ROU"},{"arcs":[[19,20,21,22,23]],"type":"Polygon","properties":{"name":"Bucharest","postal":"BI"},"id":"ROU"},{"arcs":[[24,25,26,-21,27]],"type":"Polygon","properties":{"name":"Calarasi","postal":"CL"},"id":"ROU"},{"arcs":[[-23,28,-19,29,30,31]],"type":"Polygon","properties":{"name":"Dâmbovita","postal":"DB"},"id":"ROU"},{"arcs":[[-27,32,-16,-29,-22]],"type":"Polygon","properties":{"name":"Giurgiu","postal":"GR"},"id":"ROU"},{"arcs":[[33,34,-28,-20,35,36]],"type":"Polygon","properties":{"name":"Ialomita","postal":"IL"},"id":"ROU"},{"arcs":[[-25,-35,37,38,39]],"type":"Polygon","properties":{"name":"Constanta","postal":"CT"},"id":"ROU"},{"arcs":[[40,41,42,43,44]],"type":"Polygon","properties":{"name":"Arad","postal":"AR"},