{"type":"Topology","transform":{"scale":[0.004950101314165354,0.004084300992305403],"translate":[34.67388567263186,16.400873443254874]},"arcs":[[[2576,169],[-47,-32],[-45,-1],[-53,78],[-78,-12],[-180,21],[-54,28],[-104,1],[-88,-10],[-26,-11],[-67,0],[-23,23]],[[1811,254],[11,209],[62,70],[17,33],[41,19],[23,42],[-8,51],[29,40],[2,44]],[[1988,762],[57,-40],[44,-19],[52,-4],[473,59],[27,8]],[[2641,766],[-65,-597]],[[1988,762],[-83,86],[-35,67],[23,109],[-76,96]],[[1817,1120],[-53,89],[3,108],[18,48],[-10,82],[5,46],[-44,13],[-42,-4],[-15,23],[-9,64],[-89,8],[-30,19],[-26,69],[-24,93],[-24,27],[0,43]],[[1477,1848],[3,112],[19,50]],[[1499,2010],[39,42],[45,-20],[101,-5],[25,24],[-5,45],[48,56],[67,18],[39,29],[34,48],[136,0],[-7,103],[-61,94],[7,71],[83,69],[-5,40],[-34,26]],[[2011,2650],[-3,27],[37,45]],[[2045,2722],[39,4]],[[2084,2726],[28,-24],[24,-50],[57,-36],[33,-8],[36,-40],[86,-25],[49,-39],[63,-4],[42,-50],[69,-31],[13,-26],[4,-328],[10,-24],[72,-57],[51,-57],[30,-67],[2,-84],[-58,-528],[-54,-482]],[[2084,2726],[1,58],[44,60],[71,143],[48,58],[126,58]],[[2374,3103],[22,5],[182,-25],[33,-94],[14,-19],[154,2],[13,-10],[22,-91],[57,-73],[-20,-25],[17,-30],[74,-14],[15,-22],[2,-62],[47,-7],[29,-53],[62,-35],[18,-31],[-18,-29],[38,-41],[5,-46],[-20,-30],[0,-55],[23,-62],[47,-41],[20,-96],[35,-67],[49,-52],[48,12],[48,-6],[-29,-44],[52,-39],[5,-43],[195,-279],[234,-36],[280,-42],[17,20],[91,-177],[-68,-247],[-65,-239],[-307,-124],[-299,-121],[-291,-47],[-285,-47],[-195,-113],[-116,-168],[-33,-91]],[[1039,2511],[-8,-61],[37,-29],[-11,-82],[10,-65],[-2,-65],[34,-26],[50,19],[54,6],[49,42],[109,-13]],[[1361,2237],[49,-32],[3,-81],[41,-18],[18,-63],[27,-33]],[[1477,1848],[-50,-6],[6,-47],[-20,-32],[-62,-34],[14,-47],[-127,-126],[-28,-41],[-52,7],[-34,-29],[-32,3],[0,45],[-40,36],[12,34],[-15,42],[-77,-20],[-20,27],[-36,-4],[-62,70],[-52,-7]],[[802,1719],[-38,89],[-76,70],[-43,19],[-39,35],[-31,-6],[-28,67]],[[547,1993],[10,28],[104,35],[11,18],[-3,81],[8,55],[-31,23],[-24,65],[-37,52],[-41,28],[-19,-9],[-22,63],[20,46],[-56,62],[0,84],[-32,30],[74,33],[71,-18],[38,22],[52,-80],[38,-5],[40,-61],[23,19],[64,-6],[63,-39],[37,-4],[84,14],[20,-18]],[[1361,2237],[100,41],[-3,46],[47,11],[11,70],[35,12],[37,58],[77,64],[47,21],[54,67],[77,43],[41,-7],[40,-39],[48,-12],[39,38]],[[1039,2511],[37,82],[32,33],[-7,25],[-41,33],[-27,106],[-64,56],[-95,35]],[[874,2881],[32,33],[111,49],[75,46],[77,34],[17,-3]],[[1186,3040],[39,-14],[108,27],[78,-17],[69,7],[69,-17],[56,-52],[77,6],[11,-40],[89,-22],[58,13],[51,-115],[30,-25],[62,-10],[62,-59]],[[547,1993],[-31,48],[10,56],[-9,56],[-22,26],[-36,82],[-57,54],[7,41],[-33,14],[-61,133],[-27,32],[-58,107],[-51,65],[-14,43],[-48,79],[-41,40],[-30,-9],[-39,14],[-7,34],[26,61],[8,87]],[[34,3056],[76,-5],[31,17],[98,13],[60,-26],[52,-72],[19,-6],[70,21],[75,-17],[46,2],[19,41],[46,14],[-2,-61],[17,-48],[22,-18],[75,-15],[54,0],[14,-22],[49,17],[19,-10]],[[1186,3040],[35,45],[5,81],[36,44],[168,111],[30,29],[-88,109],[-51,5],[-53,40],[-157,6],[-62,32],[-136,22],[-179,-18],[-36,16],[-51,69],[-2,34],[24,94]],[[669,3759],[205,62],[32,28],[256,-49],[333,-206],[158,-143],[195,-167],[181,-152],[331,-32],[14,3]],[[34,3056],[22,115],[215,-40],[93,75],[56,91],[145,31],[33,78],[70,46],[-101,124],[-105,119],[207,64]],[[1487,1034],[-10,-85],[-29,-24],[-29,-93]],[[1419,832],[-49,-23],[-22,-75],[-35,0],[-41,44],[-2,82],[-29,46],[60,35],[27,55],[0,62],[22,9],[34,-46],[78,26],[25,-13]],[[1811,254],[-41,21],[-19,-10]],[[1751,265],[-77,94],[-38,14],[-29,-64],[-42,55],[-43,5],[-27,34],[-30,4],[-1,61],[-30,1]],[[1434,469],[6,51],[-23,60],[-44,4],[-18,33],[2,57],[89,22],[12,34],[-11,46],[6,42],[-34,14]],[[1487,1034],[24,-55],[46,2],[51,53],[64,45],[92,11],[53,30]],[[1751,265],[-25,-24],[-22,-112],[20,-38],[-32,-54],[-36,-37],[-29,36],[-4,47],[-33,34],[0,31],[-41,41],[-7,66],[-43,51],[-76,63],[-25,52]],[[1398,421],[36,48]],[[1398,421],[-31,84],[-46,57],[7,34],[-23,27],[-36,97],[-2,40],[-32,23],[1,28],[-33,19],[-19,42],[-91,78],[-32,-4],[-57,48],[-47,90],[-23,23],[-44,96],[19,22],[-19,74],[-21,38],[13,92],[21,41],[-38,91],[-29,50],[-1,28],[-33,80]]],"objects":{"SAU.geo":{"type":"GeometryCollection","geometries":[{"arcs":[[0,1,2,3]],"type":"Polygon","properties":{"name":"Najran","postal":"NJ"},"id":"SAU"},{"arcs":[[-3,4,5,6,7,8,9,10]],"type":"Polygon","properties":{"name":"Ar Riyad","postal":"RI"},"id":"SAU"},{"arcs":[[-4,-11,11,12]],"type":"Polygon","properties":{"name":"Ash Sharqiyah","postal":"SH"},"id":"SAU"},{"arcs":[[13,14,-7,15,16,17]],"type":"Polygon","properties":{"name":"Al Madinah","postal":"MD"},"id":"SAU"},{"arcs":[[-8,-15,18]],"type":"Polygon","properties":{"name":"Al Quassim","postal":"QS"},"id":"SAU"},{"arcs":[[-9,-19,-14,19,20,21]],"type":"Polygon","properties":{"name":"Ha'il","postal":"HA"},"id":"SAU"},{"arcs":[[-20,-18,22,23]],"type":"Polygon","properties":{"name":"Tabuk","postal":"TB"},"id":"SAU"},{"arcs":[[-12,-10,-22,24,25]],"type":"Polygon","properties":{"name":"Al Hudud ash Shamaliyah","postal":"HS"},"id":"SAU"},{"arcs":[[-21,-24,26,-25]],"type":"Polygon","properties":{"name":"Al Jawf","postal":"JF"},"id":"SAU"},{"arcs":[[27,28]],"type":"Polygon","properties":{"name":"Al Bahah","postal":"BA"},"id":"SAU"},{"arcs":[[-2,29,30,31,-28,32,-5]],"type":"Polygon","properties":{"name":"`Asir","postal":"AS"},"id":"SAU"},{"arcs":[[33,34,-31]],"type":"Polygon","properties":{"name":"Jizan","postal":"JZ"},"id":"SAU"},{"arcs":[[-6,-33,-29,-32,-35,35,-16]],"type":"Polygon","properties":{"name":"Makkah","postal":"MK"},"id":"SAU"}]}}}