{"type":"Topology","transform":{"scale":[0.002580620795527497,0.0014595888532528138],"translate":[-8.569174302911627,54.701964244714944]},"arcs":[[[1673,674],[22,-91],[91,-8],[-9,-55]],[[1777,520],[-39,-78],[-83,-27],[-41,-106],[-25,3]],[[1589,312],[10,265],[-54,32]],[[1545,609],[-14,59],[39,56]],[[1570,724],[103,-50]],[[1722,893],[-14,-78]],[[1708,815],[-74,10]],[[1634,825],[-5,48]],[[1629,873],[30,28],[63,-8]],[[1677,748],[-4,-74]],[[1570,724],[1,3]],[[1571,727],[61,38]],[[1632,765],[45,-17]],[[1708,815],[30,-44]],[[1738,771],[-61,-23]],[[1632,765],[1,31]],[[1633,796],[1,29]],[[1528,841],[-49,-49]],[[1479,792],[-53,5]],[[1426,797],[40,63],[62,-19]],[[1479,792],[46,-63],[46,-2]],[[1545,609],[-33,-20]],[[1512,589],[-98,101],[23,33],[-11,74]],[[1766,898],[78,-80]],[[1844,818],[30,-77]],[[1874,741],[-58,-35],[-78,65]],[[1722,893],[44,5]],[[1581,839],[52,-43]],[[1528,841],[53,-2]],[[1589,312],[-69,-26],[6,-45],[-93,-12],[-62,-29]],[[1371,200],[9,101],[49,53],[51,134],[48,37],[-16,64]],[[1874,741],[47,14],[60,-23]],[[1981,732],[24,-43],[-33,-41],[-8,-163]],[[1964,485],[-55,-82],[-71,107],[-61,10]],[[1581,839],[-39,10]],[[1542,849],[-3,94]],[[1539,943],[58,-17],[32,-53]],[[2529,1733],[-9,-90]],[[2520,1643],[-108,-8],[18,90],[99,8]],[[2520,1643],[-35,-54],[-24,-102],[-84,-90]],[[2377,1397],[-71,30],[-14,72],[-85,65],[-59,-9],[-32,-51],[-64,23],[-47,-34]],[[2005,1493],[-68,28],[-88,6]],[[1849,1527],[46,113]],[[1895,1640],[129,-4],[6,59],[55,55],[61,7],[25,41],[-10,103],[106,49],[-40,59],[0,47]],[[2227,2056],[151,-24],[168,24],[65,-61],[28,-96],[-86,-106],[-24,-60]],[[1895,1640],[88,57],[26,139],[-44,52],[-65,-18],[-34,134]],[[1866,2004],[63,10],[38,49],[81,5],[80,-35],[99,23]],[[1871,924],[91,-31]],[[1962,893],[-118,-75]],[[1766,898],[105,26]],[[1838,1021],[-5,-58]],[[1833,963],[38,-39]],[[1539,943],[-32,83],[12,83],[-71,29],[74,74]],[[1522,1212],[123,43],[58,-17],[-18,-123],[87,-41],[66,-53]],[[1914,977],[-45,-38]],[[1869,939],[-36,24]],[[1838,1021],[83,4],[-7,-48]],[[2005,1493],[23,-108],[90,-75],[-26,-67],[35,-29]],[[2127,1214],[10,-15]],[[2137,1199],[-81,-68]],[[2056,1131],[-39,-61],[40,-46],[-49,-41],[-94,-6]],[[1522,1212],[-26,117]],[[1496,1329],[47,35],[28,76],[122,45],[156,42]],[[2377,1397],[-37,-110],[-112,-75]],[[2228,1212],[-10,31],[-91,-29]],[[2228,1212],[-91,-13]],[[2056,1131],[147,72],[24,-56],[95,-63],[-80,-63],[-70,9],[-83,-101],[-94,-23],[-126,33]],[[2406,857],[-91,-86],[-88,-4]],[[2227,767],[-93,86]],[[2134,853],[47,15],[54,66],[65,-5],[106,-72]],[[2128,853],[-110,-93]],[[2018,760],[-13,4]],[[2005,764],[-21,123]],[[1984,887],[144,-34]],[[2227,767],[-47,-4],[-69,-71],[-93,68]],[[2128,853],[6,0]],[[2005,764],[-24,-32]],[[1962,893],[22,-6]],[[2216,281],[-9,103],[-62,7],[-27,55],[-94,40],[-60,-1]],[[2406,857],[83,-24],[48,-77],[-116,-127],[53,-106],[-76,-75],[-32,3],[-63,-67],[-28,-57],[-59,-46]],[[2216,281],[-77,-89],[-207,-10],[-6,-62],[-95,-8],[-47,-64],[-61,0],[-46,49],[-46,-18],[5,-79],[-61,2],[-35,48],[-112,58],[-27,-34],[-67,27],[-17,109],[54,-10]],[[2063,2874],[35,-75],[-56,-5],[-51,65],[72,15]],[[2098,3042],[55,-85],[86,-17],[32,-42],[-51,-34],[-52,49],[-88,-26],[-64,69],[16,76],[66,10]],[[875,2056],[61,-78],[0,-117],[18,-65],[80,-55],[41,20],[51,-41],[-99,-111],[-40,99],[-115,-23],[-63,103],[-91,44],[4,92],[55,33],[74,-19],[-16,81],[40,37]],[[1496,1329],[-84,12],[-58,-36],[-89,23]],[[1265,1328],[-14,36],[-127,-133],[-130,82],[19,48],[-104,5],[16,40],[104,7],[69,89],[-45,9],[8,62],[81,174],[-72,70],[-25,96],[13,58],[56,-9],[-37,89],[-8,94],[125,16],[76,85],[6,119],[-13,61],[83,23],[-30,53],[48,68],[24,120],[100,-35],[98,-8],[36,-28],[91,28],[131,5],[58,33],[50,-13],[127,41],[72,-15],[-39,-74],[13,-80],[-52,-75],[-64,-28],[-51,-66],[-194,-150],[-48,-70],[88,-27],[-29,-77],[-50,-70],[32,-25],[109,48]],[[1337,505],[-88,30],[-18,112],[50,52],[40,-32],[26,-75],[-10,-87]],[[956,774],[31,-103],[-75,-37],[-41,73],[-70,-25],[36,114],[112,45],[7,-67]],[[1081,904],[-71,-149],[-45,21],[2,56],[46,81],[68,-9]],[[983,1313],[31,-64],[39,0],[79,-53],[-28,-65],[-166,-47],[-69,-5],[-3,47],[51,24],[29,64],[-62,40],[0,52],[66,31],[33,-24]],[[1542,849],[-52,39],[-65,-6],[-30,-75],[-79,38],[-63,-26],[8,79],[-46,-2],[10,-98],[32,-67],[-42,-33],[-8,-88],[-35,-98],[8,-62],[-27,-31],[-73,0],[26,92],[-3,80],[53,139],[-29,20],[-14,82],[43,66],[25,105],[-29,63],[34,98],[44,44],[-6,60],[41,60]],[[2820,4041],[-17,-46],[101,-145],[-72,-141],[-76,28],[-82,57],[19,51],[87,6],[4,69],[-60,86],[96,35]],[[2902,4134],[34,-3],[-15,-158],[-53,20],[-5,65],[39,76]],[[471,1854],[59,-80],[-27,-98],[-46,-13],[-20,72],[34,119]],[[535,2023],[21,-80],[-66,-19],[-93,57],[27,47],[111,-5]],[[920,2503],[-80,-100],[19,-117],[-72,-80],[-117,-75],[-54,-53],[-39,53],[77,70],[-50,28],[-45,116],[37,82],[63,-38],[19,66],[231,146],[11,-98]]],"objects":{"SCT.geo":{"type":"GeometryCollection","geometries":[{"arcs":[[0,1,2,3,4]],"type":"Polygon","properties":{"name":"East Ayrshire","postal":"EA"},"id":"SCT"},{"arcs":[[5,6,7,8]],"type":"Polygon","properties":{"name":"East Dunbartonshire","postal":"ED"},"id":"SCT"},{"arcs":[[9,-5,10,11,12]],"type":"Polygon","properties":{"name":"East Renfrewshire","postal":"ER"},"id":"SCT"},{"arcs":[[13,14,-13,15,16,-7]],"type":"Polygon","properties":{"name":"Glasgow","postal":"GG"},"id":"SCT"},{"arcs":[[17,18,19]],"type":"Polygon","properties":{"name":"Inverclyde","postal":"IC"},"id":"SCT"},{"arcs":[[20,-11,-4,21,22,-19]],"type":"Polygon","properties":{"name":"North Ayshire","postal":"ED"},"id":"SCT"},{"arcs":[[23,24,25,-14,-6,26]],"type":"Polygon","properties":{"name":"North Lanarkshire","postal":"NN"},"id":"SCT"},{"arcs":[[27,-16,-12,-21,-18,28]],"type":"Polygon","properties":{"name":"Renfrewshire","postal":"RF"},"id":"SCT"},{"arcs":[[29,30,-22,-3]],"type":"Polygon","properties":{"name":"South Ayrshire","postal":"SA"},"id":"SCT"},{"arcs":[[-26,31,32,33,-1,-10,-15]],"type":"Polygon","properties":{"name":"South Lanarkshire","postal":"SL"},"id":"SCT"},{"arcs":[[-8,-17,-28,34,35,36]],"type":"Polygon","properties":{"name":"West Dunbartonshire","postal":"WD"},"id":"SCT"},{"arcs":[[37,38]],"type":"Polygon","properties":{"name":"Aberdeen","postal":"AR"},"id":"SCT"},{"arcs":[[-39,39,40,41,42,43,44]],"type":"Polygon","properties":{"name":"Aberdeenshire","postal":"AS"},"id":"SCT"},{"arcs":[[-44,45,46]],"type":"Polygon","properties":{"name":"Moray","postal":"MO"},"id":"SCT"},{"arcs":[[47,48,-24,49]],"type":"Polygon","properties":{"name":"Falkirk","postal":"FK"},"id":"SCT"},{"arcs":[[50,51,-50,-27,-9,-37,52,53]],"type":"Polygon","properties":{"name":"Stirling","postal":"ZG"},"id":"SCT"},{"arcs":[[54,55,-51,56]],"type":"Polygon","properties":{"name":"Clackmannanshire","postal":"CC"},"id":"SCT"},{"arcs":[[-42,57,58,59,60,-57,-54,61,62]],"type":"Polygon","properties":{"name":"Perthshire and Kinross","postal":null},"id":"SCT"},{"arcs":[[63,64,-58,-41]],"type":"Polygon","properties":{"name":"Angus","postal":"AG"},"id":"SCT"},{"arcs":[[65,-59,-65]],"type":"Polygon","properties":{"name":"Dundee","postal":"DU"},"id":"SCT"},{"arcs":[[-55,-61,66]],"type":"Polygon","properties":{"name":"Fife","postal":"FI"},"id":"SCT"},{"arcs":[[67,68,69]],"type":"Polygon","properties":{"name":"East Lothian","postal":"EL"},"id":"SCT"},{"arcs":[[70,71,72,73]],"type":"Polygon","properties":{"name":"Edinburgh","postal":"EB"},"id":"SCT"},{"arcs":[[74,-71,75,-69]],"type":"Polygon","properties":{"name":"Midlothian","postal":"ML"},"id":"SCT"},{"arcs":[[-73,76,-32,-25,-49,77]],"type":"Polygon","properties":{"name":"West Lothian","postal":"WH"},"id":"SCT"},{"arcs":[[78,-33,-77,-72,-75,-68,79]],"type":"Polygon","properties":{"name":"Scottish Borders","postal":"BO"},"id":"SCT"},{"arcs":[[-79,80,-30,-2,-34]],"type":"Polygon","properties":{"name":"Dumfries and Galloway","postal":"DG"},"id":"SCT"},{"arcs":[[[81]],[[82]]],"type":"MultiPolygon","properties":{"name":"Moray","postal":"MO"},"id":"SCT"},{"arcs":[[[83]],[[-46,-43,-63,84,85]]],"type":"MultiPolygon","properties":{"name":"Highland","postal":"HI"},