{"type":"Topology","transform":{"scale":[0.006912739338168408,0.006981476082707674],"translate":[21.811128298172804,8.681641744071214]},"arcs":[[[1929,457],[-29,-86],[2,-53],[-18,-25],[-36,22],[-44,-45],[6,-43],[-33,-84],[-18,23],[-10,50],[-104,94],[-14,106],[18,89]],[[1649,505],[43,4],[124,71],[27,-15],[32,-49],[54,-59]],[[2193,1200],[-132,-10],[-58,27]],[[2003,1217],[-72,45],[-65,89],[-85,39],[-69,155],[7,31],[-10,64],[8,49],[-19,38],[-40,31],[11,50],[-11,28],[41,30],[-57,41]],[[1642,1907],[269,0],[269,0],[2,-45],[37,-73],[11,-87],[-8,-31],[11,-112],[27,-101],[71,-39],[33,-49],[37,-6],[28,-29],[-37,-50],[-121,-48],[-15,-41],[-63,4]],[[314,1008],[-3,-96],[24,-36],[0,-34],[-31,-50],[-46,-49],[-15,-32],[68,-37],[64,24],[-2,-43],[33,-22]],[[406,633],[-76,-74],[34,-90],[-121,-73],[-78,-30]],[[165,366],[-7,25],[-40,14],[-13,25],[8,44],[-56,108],[-21,-15],[-36,23],[18,37],[49,46],[-29,56],[53,68],[4,55],[29,7],[10,43],[32,32],[-9,44],[29,28],[72,6],[56,-4]],[[778,451],[5,-58]],[[783,393],[12,-61],[85,-201]],[[880,131],[-118,2],[-56,-19],[-19,6],[-55,63],[-40,33],[-9,33],[-109,-18],[-16,-47],[-27,-24],[-33,-131],[-65,-29],[-77,7],[-18,60],[25,18],[-1,91],[-48,76],[-62,65],[13,49]],[[406,633],[112,-11],[86,-64],[-14,-30],[49,-50],[62,-24],[77,-3]],[[1792,1051],[24,-63]],[[1816,988],[-82,18],[-37,-39]],[[1697,967],[-46,-5],[-88,-29]],[[1563,933],[-45,2]],[[1518,935],[-12,33],[-54,80],[-35,77]],[[1417,1125],[35,19]],[[1452,1144],[38,-38],[76,-12],[53,-26],[102,-31],[71,14]],[[1761,765],[-54,9],[-30,-24],[-37,18],[-50,-58]],[[1590,710],[-25,26],[-30,64],[36,64],[-8,69]],[[1697,967],[69,-38],[34,-58],[-50,-86],[11,-20]],[[1816,988],[69,-28],[42,-71],[55,-40],[67,24],[70,2]],[[2119,875],[10,-76],[-21,-99],[-22,-30],[-16,-91],[-61,-8]],[[2009,571],[-48,10],[-137,89],[-63,95]],[[2003,1217],[-6,-78],[-53,-28],[-110,-3],[-42,-57]],[[1452,1144],[105,143],[16,28],[-17,57],[2,61],[-60,33],[52,441]],[[1550,1907],[92,0]],[[1417,1125],[-79,4],[-516,16]],[[822,1145],[-2,476],[-362,1]],[[458,1622],[0,285],[212,0],[324,0],[253,0],[303,0]],[[1590,710],[16,-62],[25,-41],[-2,-37],[20,-65]],[[1649,505],[-69,1],[2,-30],[-96,-1]],[[1486,475],[-48,32],[-9,53]],[[1429,560],[-7,54],[59,45],[1,27],[-69,75],[-3,79],[26,19],[36,57],[46,19]],[[2009,571],[-80,-114]],[[822,1145],[-83,-4],[30,-254],[15,-18],[37,-107],[5,-56],[-59,-105],[-13,-65],[5,-46],[19,-39]],[[314,1008],[0,208],[0,266],[0,139],[144,1]],[[1486,475],[38,-41],[10,-95],[-68,-56],[-40,-64],[-63,-60],[-70,-8],[-38,34],[-69,43],[-57,-31],[-19,-42],[-69,-23],[-24,-40],[-115,1],[-22,38]],[[783,393],[61,-3],[36,35],[19,43],[74,-2],[22,49],[32,31],[48,-28],[37,-2],[39,57],[36,-1],[9,-25],[38,1],[56,-33],[56,48],[55,12],[28,-15]],[[2193,1200],[2,-42],[-16,-34],[12,-36],[-41,-79],[-36,-88],[5,-46]]],"objects":{"SDN.geo":{"type":"GeometryCollection","geometries":[{"arcs":[[0,1]],"type":"Polygon","properties":{"name":"Blue Nile","postal":"BN"},"id":"SDN"},{"arcs":[[2,3,4]],"type":"Polygon","properties":{"name":"Red Sea","postal":"RS"},"id":"SDN"},{"arcs":[[5,6,7]],"type":"Polygon","properties":{"name":"West Darfur","postal":"WD"},"id":"SDN"},{"arcs":[[8,9,10,-7,11]],"type":"Polygon","properties":{"name":"South Darfur","postal":"SD"},"id":"SDN"},{"arcs":[[12,13,14,15,16,17,18]],"type":"Polygon","properties":{"name":"Khartoum","postal":"KH"},"id":"SDN"},{"arcs":[[19,20,-15,21]],"type":"Polygon","properties":{"name":"Gezira","postal":"GZ"},"id":"SDN"},{"arcs":[[22,23,24,-22,-14]],"type":"Polygon","properties":{"name":"Gedarif","postal":"GD"},"id":"SDN"},{"arcs":[[25,-19,26,27,-4]],"type":"Polygon","properties":{"name":"River Nile","postal":"RN"},"id":"SDN"},{"arcs":[[-27,-18,28,29,30]],"type":"Polygon","properties":{"name":"Northern","postal":"NO"},"id":"SDN"},{"arcs":[[-21,31,32,33,34,-16]],"type":"Polygon","properties":{"name":"White Nile","postal":"WN"},"id":"SDN"},{"arcs":[[-25,35,-2,-32,-20]],"type":"Polygon","properties":{"name":"Sennar","postal":"SI"},"id":"SDN"},{"arcs":[[36,-12,-6,37,-30]],"type":"Polygon","properties":{"name":"North Darfur","postal":"ND"},"id":"SDN"},{"arcs":[[-34,38,-10,39]],"type":"Polygon","properties":{"name":"South Kordufan","postal":"KS"},"id":"SDN"},{"arcs":[[-17,-35,-40,-9,-37,-29]],"type":"Polygon","properties":{"name":"North Kordufan","postal":"KN"},"id":"SDN"},{"arcs":[[40,-23,-13,-26,-3]],"type":"Polygon","properties":{"name":"Kassala","postal":"KA"},"id":"SDN"}]}}}