{"type":"Topology","transform":{"scale":[0.0025951388852719424,0.0018823085018646233],"translate":[-17.536040819328377,12.305606588373337]},"arcs":[[[149,1226],[-36,46],[-113,31],[64,22],[72,52]],[[136,1377],[21,-78],[-8,-73]],[[541,1415],[21,17],[95,1],[50,-82]],[[707,1351],[-39,-71],[-26,-84],[-62,-16],[-64,27],[-102,16],[-27,-14]],[[387,1209],[-57,160],[15,33],[93,36],[80,-46],[23,23]],[[559,680],[-183,1],[-31,58],[1,79],[-38,-14],[-4,70],[47,12],[52,82],[46,19]],[[449,987],[52,-31],[-5,-45],[18,-73],[-13,-46],[24,-27],[34,-85]],[[817,1282],[-14,-56],[-61,-17],[-64,-78],[-31,-167],[-64,-2],[-42,58],[7,71],[-55,-10],[-48,-91]],[[445,990],[-36,5],[-32,-57],[-80,-53],[-18,82]],[[279,967],[45,160],[20,5],[43,77]],[[707,1351],[96,-10],[14,-59]],[[1119,1172],[-1,-100],[22,-137],[-20,-67],[-33,-41],[-38,-12],[-18,-39]],[[1031,776],[-91,29],[-66,-42],[-31,25],[-34,-25],[-32,-84],[-218,1]],[[449,987],[-4,3]],[[817,1282],[45,-36],[78,-25],[76,39],[21,-29],[73,-32],[9,-27]],[[1225,1242],[-59,-55],[-47,-15]],[[541,1415],[-23,16],[-59,169],[-41,2],[-30,-63],[-34,-9],[-42,61],[12,53],[-15,41]],[[309,1685],[75,158],[0,17]],[[384,1860],[62,1],[47,19],[56,83],[73,55],[31,41],[92,-135],[17,38],[271,-1],[54,-37],[57,-13],[64,-152],[-6,-133],[-32,-16],[-16,-124],[54,-62],[40,-132],[-23,-50]],[[1868,1481],[45,-106],[-30,-100],[-41,-74],[-74,-11],[-104,26],[-113,-104],[-124,2],[-168,85],[-34,43]],[[384,1860],[28,195],[33,39],[21,121],[75,43],[30,-32],[61,12],[86,-20],[95,39],[116,15],[58,58],[17,-25],[129,-8],[73,17],[27,-16],[124,-146],[19,-67],[46,-55],[35,26],[30,-36],[74,25],[63,-115],[32,-167],[45,-11],[12,-57],[49,7],[14,-68],[31,-36],[0,-50],[61,-67]],[[279,967],[-51,93],[0,38],[-44,43],[-35,85]],[[136,1377],[17,16],[100,162],[56,130]],[[1408,637],[57,-19],[19,-96],[27,-29],[6,-63],[49,-118],[-1,-102],[44,-27]],[[1609,183],[-142,12],[-273,2],[-292,2],[-88,-66],[-98,-62],[-79,1]],[[637,72],[-31,86]],[[606,158],[-23,67]],[[583,225],[14,105],[33,81],[2,42]],[[632,453],[27,2],[1,84],[117,35],[54,-12],[58,33],[4,47],[31,40],[47,-50],[91,-45],[19,-27],[53,-4],[76,-58],[75,-7],[56,36],[79,20],[12,50],[-24,40]],[[637,72],[-80,12],[-55,-6],[-69,-48],[-99,-3],[-23,-13],[-29,82],[87,78],[73,-43],[31,24],[45,-11],[71,29],[17,-15]],[[583,225],[-10,-39],[-41,-23],[-74,-8],[-9,-18],[-75,59],[-60,-48],[-28,135],[14,28],[2,105],[30,40],[300,-3]],[[1408,637],[-41,40],[-138,-68],[-48,37],[-44,74],[-55,-22],[-29,17],[-22,61]],[[1868,1481],[25,5],[59,-56],[34,-80],[45,-38],[38,-80],[-24,-47],[3,-77],[41,-19],[45,-101],[-10,-74],[24,-62],[-7,-66],[-45,-43],[38,-85],[44,-48],[-6,-38],[28,-40],[27,49],[41,-8],[35,-62],[10,-83],[32,-19],[19,-183],[-23,-39],[32,-94],[-4,-41],[-49,15],[-93,-26],[-69,18],[-55,-4],[-44,-32],[-65,-23],[-55,45],[-26,-14],[-29,33],[-49,5],[-54,54],[-21,-32],[-44,21],[2,63],[-109,8]]],"objects":{"SEN.geo":{"type":"GeometryCollection","geometries":[{"arcs":[[0,1]],"type":"Polygon","properties":{"name":"Dakar","postal":"DK"},"id":"SEN"},{"arcs":[[2,3,4]],"type":"Polygon","properties":{"name":"Diourbel","postal":"DB"},"id":"SEN"},{"arcs":[[[5,6]],[[7,8,9,-4,10]]],"type":"MultiPolygon","properties":{"name":"Fatick","postal":"FK"},"id":"SEN"},{"arcs":[[11,12,-7,13,-8,14]],"type":"Polygon","properties":{"name":"Kaolack","postal":null},"id":"SEN"},{"arcs":[[15,-15,-11,-3,16,17,18]],"type":"Polygon","properties":{"name":"Louga","postal":"LG"},"id":"SEN"},{"arcs":[[19,-19,20]],"type":"Polygon","properties":{"name":"Matam","postal":"SL"},"id":"SEN"},{"arcs":[[-5,-10,21,-2,22,-17]],"type":"Polygon","properties":{"name":"Thiès","postal":"TH"},"id":"SEN"},{"arcs":[[23,24,25,26,27,28]],"type":"Polygon","properties":{"name":"Kolda","postal":"KD"},"id":"SEN"},{"arcs":[[[29,-26]],[[30,-28]]],"type":"MultiPolygon","properties":{"name":"Ziguinchor","postal":"ZG"},"id":"SEN"},{"arcs":[[-24,31,-12,-16,-20,32]],"type":"Polygon","properties":{"name":"Tambacounda","postal":"TC"},"id":"SEN"}]}}}