{"type":"Topology","transform":{"scale":[0.0015247567313384485,0.00130592643668567],"translate":[155.57058612741787,-12.284931329172208]},"arcs":[[[3840,2200],[83,-162],[14,-96],[-117,76],[-2,118],[22,64]],[[3430,3006],[19,-47],[110,-140],[-36,-68],[3,-93],[44,-18],[90,-86],[33,-144],[40,-22],[-11,-105],[33,-43],[56,-115],[8,-60],[-56,5],[-54,116],[-76,64],[-92,97],[-67,52],[-68,157],[-11,70],[-35,80],[-26,112],[43,40],[-83,129],[5,45],[67,-30],[29,42],[35,-38]],[[2939,605],[23,0],[131,-94],[70,-31],[112,-88],[-53,-55],[-68,52],[-71,110],[-68,-16],[-55,47],[-40,-6],[-39,61],[58,20]],[[3168,2405],[-63,-12],[7,75],[56,-63]],[[3007,2520],[91,-35],[-20,-70],[-50,38],[-54,-2],[33,69]],[[2337,2524],[40,-26],[-22,-51],[-40,-22],[-39,46],[61,53]],[[2865,2184],[68,14],[51,-14],[162,16],[60,-48],[30,-47],[54,-12],[44,-45],[12,-67],[74,-22],[26,-108],[-118,-53],[-104,40],[-27,-6],[-82,59],[-128,-6],[-190,23],[-73,66],[-46,101],[-36,48],[11,166],[61,37],[46,-27],[105,-115]],[[2681,2912],[-79,18],[13,53],[56,-9],[10,-62]],[[1984,3598],[38,19],[64,-25],[79,-107],[140,-130],[123,-39],[19,-25],[66,4],[19,-38],[269,-225],[-29,-51],[33,-53],[-15,-62],[-129,142],[-55,13],[-143,87],[-74,31],[-181,131],[-60,32],[-9,42],[-61,26],[-33,56],[-68,43],[0,66],[-85,70],[92,-7]],[[7410,533],[44,-15],[-8,-50],[-53,-30],[-50,61],[67,34]],[[6880,1249],[54,-12],[-7,-42],[-51,-32],[-79,-7],[-47,-71],[-69,43],[46,48],[33,71],[120,2]],[[1727,2645],[-33,36],[46,53],[15,-72],[-28,-17]],[[1602,2863],[73,12],[-13,-123],[-60,-57],[-43,11],[-45,53],[4,65],[50,58],[34,-19]],[[1185,2845],[-32,-61],[-84,64],[96,117],[44,-65],[-24,-55]],[[1355,3136],[15,-38],[56,8],[62,-83],[44,-118],[-54,-52],[-98,38],[-64,56],[34,27],[-60,109],[-126,-12],[-32,-48],[-44,15],[-5,71],[62,30],[37,108],[85,65],[50,-35],[38,-141]],[[678,3135],[-45,93],[47,22],[-2,-115]],[[1059,3199],[-86,-17],[-34,33],[-37,82],[37,80],[59,19],[65,-79],[-4,-118]],[[682,3611],[49,-74],[80,-41],[-5,-36],[-91,-132],[-32,52],[4,44],[-67,72],[10,97],[52,18]],[[162,4031],[21,-60],[-76,-19],[-39,37],[48,80],[46,-38]],[[1455,3695],[-72,8],[28,50],[44,-58]],[[663,4315],[58,-19],[42,-54],[99,-65],[103,-51],[52,-64],[21,-110],[83,-68],[11,-35],[98,-44],[51,4],[1,-46],[-55,-33],[-63,12],[-95,47],[-64,3],[-30,49],[-85,46],[-83,115],[-75,124],[-59,35],[-93,101],[0,68],[61,15],[22,-30]],[[3781,1590],[40,3],[69,-35],[153,-119],[66,-32],[84,5],[30,-29],[68,17],[33,-40],[43,-104],[32,-27],[-4,-103],[-112,-6],[-59,40],[-78,0],[-66,27],[-28,40],[-147,90],[-15,75],[6,78],[-151,43],[36,77]]],"objects":{"SLB.geo":{"type":"GeometryCollection","geometries":[{"arcs":[[[0]],[[1]]],"type":"MultiPolygon","properties":{"name":"Malaita","postal":"ML"},"id":"SLB"},{"arcs":[[2]],"type":"Polygon","properties":{"name":"Rennell and Bellona","postal":"RB"},"id":"SLB"},{"arcs":[[[3]],[[4]],[[5]]],"type":"MultiPolygon","properties":{"name":"Central","postal":"GC"},"id":"SLB"},{"arcs":[[6]],"type":"Polygon","properties":{"name":"Guadalcanal","postal":"GC"},"id":"SLB"},{"arcs":[[[7]],[[8]]],"type":"MultiPolygon","properties":{"name":"Isabel","postal":"IS"},"id":"SLB"},{"arcs":[[[9]],[[10]]],"type":"MultiPolygon","properties":{"name":"Temotu","postal":"TE"},"id":"SLB"},{"arcs":[[[11]],[[12]],[[13]],[[14]],[[15]],[[16]],[[17]],[[18]]],"type":"MultiPolygon","properties":{"name":"Western","postal":null},"id":"SLB"},{"arcs":[[[19]],[[20]]],"type":"MultiPolygon","properties":{"name":"Choiseul","postal":"CH"},"id":"SLB"},{"arcs":[[21]],"type":"Polygon","properties":{"name":"Makira","postal":"MK"},"id":"SLB"}]}}}