{"type":"Topology","transform":{"scale":[0.0009360217875602237,0.0006586843978903956],"translate":[18.84497847547624,42.23494252527729]},"arcs":[[[1356,5298],[-24,-11],[11,-98],[-40,-65],[66,-35],[-29,-58],[15,-33],[124,-127],[-29,-73],[66,-83],[-30,-52],[70,-73],[18,-75],[-31,-39],[-12,-64]],[[1531,4412],[-59,53],[-40,14],[-129,-14],[-84,21],[-8,-48],[-70,-24],[-124,4],[-25,33],[-80,-38],[-105,-5],[-149,54],[-37,-42],[-35,39]],[[586,4459],[16,47],[-49,69],[-214,56],[-68,52],[-7,46],[-95,25],[-29,44],[56,25],[3,34],[-37,60],[23,37]],[[185,4954],[105,-62],[43,7],[39,-42],[69,17],[114,-11],[-7,85],[44,21],[-5,42],[49,20],[46,-22],[39,57],[45,22],[-4,58],[30,54]],[[792,5200],[105,-63],[56,27],[17,79],[-3,80],[118,47]],[[1085,5370],[55,4],[86,-29],[92,-9],[38,-38]],[[2687,3935],[-97,-20],[-86,-54],[-27,-46],[-55,-5],[-80,-34]],[[2342,3776],[-51,-8],[-114,-67],[-94,-12]],[[2083,3689],[-79,48],[-52,72],[-41,32],[3,128],[-44,13],[7,44],[-86,63],[-33,62],[-95,86],[-7,60]],[[1656,4297],[65,101],[-10,36],[31,50],[69,-1],[36,48],[69,-24],[51,-34],[57,6],[111,82],[-27,21],[96,70],[106,10],[10,24]],[[2320,4686],[80,-51],[51,24],[71,-88],[55,-33],[45,-1],[114,-36],[57,-39],[36,-44],[1,-39],[-38,-18],[-39,-115],[-63,-23],[49,-89],[115,-37],[24,-38],[-18,-42],[-73,-17],[-62,3],[-53,-40],[15,-28]],[[1656,4297],[-60,23]],[[1596,4320],[-65,92]],[[1356,5298],[51,27],[-18,57],[166,17],[54,-7],[60,-167],[-61,-26],[-28,-69],[46,-23],[60,21],[113,0],[-33,67],[59,74],[68,-5],[28,141]],[[1921,5405],[61,-91],[57,43],[34,-17],[-6,-123],[-27,-100],[49,-114],[-42,-56],[59,-46],[50,-67],[69,-63],[41,-55],[54,-30]],[[3953,966],[-89,11],[-72,51],[1,62],[-118,59],[-72,23],[-16,24],[58,55],[-24,23]],[[3621,1274],[66,54],[-35,63],[-27,-5],[-133,83],[53,120],[-27,84],[68,4],[61,-31],[70,8],[14,88]],[[3731,1742],[115,-57],[50,33],[35,-47],[51,-16],[92,116]],[[4074,1771],[80,-30],[90,-101],[10,-52],[95,-104],[70,-21],[-8,-87],[-41,-85],[-41,-34],[-13,-40],[-60,-65],[-56,-21],[-53,-141],[-65,-23],[-80,23],[-49,-24]],[[3868,2706],[-16,64],[35,44],[-105,81],[-47,-18],[-75,16],[-41,43],[-44,-81],[52,-115],[-70,-130],[-19,-74],[-37,-45],[-67,42],[-25,70],[-40,-19],[-48,16],[-60,61],[-134,6]],[[3127,2667],[17,66],[32,46]],[[3176,2779],[40,5],[51,39],[61,22],[-15,181],[-53,-8],[-2,82],[-46,40],[-38,-8],[-23,88],[28,57],[31,2],[35,45],[32,2],[24,105],[-5,29],[113,115]],[[3409,3575],[73,-122],[47,-13],[39,22],[144,258],[65,23],[49,50],[61,-14],[75,-84],[72,-47],[85,-11],[69,-73],[-25,-47],[-44,-15],[-85,42],[-59,-21],[-10,-52],[-77,-33],[-8,-54],[26,-34],[4,-57],[48,-84],[36,-31],[105,-35],[10,-117],[-45,-21],[-43,-58],[-17,-170],[-63,-10],[-32,-57],[-41,-4]],[[1300,2809],[-7,-156],[44,-50],[-9,-44],[23,-73],[-24,-43],[45,-75],[-6,-80],[42,-30],[-10,-137],[-72,9],[-4,-47],[-47,-4],[-91,-77],[-45,-6],[7,-60],[83,-36],[17,-67],[120,-222],[125,33],[29,-29]],[[1520,1615],[-64,-143],[66,-50],[-63,-48],[-48,-1],[-25,-64],[-48,-15],[-46,-98]],[[1292,1196],[-112,96],[-22,42],[-61,-35],[-71,-1],[-47,28],[-51,87],[-31,-14],[-70,18],[-41,30],[-73,80],[-42,80],[-126,151],[-146,68],[-46,66],[0,43],[45,36],[38,84],[118,20],[42,-79],[31,33],[53,-16],[0,104],[26,67],[-47,135],[-109,121],[-90,138],[-50,37],[25,76],[37,9],[83,-61],[200,16],[72,79],[-110,84]],[[717,2818],[36,37],[63,12],[10,31]],[[826,2898],[132,-60],[56,-5],[106,41],[26,-54],[64,-25],[34,43],[56,-29]],[[185,4954],[63,-10],[19,53],[-91,60],[-73,-41],[-40,52],[9,70],[60,75],[-55,58],[-18,88],[-59,77],[11,64],[47,6],[-28,51],[96,50],[46,52],[46,2],[17,73],[49,2],[40,-44],[123,-4],[37,62]],[[484,5750],[46,-52],[-10,-78],[20,-108],[85,-93],[13,-56],[43,-31],[52,27],[50,-37],[-16,-50],[53,-47],[-28,-25]],[[1099,5948],[-23,-61],[6,-62],[-54,-85],[-9,-40],[7,-106],[-43,-26],[98,-163],[4,-35]],[[484,5750],[87,17],[128,114],[-13,39],[67,45],[105,15],[45,-8],[107,-60],[89,36]],[[1099,5948],[59,16],[68,-6],[45,-25],[58,17],[60,-26],[46,5],[58,-49],[67,-82],[36,-93],[34,-38],[62,-32],[56,-52],[97,-37],[62,-83],[14,-58]],[[3176,2779],[-82,35],[-51,-9],[-58,47],[-54,-2],[-107,106],[-58,19],[-43,-21],[-53,63],[-17,49],[-38,32],[-28,-56],[-58,43],[-84,30]],[[2445,3115],[-15,40],[13,49],[-22,47],[39,121],[0,68],[-30,47],[22,49],[-24,53],[-55,68],[-8,80],[-23,39]],[[2687,3935],[56,-64],[90,-10],[66,5],[40,-23],[25,-79],[40,-40],[107,-16],[105,32],[159,-71],[34,-94]],[[1596,4320],[19,-70],[-56,-61],[-1,-60],[23,-39],[-87,-21],[-45,-34],[-50,-9],[-32,-127],[-38,-21],[19,-43],[-14,-80],[-51,-27],[-77,-75]],[[1206,3653],[9,83],[-73,-1],[-72,58],[-53,27],[-82,20],[-21,66],[56,128],[4,35],[-89,30],[-30,-33],[-88,-17],[-63,22],[-37,-26],[-68,64],[-52,-69]],[[547,4040],[-50,25],[-116,-6],[-29,26],[-96,-71],[-73,-20],[-26,75],[64,-12],[86,70],[-50,52],[11,50],[-18,112],[-35,52],[15,28],[60,-6],[27,29],[90,0],[179,15]],[[1897,2466],[-67,-62],[6,-27],[-42,-45],[7,-32],[-88,-35],[19,-93],[-113,-49],[13,-35],[-21,-80],[-51,-37],[103,-120],[-7,-48],[28,-110],[-99,-136],[-65,58]],[[1300,2809],[65,-18],[7,35],[45,21],[125,20],[55,68],[39,21],[50,91]],[[1686,3047],[39,-125],[57,-35],[31,-90],[52,-29],[49,-58],[-66,-43],[-10,-38],[-42,-30],[23,-48],[34,-18],[44,-67]],[[3621,1274],[-23,-26],[-61,3],[-84,66],[-53,63],[-51,9],[-46,-25],[-34,46],[-56,-37],[-50,-2]],[[3163,1371],[-2,32],[-43,58],[2,75],[-62,14],[-15,-72],[-82,45],[9,41],[-38,41],[-20,77],[-86,7],[-22,31]],[[2804,1720],[91,54],[12,35],[-24,49],[25,87],[-57,93],[-35,13],[15,56],[-25,94],[40,21],[-46,78]],[[2800,2300],[89,61],[66,1],[38,18]],[[2993,2380],[62,-70],[-28,-17],[28,-157],[76,-101],[96,-9],[50,-85],[78,20],[-36,32],[27,34],[50,-53],[25,-68],[44,0],[87,-45],[42,13],[70,-46],[31,30],[51,-52],[-15,-64]],[[2445,3115],[37,-55],[-37,-62],[6,-40]],[[2451,2958],[-54,28],[-40,-3],[-80,52],[-3,38],[-80,-26],[-52,27],[-28,39],[-55,18]],[[2059,3131],[-6,49],[-37,83],[47,59],[49,-9],[18,34],[-109,142],[75,46],[-38,80],[25,74]],[[3127,2667],[1,-34],[-52,-72],[-2,-30],[-50,-21],[15,-59],[-46,-71]],[[2800,2300],[-59,-38],[-35,6],[-12,54],[-34,12],[-75,-9],[11,102],[-35,-19],[-1,-76],[-65,-49],[-96,-38],[-143,22]],[[2256,2267],[-36,46],[-16,74]],[[2204,2387],[95,50],[19,22],[-16,56],[66,75],[-22,53],[55,29],[12,43],[-53,37],[84,58],[-10,53],[22,50],[-5,45]],[[2804,1720],[-55,25],[-79,3],[-140,-49],[-20,-56],[-48,-75],[-66,-48],[-54,28],[-74,-6],[-20,-44],[6,-70],[-45,-56]],[[2209,1372],[-79,48],[17,93],[-48,43]],[[2099,1556],[-4,59],[32,45],[-7,83],[-38,-3],[-35,37],[36,150],[44,14],[37,-31],[80,20],[-28,42],[-12,67],[46,48],[-39,46],[2,127],[43,7]],[[2099,1556],[-69,-11],[-83,-65],[-59,-11],[-16,-26],[37,-103],[35,-49],[-51,-96],[-58,-19],[-34,-52],[-58,-13],[-27,-68],[51,-67],[-24,-34],[-140,-43],[9,97],[-18,24],[-152,91],[-83,15],[-67,70]],[[1897,2466],[44,-45],[30,-63],[54,-18],[33,22],[-7,51],[79,7],[18,17],[56,-50]],[[3163,1371],[-36,-67],[-65,-25],[-30,-34],[-43,-1],[-42,-40],[-73,-11],[-91,-74],[25,-62],[-27,-31],[-17,-80],[-25,-25]],[[2739,921],[-110,62],[-48,6],[-30,37],[-8,95],[-17,34],[-47,-16],[-28,31],[-16,80],[-34,49],[-71,4],[-121,69]],[[2059,3131],[-90,57],[-41,-19],[-49,78],[-65,-28],[-5,46],[-103,51],[-45,-56],[34,-33],[-45,-100]],[[1650,3127],[-31,-6],[-55,-61],[-47,-11],[-58,66],[-24,55],[3,49],[38,88],[-10,100],[-22,25],[-131,45],[-33,-27],[-59,24],[-18,63]],[[1203,3537],[-11,42],[14,74]],[[1650,3127],[24,-9],[12,-71]],[[826,2898],[-41,43],[-19,52],[-123,54],[-18,48],[66,81],[-14,65],[26,73],[-9,32],[71,10],[31,-34],[97,23],[84,-37],[22,-39],[59,1],[-7,55],[37,20],[7,69],[-22,61],[18,31],[112,31]],[[717,2818],[-42,54],[-122,98],[-41,111],[-157,34],[-41,34],[-34,112],[37,73],[-13,132],[38,14],[22,64],[75,116],[23,59],[55,75],[37,183],[-7,63]],[[3831,884],[24,-81],[30,-36],[-42,-89],[8,-21],[-21,-146],[102,-97],[12,-44],[-30,-112],[-41,-20],[-49,-100],[-106,-18],[-51,41],[-47,12],[-147,-65],[-37,-8],[-71,18],[-57,31],[-61,-36],[-72,-7],[-118,-75],[-31,-31],[-121,17],[-53,109],[24,62],[86,42],[11,112],[43,46],[53,92],[1,61],[58,85],[-31,49]],[[3097,675],[46,42],[-2,35],[61,69],[130,19],[30,45],[34,-21],[59,24],