{"type":"Topology","transform":{"scale":[0.002982693311451827,0.0017068867418716799],"translate":[11.108164910182438,55.345417136807775]},"arcs":[[[2142,3985],[-37,-109],[-16,-78],[20,-62],[-57,-35],[-1,-24],[-48,-30],[32,-49],[-25,-51],[36,-96],[-17,-169],[28,-26],[27,-88],[-37,-28],[55,-48]],[[2102,3092],[-21,-80],[-33,-59],[3,-45]],[[2051,2908],[-35,-15],[-47,8],[-57,-50],[-31,2]],[[1881,2853],[-41,61],[-66,58],[-66,95],[65,99],[2,27],[-47,55],[-36,64],[-119,38],[-33,37],[-21,70],[-63,59],[-89,115],[-28,-30],[-131,0],[-15,42],[-62,16]],[[1131,3659],[40,130],[28,33],[51,-17],[97,7],[3,90],[95,65],[12,25],[-32,72]],[[1425,4064],[58,39],[32,3],[195,-55],[94,-6],[175,-41],[67,-1],[96,-18]],[[1453,1386],[74,-64],[-11,-82],[-34,-12],[-11,-82],[19,-52]],[[1490,1094],[-61,16],[-141,-51],[-47,43],[-31,-4],[-113,-45],[-8,-71],[12,-39],[-19,-36],[-34,14],[-25,57],[-32,21],[-64,-27],[-31,18],[-29,-30]],[[867,960],[-34,49],[-67,31],[-50,-11],[-35,-36],[-8,68]],[[673,1061],[67,94],[76,69],[47,77],[23,168],[98,7],[64,37],[1,43],[64,131]],[[1113,1687],[19,-41],[38,-25],[79,-10],[56,35],[31,-74],[-23,-43],[43,-126],[97,-17]],[[2000,1171],[-3,-69],[-79,-235],[-20,-17],[-42,-134],[-25,-124],[-26,-68],[-26,-6],[-5,185],[74,192],[33,11],[57,132],[26,110],[36,23]],[[1870,1549],[32,-44],[-108,-12],[73,-76],[10,-44],[-25,-35],[-1,-42],[20,-50],[-11,-37],[-41,-29],[-25,-91],[28,-51],[-3,-38],[-32,-23],[10,-37],[-20,-83],[-17,-29],[7,-49],[-41,-14],[-14,-61],[-40,-75],[-10,-49]],[[1662,580],[-69,9],[-88,88],[-78,-11]],[[1427,666],[14,45],[-2,126],[52,24],[-9,46],[85,8],[22,30],[-14,36],[-85,113]],[[1453,1386],[64,79],[32,10],[68,-26],[37,26],[10,74],[-11,52],[45,-3],[43,30],[94,-17],[35,-62]],[[1881,2853],[-55,-23],[-27,-38],[-52,-20],[-48,12],[-15,39],[-53,15],[-53,-7],[-36,-58],[5,-46],[-56,-11],[-34,-58]],[[1457,2658],[-62,71],[-136,55],[-32,1],[-17,-47],[-89,10]],[[1121,2748],[-65,42],[-34,71],[-104,19],[-60,85],[-47,24],[-144,216],[-115,109],[-15,33]],[[537,3347],[12,55],[37,60],[7,68],[-88,103],[-66,21],[-86,83],[52,299],[-1,22]],[[404,4058],[162,-38],[84,-74],[80,-19],[33,-26],[-19,-58],[93,-144],[232,-35],[62,-5]],[[1427,666],[-50,-23],[-74,3],[-27,-39],[-63,12],[-62,45]],[[1151,664],[-88,27],[-62,9],[-34,-36],[-139,-33],[-26,0]],[[802,631],[-17,80],[-47,83],[12,97],[99,27],[18,42]],[[1457,2658],[42,-82],[-7,-61],[28,-6],[37,-110],[-36,-18],[-4,-68],[49,-51]],[[1566,2262],[9,-40],[-56,-60],[28,-30]],[[1547,2132],[-40,-16],[-3,-29],[-56,-36],[-49,0],[-37,-23],[-54,-63],[-67,-31]],[[1241,1934],[-39,51],[-69,6],[-59,159]],[[1074,2150],[-1,113],[21,99],[33,71],[4,50],[-16,84],[-5,117],[-22,19],[33,45]],[[1902,1927],[-183,20],[2,-24],[66,12],[27,-14],[75,-6],[41,-77],[-37,-30],[23,-147],[-46,-112]],[[1113,1687],[128,247]],[[1547,2132],[42,15],[77,-50],[74,-59],[52,-77],[59,-2],[51,-32]],[[2124,2367],[-34,-35],[-20,-68],[35,-124],[67,-19]],[[2172,2121],[14,-28],[-50,-19],[-10,-41],[-31,-38],[-65,-11],[-23,-42],[-57,-20],[-48,5]],[[1566,2262],[41,21],[24,59],[115,30],[-9,35],[188,33],[39,13]],[[1964,2453],[93,-19],[67,-67]],[[2051,2908],[48,-34],[6,-29],[-27,-73],[-47,-46],[5,-66],[-32,-23],[-76,22],[-21,-58],[35,-68],[22,-80]],[[802,631],[-36,-2],[-54,-45],[-72,17],[-35,60]],[[605,661],[7,43],[-21,60],[-46,-2],[-39,61],[-7,41],[-84,71],[-25,59],[-71,244],[-48,-32],[-1,105]],[[270,1311],[52,-6],[78,25],[12,-73],[27,-37],[6,-71],[53,26],[52,-28],[65,-15],[-5,-32],[63,-39]],[[1074,2150],[-29,17],[-205,6],[-52,-51],[-26,-73],[22,-49],[-53,-10],[-121,43],[-23,101],[-58,110],[-34,-31],[-110,54],[-24,24],[-38,-32],[-41,27],[-46,1]],[[236,2287],[-9,65],[-36,117],[5,37],[46,21],[25,65],[-18,61],[31,16],[67,-1],[102,89],[21,39],[-8,104],[31,47],[5,82],[-73,139],[-40,134],[8,20],[78,20],[66,5]],[[1890,5080],[-39,-97],[-12,-67],[-35,-17],[-109,-3],[-76,-23],[28,-118],[54,-49],[264,-225],[-104,-42],[-89,-104],[-27,-12],[-143,-8],[-93,-34],[-146,-29],[-60,4],[-57,-15],[9,-93],[72,-75],[98,-9]],[[404,4058],[-9,37],[-65,147],[22,87],[-18,110],[40,46],[-78,169],[72,97],[-12,84],[41,34],[130,176],[102,59],[84,20],[236,-48],[14,6],[61,109],[-16,138],[-158,84],[231,311]],[[1081,5724],[126,-67],[60,-72],[52,-27],[23,-44],[47,-16],[14,-50],[116,-100],[116,-70],[33,-53],[60,-5],[162,-140]],[[3512,5696],[-106,57],[-386,86],[-138,-36],[-66,-45],[-86,24],[-7,28],[-137,66],[-41,39],[-46,1],[-68,30],[-65,51],[-129,44],[-103,58],[-198,146],[-129,41],[-213,118],[-130,46]],[[1464,6450],[-16,80],[81,64],[124,168],[126,97],[8,86],[-104,131],[24,50],[95,28],[42,53],[67,154],[138,77],[34,37],[192,-79],[91,111],[8,23],[-18,116],[7,72],[94,32],[70,-43],[132,3],[299,-91],[106,75],[-96,37],[92,69],[41,85],[-5,62],[-80,66],[174,8],[104,-41],[-9,-42],[55,-15],[132,-107],[153,-69],[51,-53],[77,-1],[102,-30],[149,-74],[35,-48],[-2,-46],[61,-6],[17,-45],[93,-70],[-54,-29],[-5,-85],[24,-88],[-42,-59],[112,-39],[-10,-76],[-37,-12],[-14,-68],[47,-80],[32,-25],[62,-95],[-37,-36],[-4,-110],[-80,-75],[28,-134],[55,-26],[44,-66],[12,-59],[36,-63],[-69,-30],[-103,8],[-64,15],[-125,-59],[-84,46],[-89,-6],[-55,40],[-27,-16],[11,-44],[-34,-41],[25,-52],[-145,-60],[44,-20],[-34,-37],[-147,-6],[44,-40],[15,-43],[-43,-13],[27,-48],[-12,-47]],[[2752,4753],[-16,-68],[-38,-14],[-40,-82],[-41,20],[-53,-32],[-48,12],[-48,-90],[18,-20],[-20,-76],[-44,-12],[-64,-40],[-29,47],[-57,-22],[40,-62],[-10,-30],[27,-34],[-65,-58],[-56,-1],[-48,-30],[-38,52],[-32,-22],[6,-84],[63,-62],[-17,-60]],[[1890,5080],[52,-33],[278,-41],[212,54],[53,-77],[146,-47],[84,-104],[37,-79]],[[3512,5696],[-39,-7],[-30,-56],[-41,-2],[-25,-71],[-46,-9],[90,-71],[-22,-45],[50,-11],[32,-68],[38,-12],[-49,-56],[-165,-130],[-23,-97],[-70,-108],[-62,13],[-63,-48],[-25,-52],[-63,7],[-101,-81],[-58,-2],[-88,-37]],[[1081,5724],[23,82],[38,37],[-1,85],[16,139],[28,83],[-34,165],[172,17],[143,71],[-2,47]],[[2573,1461],[71,43],[31,-51],[-43,-24],[-6,-32],[-45,2],[-14,-62],[8,-105],[41,-5],[-82,-84],[5,-39],[-84,-44],[-29,-42],[5,-54],[-52,-45],[8,129],[-43,73],[27,70],[-23,64],[17,53],[54,55],[47,77],[49,19],[16,39],[33,2],[9,-39]],[[2721,1549],[-31,-81],[-32,32],[17,36],[46,13]],[[2124,2367],[49,103],[-1,63],[61,14],[80,34],[128,77],[28,102],[27,38]],[[2496,2798],[33,16],[56,-40],[35,-85],[50,-23],[-12,-99],[-85,-15],[-32,-56],[-103,-76],[-99,-22],[-10,-25],[40,-41],[48,29],[101,-39],[-103,-9],[24,-86],[-114,-51],[-32,-85],[-67,6],[4,66],[-43,-11],[-15,-31]],[[2102,3092],[66,15],[21,-78],[94,50],[17,-48],[44,-32],[45,-80],[72,8],[-16,-79],[51,-50]],[[1662,580],[-9,-47],[-55,-89],[-101,61],[-84,-32],[-56,9],[-144,-1],[-14,-11],[28,-69],[-49,-12],[-23,26]],[[1155,415],[11,59],[-15,50],[-31,14],[-12,49],[43,77]],[[211,1589],[0,-32],[-48,-40],[-22,11],[-7,54],[77,7]],[[229,1699],[4,-70],[-32,-16],[-101,19],[41,48],[88,19]],[[270,1311],[-23,59],[-47,22],[16,37],[-20,57],[37,91],[12,88],[15,10],[-53,72],[-63,-52],[-30,61],[-65,14],[-17,20],[30,41],[-4,59],[-34,97],[18,37],[-14,64],[-28,26],[28,74],[43,11],[76,-126],[39,21],[50,193]],[[1155,415],[-19,-7],[-76,-86],[-20,-44],[-5,-55],[55,-95],[1,-24],[-61,-78],[-49,4],[-35,21],[-101,-8],[-83,-43],[-34,0],[-101,34],[-16,103],[44,56],[-47,44],[1,49],[-35,31],[-23,64],[-50,75],[-33,89],[67,-32],[37,9],[-27,73],[-38,34],[31,28],[40,-14],[27,18]]],"objects":{"SWE.geo":{"type":"GeometryCollection","geometries":[{"arcs":[[0,1,2,3,4,5]],"type":"Polygon","properties":{"name":"Gävleborg","postal":"GV"},"id":"SWE"},{"arcs":[[6,7,8,9,10]],"type":"Polygon","properties":{"name":"Jönköping","postal":"JO"},"id":"SWE"},{"arcs":[[[11]],[[12,13,14,-7,15]]],"type":"MultiPolygon","properties":{"name":"Kalmar","postal":"KA"},"id":"SWE"},{"arcs":[[-4,16,17,18,19,20]],"type":"Polygon","properties":{"name":"Dalarna","postal":"KO"},"id":"SWE"},{"arcs":[[-15,21,22,23,-8]],"type":"Polygon","properties":{"name":"Kronoberg","postal":"KR"},"id":"SWE"},{"arcs":[[24,25,26,27,28,-18]],"type":"Polygon","properties":{"name":"Orebro","postal":"OR"},"id":"SWE"},{"arcs":[[29,-16,-11,30,-27,31]],"type":"Polygon","properties":{"name":"Östergötland","postal":"OG"},