{"type":"Topology","transform":{"scale":[0.002646397717439911,0.0020593521314753636],"translate":[35.7373736332493,32.316550343226815]},"arcs":[[[40,489],[25,-91],[-15,-14],[3,-56],[17,-12],[-29,-64]],[[41,252],[-29,-42]],[[12,210],[25,38],[20,57],[-11,22],[-21,125],[7,77],[18,12]],[[50,541],[-10,-52]],[[158,1702],[38,-32]],[[196,1670],[-20,-36],[7,-23],[-8,-101],[20,-99]],[[195,1411],[-86,-1],[-36,20]],[[73,1430],[-8,80],[-65,66],[38,87],[-10,46],[41,38],[89,-45]],[[195,1411],[4,-73],[-13,-23],[32,-60]],[[218,1255],[-48,-64],[-28,-68]],[[142,1123],[-54,10],[-39,133],[13,48],[-5,42],[28,43],[-12,31]],[[1400,2125],[31,-61],[39,-3],[59,-29],[8,-18]],[[1537,2014],[-62,-291],[10,-52],[-161,-247]],[[1324,1424],[-211,60],[-110,9],[-34,-4]],[[969,1489],[-25,26]],[[944,1515],[-73,81],[-6,36],[20,72],[29,39],[7,33],[-34,39],[-9,42],[26,46],[25,13],[87,14],[63,45],[22,40],[8,77],[-14,58]],[[1095,2150],[34,-24],[116,3],[58,-20],[97,16]],[[944,1515],[-161,-1],[-56,14],[-32,23],[-84,-4],[-52,24]],[[559,1571],[-47,38],[-14,41],[14,28],[-32,21],[-45,75],[-3,30],[-58,46],[42,58],[-26,41],[-46,-12]],[[344,1937],[-23,9],[-20,82],[26,123],[22,39],[100,-28],[32,-24],[2,-37],[86,8],[77,-12],[78,47],[63,14],[71,32],[69,38],[38,-1],[90,-34],[40,-43]],[[969,1489],[-1,-63],[-25,-81],[-68,-41],[-25,-50],[-50,53],[-13,38],[-31,16],[-64,-18],[-24,-18],[0,-35],[-37,7],[-111,-29],[-53,-33],[-38,57],[-85,-31],[-35,-6],[-23,25],[-28,-49],[-40,24]],[[196,1670],[60,-28],[-8,-96],[12,-31],[104,-23],[45,14],[30,-28],[44,17],[-2,-35],[78,111]],[[1324,1424],[50,-49],[24,-53],[3,-50],[275,-419]],[[1676,853],[-194,-125],[-334,-216],[-174,-116]],[[974,396],[-154,132],[-52,27],[-46,33],[-38,72],[-86,83],[-34,51],[-61,28],[-73,104],[-31,-10],[-72,-1]],[[327,915],[-9,42],[-21,29],[3,33],[-56,67],[-22,61],[-24,-25],[-56,1]],[[158,1702],[16,63],[53,18],[8,94],[53,22],[62,1],[-6,37]],[[2105,1571],[-117,8],[-84,28],[-284,289],[-47,50],[-36,68]],[[1400,2125],[122,24],[160,69],[77,53],[50,16],[70,36],[71,11],[115,-28],[105,5],[200,48],[64,64],[48,-20],[27,-99],[-36,-33],[-166,-182],[-20,-14],[-142,-30],[-18,-17],[-37,-80],[-10,-138],[38,-90],[8,-99],[-21,-50]],[[2105,1571],[-18,-28],[-6,-62],[-20,-90],[6,-176],[-5,-24],[-78,-165],[-20,-21],[-92,-27],[-196,-125]],[[664,181],[-255,-181],[-115,20]],[[294,20],[3,63],[-11,38],[-35,5],[7,54],[-22,5],[1,64],[-9,56],[55,57],[-6,42],[38,22]],[[315,426],[96,15],[24,-19],[36,-59],[45,-16],[11,-27],[47,-14],[10,-41],[80,-84]],[[974,396],[-310,-215]],[[315,426],[-26,49],[-60,-43],[-42,40],[-7,-30],[-81,-23],[-14,12]],[[85,431],[-31,26],[-14,32]],[[50,541],[24,47],[33,12],[-3,27],[-34,16],[9,29],[39,56],[99,27],[-17,19],[47,65],[37,21],[43,55]],[[85,431],[7,-38],[-13,-49],[-4,-58],[-34,-34]],[[294,20],[-54,14],[-74,68],[-40,-5],[-40,67],[-26,29],[-48,17]]],"objects":{"SYR.geo":{"type":"GeometryCollection","geometries":[{"arcs":[[0,1,2,3]],"type":"Polygon","properties":{"name":"UNDOF","postal":null},"id":"SYR"},{"arcs":[[4,5,6,7]],"type":"Polygon","properties":{"name":"Lattakia (Al Ladhiqiyah)","postal":"LA"},"id":"SYR"},{"arcs":[[8,9,10,-7]],"type":"Polygon","properties":{"name":"Tartus","postal":"TA"},"id":"SYR"},{"arcs":[[11,12,13,14,15,16]],"type":"Polygon","properties":{"name":"Ar Raqqah","postal":"RA"},"id":"SYR"},{"arcs":[[-16,17,18,19]],"type":"Polygon","properties":{"name":"Aleppo (Halab)","postal":"HL"},"id":"SYR"},{"arcs":[[-18,-15,20,-9,-6,21]],"type":"Polygon","properties":{"name":"Hamah","postal":"HM"},"id":"SYR"},{"arcs":[[22,23,24,25,-10,-21,-14]],"type":"Polygon","properties":{"name":"Homs (Hims)","postal":"HI"},"id":"SYR"},{"arcs":[[-22,-5,26,-19]],"type":"Polygon","properties":{"name":"Idlib","postal":"ID"},"id":"SYR"},{"arcs":[[27,-12,28]],"type":"Polygon","properties":{"name":"Hasaka (Al Haksa)","postal":"HA"},"id":"SYR"},{"arcs":[[29,-23,-13,-28]],"type":"Polygon","properties":{"name":"Dayr Az Zawr","postal":"DY"},"id":"SYR"},{"arcs":[[30,31,32]],"type":"Polygon","properties":{"name":"As Suwayda'","postal":"SU"},"id":"SYR"},{"arcs":[[33,-33,34,35,-4,36,-25]],"type":"Polygon","properties":{"name":"Damascus","postal":"DI"},"id":"SYR"},{"arcs":[[37,-1,-36]],"type":"Polygon","properties":{"name":"Quneitra","postal":"QU"},"id":"SYR"},{"arcs":[[-32,38,-2,-38,-35]],"type":"Polygon","properties":{"name":"Dar`a","postal":"DR"},"id":"SYR"}]}}}