{"type":"Topology","transform":{"scale":[0.003959121599158797,0.0038904733730510204],"translate":[13.44918379709452,7.458764861797767]},"arcs":[[[2443,2120],[-37,30],[-105,-4],[-22,26],[-56,8],[-17,15],[-66,-14],[-42,14],[-117,-28],[-48,25],[-68,-48],[-67,-29],[-68,-5],[-75,30]],[[1655,2140],[-113,26],[-33,21],[-12,41],[-41,12],[-2,-60],[-19,-54],[-49,-54],[-87,-33],[-81,10],[-70,48]],[[1148,2097],[-38,45],[-600,286]],[[510,2428],[22,244],[23,270],[22,257],[58,106],[-8,21],[-98,103],[17,39],[-78,116],[-31,27],[-2,125],[-48,258],[254,115],[178,-90],[375,-188],[218,-110],[219,-110],[218,-109],[281,-141],[156,-79],[218,-110],[156,-78],[0,-299],[1,-178],[0,-239],[0,-254],[-99,7],[-50,-16],[-69,5]],[[615,1473],[29,-36],[63,1],[160,23],[63,0]],[[930,1461],[-48,-60],[25,-20],[21,-53],[34,-28],[8,-41],[30,-43],[38,-9]],[[1038,1207],[-9,-61],[26,-52],[-23,-322]],[[1032,772],[-27,-177]],[[1005,595],[-49,14],[-25,22],[-48,6],[-76,38],[-21,43],[-30,-15],[-56,1]],[[700,704],[-24,30],[3,108],[-34,14],[-65,6],[-50,29],[-29,49],[-51,18],[-51,-27]],[[399,931],[12,96],[15,20],[-17,38],[11,26],[-18,31],[0,40],[-35,23],[2,46],[-20,75],[-71,39],[-10,54],[43,6]],[[311,1425],[84,0],[-2,66],[43,-14],[11,40],[35,12],[21,-23],[76,-35],[36,2]],[[1148,2097],[-112,-462],[-76,-24],[-13,-58],[1,-59],[-18,-33]],[[615,1473],[4,85],[-15,63],[-159,-4],[-105,-20],[-38,61],[-42,50],[-31,8],[-53,46],[-18,28],[-118,25]],[[40,1815],[10,33],[30,18],[-1,38],[18,39],[135,188],[124,130],[154,167]],[[311,1425],[13,20],[-20,35],[-29,10],[-41,-16],[-6,-29],[-73,-1],[-115,161],[-40,174],[8,27],[32,9]],[[1655,2140],[0,-419]],[[1655,1721],[0,-37],[60,-32],[-2,-56],[13,-27],[5,-114],[-14,-21],[-65,-13],[37,-33],[-20,-46],[8,-16],[-44,-54],[-24,-82]],[[1609,1190],[-109,18]],[[1500,1208],[-29,85],[35,41],[-6,22],[-62,13],[-15,-9],[-164,4],[-90,-50],[-26,-24],[-38,-5],[-66,-57],[-1,-21]],[[2443,2120],[-49,-37],[10,-87],[-16,-29],[-42,-34],[-22,-42],[4,-34],[-51,-14],[-12,-85],[29,-20],[0,-25],[-89,-52]],[[2205,1661],[-34,20],[-86,29],[-71,11],[-48,-16],[-69,29],[-29,39],[-72,29],[-61,-5],[-80,-76]],[[1500,1208],[-43,-41],[17,-40],[-24,-44],[-35,-14],[-12,23],[-35,-7],[-2,-85],[69,-42],[68,-32],[59,-18],[8,-29],[-2,-67]],[[1568,812],[-31,-31],[-43,-11],[-51,-82],[-31,-28],[-59,-7],[-10,-27],[-40,28],[-41,47],[-80,41],[-51,11],[-25,22],[-74,-3]],[[2205,1661],[-26,-38],[30,-50],[21,-52],[-39,-50],[-48,-32],[-31,-68],[23,-35],[40,-5],[37,27],[60,-34],[-18,-37],[28,-74],[0,-34],[27,-15],[-14,-79],[23,-44],[39,-28],[34,-1],[10,-48],[-24,-75],[-101,21],[-24,-12]],[[2252,898],[-71,165],[-66,27],[-199,-37],[-1,24],[-129,64],[-63,43],[-114,6]],[[754,429],[41,-64],[-21,-32],[-38,-27],[-55,-13],[-64,-41],[-18,-31],[-64,-15],[-24,24],[-50,24]],[[461,254],[8,58],[40,91]],[[509,403],[17,-9],[75,10],[52,23],[27,-8],[58,38],[16,-28]],[[923,414],[4,-73],[-20,-45],[53,-82],[-40,-44],[36,-80]],[[956,90],[-33,-34],[-46,-8],[-39,-25],[-36,31],[-19,52],[-36,-19],[-9,-32],[-87,-25],[-59,-30],[-62,44],[4,42],[-31,12],[-24,76],[-34,73]],[[445,247],[16,7]],[[754,429],[34,2],[88,-26],[47,9]],[[700,704],[4,-45],[-20,-43],[-46,-44],[-37,15],[-38,-63],[-61,-80],[7,-41]],[[445,247],[-45,61],[-60,40],[-112,91],[-8,20],[-72,84],[-22,17],[57,87],[67,5],[84,-19],[112,16],[57,-14],[61,16],[-37,23],[-59,59],[-60,124],[-9,74]],[[1005,595],[33,-28],[-91,-27],[1,-47],[-33,-26],[27,-33],[-19,-20]],[[1637,412],[-142,-16],[-27,8],[-60,-11],[-39,-32],[64,-48],[-84,-108],[-30,-13],[-21,-41],[-131,-7],[-43,-13],[-56,4],[-112,-45]],[[1568,812],[-13,-66],[9,-35],[-16,-41],[18,-35],[71,-223]],[[2252,898],[-48,-35],[-32,5],[-11,-24],[-71,-27],[7,-58],[-24,-46],[-43,-18],[-28,-49],[-26,4],[-35,-36],[-78,-110],[-71,-25],[-8,-25],[-38,-28],[-74,6],[-35,-20]]],"objects":{"TCD.geo":{"type":"GeometryCollection","geometries":[{"arcs":[[0,1,2,3]],"type":"Polygon","properties":{"name":"Bet","postal":"BT"},"id":"TCD"},{"arcs":[[4,5,6,7,8,9,10,11]],"type":"Polygon","properties":{"name":"Hadjer-Lamis","postal":"HD"},"id":"TCD"},{"arcs":[[12,-5,13,14,-3]],"type":"Polygon","properties":{"name":"Kanem","postal":"KA"},"id":"TCD"},{"arcs":[[-12,15,-14]],"type":"Polygon","properties":{"name":"Lac","postal":"LC"},"id":"TCD"},{"arcs":[[16,17,18,19,-6,-13,-2]],"type":"Polygon","properties":{"name":"Batha","postal":"BA"},"id":"TCD"},{"arcs":[[20,21,-17,-1]],"type":"Polygon","properties":{"name":"Wadi Fira","postal":"BI"},"id":"TCD"},{"arcs":[[22,23,-7,-20]],"type":"Polygon","properties":{"name":"Guéra","postal":"GR"},"id":"TCD"},{"arcs":[[24,25,-18,-22]],"type":"Polygon","properties":{"name":"Ouaddaï","postal":"OD"},"id":"TCD"},{"arcs":[[26,27,28]],"type":"Polygon","properties":{"name":"Logone Occidental","postal":"LO"},"id":"TCD"},{"arcs":[[29,30,31,-27,32]],"type":"Polygon","properties":{"name":"Logone Oriental","postal":"LR"},"id":"TCD"},{"arcs":[[33,-28,-32,34,-10]],"type":"Polygon","properties":{"name":"Mayo-Kebbi Est","postal":"ME"},"id":"TCD"},{"arcs":[[35,-33,-29,-34,-9]],"type":"Polygon","properties":{"name":"Tandjilé","postal":"TA"},"id":"TCD"},{"arcs":[[36,-30,-36,-8,-24,37]],"type":"Polygon","properties":{"name":"Mandoul","postal":"MA"},"id":"TCD"},{"arcs":[[-26,38,-38,-23,-19]],"type":"Polygon","properties":{"name":"Salamat","postal":"SA"},"id":"TCD"}]}}}