{"type":"Topology","transform":{"scale":[0.0025849990521986887,0.0022794028119723798],"translate":[7.479832397746918,30.22890533561275]},"arcs":[[[460,1694],[-52,-77],[-238,-182],[-82,-39]],[[88,1396],[-60,109],[-28,103],[15,88],[44,46],[55,27],[22,67],[105,54]],[[241,1890],[-1,-43],[-27,-54],[56,-51],[45,-11],[26,-36],[120,-1]],[[1105,2923],[-131,-52],[22,-37]],[[996,2834],[-32,-23]],[[964,2811],[-45,-29]],[[919,2782],[-39,67],[-78,47]],[[802,2896],[99,56],[68,-10],[49,77],[41,8]],[[1059,3027],[-17,-23],[18,-44],[45,-37]],[[919,2782],[-48,-56]],[[871,2726],[-62,-16],[-70,15],[-28,-37],[-78,7],[-40,34]],[[593,2729],[24,41],[-21,88],[-42,18],[25,36],[-31,67]],[[548,2979],[71,65]],[[619,3044],[-2,-40],[46,-23],[23,-50],[43,-25],[24,-52],[49,42]],[[1136,2852],[-24,-57],[-5,-57]],[[1107,2738],[-31,-10],[-59,54],[-53,29]],[[996,2834],[71,23],[6,22]],[[1073,2879],[63,-27]],[[619,3044],[51,29],[51,1],[81,32],[74,16],[45,-32],[-34,-26],[42,-28],[66,52],[73,-42],[-9,-19]],[[593,2729],[-37,-5]],[[556,2724],[-126,-15],[-91,-21]],[[339,2688],[-3,41],[-69,34],[92,51],[14,67],[70,13],[-9,50],[77,15],[37,20]],[[1180,2686],[-64,6]],[[1116,2692],[-9,46]],[[1136,2852],[47,19],[11,40],[65,14],[108,83],[40,-108],[-37,-22],[-86,-148],[-104,-44]],[[1105,2923],[-32,-44]],[[589,2402],[-117,35],[-38,-59],[-47,10],[-59,-22]],[[328,2366],[-33,90],[29,140],[-4,43],[19,49]],[[556,2724],[43,-129],[44,-35],[-2,-38],[-44,-67],[-8,-53]],[[589,2402],[31,-40],[85,-41],[10,-17]],[[715,2304],[-70,-101],[45,-25],[3,-62],[-61,-21],[-24,-60],[-95,-51]],[[513,1984],[-79,-30],[-12,-20],[-121,46]],[[301,1980],[-3,70],[25,88],[45,61],[-44,21],[-11,50],[19,46],[-4,50]],[[864,1763],[50,-12],[34,-27],[31,6]],[[979,1730],[15,-83],[44,-64],[65,-59],[50,-22]],[[1153,1502],[-72,-95],[-83,-47],[-123,-16]],[[875,1344],[-72,84],[13,38],[-24,30],[-58,36],[-31,54],[-15,71],[36,56],[-32,31]],[[692,1744],[82,7],[30,14]],[[804,1765],[60,-2]],[[692,1744],[-65,-5],[-38,-38],[-43,5],[-86,-12]],[[241,1890],[52,49],[8,41]],[[513,1984],[62,-24],[109,-20],[12,-44],[110,-79],[-2,-52]],[[764,2307],[7,-53],[91,-75],[110,-22],[23,-58]],[[995,2099],[-87,-159],[5,-24],[81,-22],[-5,-32],[-123,-67],[-2,-32]],[[715,2304],[49,3]],[[1368,2134],[-38,-60],[-1,-36],[-123,-145],[-64,-21],[-21,-32],[-97,-43],[-45,-67]],[[995,2099],[68,59]],[[1063,2158],[75,-17],[43,19],[35,39],[152,-65]],[[871,2726],[-21,-61],[-37,-19],[57,-37],[0,-48]],[[870,2561],[-93,-73],[6,-71],[-88,-18],[69,-92]],[[1207,2313],[93,-18],[67,45]],[[1367,2340],[17,-33],[-6,-67],[27,-57],[-37,-49]],[[1063,2158],[-21,93],[51,95]],[[1093,2346],[20,-37],[70,-32],[24,36]],[[1207,2313],[35,126]],[[1242,2439],[58,-10],[0,-29],[51,-20],[16,-40]],[[870,2561],[68,1],[53,-26],[10,27],[54,27]],[[1055,2590],[18,-55],[-35,-82],[55,-107]],[[1180,2686],[-20,-59],[0,-60],[50,-98],[32,-30]],[[1055,2590],[56,46],[5,56]],[[1432,892],[26,45],[52,32],[-5,25],[-102,80],[11,103],[-52,66],[-107,48],[-33,39],[-50,-3],[-167,-69],[-65,-9]],[[940,1249],[1,58],[-66,37]],[[1153,1502],[99,24],[0,-98],[75,24],[26,46],[51,-41],[-7,-42],[31,-54],[3,-53],[126,-13],[-19,-122],[-2,-116],[44,-76],[-46,-42],[-102,-47]],[[1335,1609],[50,-42],[-64,-62],[-60,25],[-1,74],[75,5]],[[940,1249],[30,-44],[-24,-73],[-5,-59],[-63,53],[-50,-2],[-37,-24],[-461,-92]],[[330,1008],[-19,136],[-76,113],[-83,39],[-47,11],[-17,89]],[[1432,892],[-119,-55],[-26,-46],[-48,-33],[-30,-1],[-8,-50],[-27,-37],[-97,-33],[-57,-82],[-3,-36],[53,-147],[9,-71],[-30,-81],[-35,-39],[-89,-126],[-49,-10],[-87,-45],[-121,531],[-62,277],[-10,15],[-266,185]]],"objects":{"TUN.geo":{"type":"GeometryCollection","geometries":[{"arcs":[[0,1,2]],"type":"Polygon","properties":{"name":"Tozeur","postal":"TO"},"id":"TUN"},{"arcs":[[3,4,5,6,7,8]],"type":"Polygon","properties":{"name":"Manubah","postal":"MN"},"id":"TUN"},{"arcs":[[-7,9,10,11,12,13]],"type":"Polygon","properties":{"name":"Béja","postal":"BJ"},"id":"TUN"},{"arcs":[[14,15,-5,16,17]],"type":"Polygon","properties":{"name":"Ben Arous (Tunis Sud)","postal":"BA"},"id":"TUN"},{"arcs":[[-8,-14,18]],"type":"Polygon","properties":{"name":"Bizerte","postal":"BZ"},"id":"TUN"},{"arcs":[[19,20,21,-12]],"type":"Polygon","properties":{"name":"Jendouba","postal":"JE"},"id":"TUN"},{"arcs":[[22,23,-15,24]],"type":"Polygon","properties":{"name":"Nabeul","postal":"NB"},"id":"TUN"},{"arcs":[[-17,-4,25]],"type":"Polygon","properties":{"name":"Tunis","postal":"TU"},"id":"TUN"},{"arcs":[[26,27,-21,28]],"type":"Polygon","properties":{"name":"Le Kef","postal":"KF"},"id":"TUN"},{"arcs":[[29,30,31,32,-27]],"type":"Polygon","properties":{"name":"Kassérine","postal":"KS"},"id":"TUN"},{"arcs":[[33,34,35,36,37,38]],"type":"Polygon","properties":{"name":"Gabès","postal":"GB"},"id":"TUN"},{"arcs":[[-38,39,-3,40,-32,41]],"type":"Polygon","properties":{"name":"Gafsa","postal":"GF"},"id":"TUN"},{"arcs":[[42,43,-39,-42,-31,44]],"type":"Polygon","properties":{"name":"Sidi Bou Zid","postal":"SZ"},"id":"TUN"},{"arcs":[[45,-34,-44,46,47]],"type":"Polygon","properties":{"name":"Sfax","postal":"SF"},"id":"TUN"},{"arcs":[[-11,48,49,-45,-30,-29,-20]],"type":"Polygon","properties":{"name":"Siliana","postal":"SL"},"id":"TUN"},{"arcs":[[50,51,-48,52,53]],"type":"Polygon","properties":{"name":"Mahdia","postal":"MH"},"id":"TUN"},{"arcs":[[-51,54,55]],"type":"Polygon","properties":{"name":"Monastir","postal":"MS"},"id":"TUN"},{"arcs":[[-53,-47,-43,-50,56,57]],"type":"Polygon","properties":{"name":"Kairouan","postal":"KR"},"id":"TUN"},{"arcs":[[58,-55,-54,-58,59,-23]],"type":"Polygon","properties":{"name":"Sousse","postal":"SS"},"id":"TUN"},{"arcs":[[-16,-24,-60,-57,-49,-10,-6]],"type":"Polygon","properties":{"name":"Zaghouan","postal":"ZA"},"id":"TUN"},{"arcs":[[[60,61,-36,62]],[[63]]],"type":"MultiPolygon","properties":{"name":"Médenine","postal":"ME"},"id":"TUN"},{"arcs":[[-62,64,65,-1,-40,-37]],"type":"Polygon","properties":{"name":"Kebili","postal":"KB"},"id":"TUN"},{"arcs":[[66,-65,-61]],"type":"Polygon","properties":{"name":"Tataouine","postal":"TA"},"id":"TUN"}]}}}