{"type":"Topology","transform":{"scale":[0.0038201993812129534,0.0024995541859204307],"translate":[25.96384598606971,35.81977854564337]},"arcs":[[[716,914],[21,-30],[-2,-74],[33,-54],[-75,-93]],[[693,663],[-89,40],[-34,-44],[-97,4],[-59,31],[-37,-57]],[[377,637],[-41,-30],[-10,104],[14,117]],[[340,828],[84,38],[64,-6],[111,20],[81,35]],[[680,915],[36,-1]],[[381,1424],[31,-135],[-55,-47],[-26,-76],[40,-63],[47,-2],[57,-59],[83,-12],[18,-34],[74,-8],[30,-73]],[[340,828],[-6,39],[-76,32],[-22,-11],[-28,71],[-40,-44],[-89,72],[55,32],[-33,102],[36,17],[73,-120],[51,31],[-55,70],[-9,42],[85,68],[-61,23],[17,46],[-25,42]],[[213,1340],[71,73],[63,45],[34,-34]],[[587,1832],[-28,-41],[3,-57],[44,-103],[70,-61],[33,8],[28,-58],[49,-12]],[[786,1508],[-41,-119],[-39,-54]],[[706,1335],[-140,-37],[-67,112],[-118,14]],[[213,1340],[-18,67],[57,60],[-8,39],[-60,-13]],[[184,1493],[8,63],[85,34],[66,-9],[43,29],[35,189]],[[421,1799],[166,33]],[[184,1493],[-134,-37],[-1,190],[53,47],[94,136],[73,-1],[28,25],[54,3],[9,-36],[61,-21]],[[262,1897],[-74,-42],[-80,-121],[-41,71],[160,108],[-13,23]],[[214,1936],[2,27]],[[216,1963],[38,-5],[8,-61]],[[229,2463],[18,-124],[-34,-116],[9,-18]],[[222,2205],[5,-64],[-30,-94],[19,-84]],[[214,1936],[-125,-23],[-59,4],[15,62],[58,79],[-7,116],[80,50],[-11,88],[-68,46],[50,44],[26,58],[56,3]],[[586,2288],[-12,-19]],[[574,2269],[-146,-29],[-53,-62],[-41,40],[-112,-13]],[[229,2463],[48,39],[81,-7],[53,-59],[72,34],[54,-8],[-11,-60],[60,-114]],[[579,2105],[-61,-44],[-53,16],[-57,-9],[-26,-63],[-64,-80],[-56,-28]],[[574,2269],[9,-54],[-4,-110]],[[1220,1805],[30,-65]],[[1250,1740],[-48,-22],[-30,-71],[-51,-35],[-29,-84]],[[1092,1528],[-50,-13],[-64,47],[-6,73]],[[972,1635],[11,112],[29,42],[-1,65],[30,32]],[[1041,1886],[37,-57],[90,1],[52,-25]],[[1037,1903],[4,-17]],[[972,1635],[-73,-4],[-40,-127],[-73,4]],[[587,1832],[148,1],[38,28],[-1,51]],[[772,1912],[27,-15],[106,1]],[[905,1898],[96,20],[36,-15]],[[1020,2133],[-3,-49],[-70,-41],[-34,33],[-52,-53]],[[861,2023],[-59,42],[27,92],[26,12],[165,-36]],[[586,2288],[47,-36],[138,-73],[52,-12],[-15,-62],[-40,-39],[-71,-6],[-118,45]],[[907,1949],[-2,-51]],[[772,1912],[19,18],[116,19]],[[1169,2141],[8,-94],[-51,-32],[-21,-84],[-68,-28]],[[907,1949],[0,34],[-46,40]],[[1020,2133],[73,-3],[35,27],[41,-16]],[[1307,2105],[-23,-64],[12,-66],[-24,-64],[-35,-9],[-17,-97]],[[1169,2141],[138,-36]],[[1654,2074],[55,-54],[4,-65]],[[1713,1955],[-8,-67],[-43,-49],[-36,6],[-92,-37],[-67,-12],[-83,15],[-47,26],[-17,-68],[-38,-40]],[[1282,1729],[-32,11]],[[1307,2105],[102,28]],[[1409,2133],[55,-37],[190,-22]],[[1282,1729],[16,-49],[85,16],[126,-26],[44,-149],[25,-50],[13,-89],[-47,-41]],[[1544,1341],[-43,-32]],[[1501,1309],[-64,0],[-51,76],[-77,-51],[-25,23],[-65,-50],[-47,48]],[[1172,1355],[-41,121],[-39,52]],[[2160,2457],[-20,-78],[103,-21],[-16,-161]],[[2227,2197],[-69,-109],[13,-48],[-60,-23]],[[2111,2017],[-64,45],[2,48],[-100,-54],[-126,78]],[[1823,2134],[-2,56],[25,35],[-14,59],[-38,19],[-35,105]],[[1759,2408],[63,17],[105,55],[233,-23]],[[1405,641],[33,-32],[94,-17],[133,-137],[26,-50],[8,-64]],[[1699,341],[52,-94]],[[1751,247],[-1,-67],[-20,-70]],[[1730,110],[-54,33],[-89,146],[-162,89],[-18,18],[-171,33],[-30,-44],[0,-102],[-34,-115],[-49,27],[-37,-27],[-116,-38],[-18,25],[-64,11],[-25,24]],[[863,190],[27,67],[30,8],[55,173]],[[975,438],[38,49],[19,54],[102,53],[38,-29],[90,1],[39,58]],[[1301,624],[24,-11],[80,28]],[[1501,1309],[5,-66],[-32,-104],[-43,-61],[-46,-37]],[[1385,1041],[-41,37],[-83,-95],[-66,-34],[-83,-92],[-12,-61],[-40,-13]],[[1060,783],[-44,-7]],[[1016,776],[-47,38],[0,40],[91,85],[3,37],[-35,66],[-36,10]],[[992,1052],[35,103]],[[1027,1155],[55,39],[41,111],[49,50]],[[975,438],[-22,38],[-56,24]],[[897,500],[6,42],[45,94],[-12,67],[80,73]],[[1060,783],[29,-24],[56,52],[46,-55],[50,-16],[16,-51],[44,-65]],[[897,500],[-31,-63],[-48,26],[-7,50],[-66,53],[-52,97]],[[716,914],[61,60]],[[777,974],[75,-16],[107,38],[33,56]],[[1385,1041],[7,-29],[89,-98],[-46,-41],[1,-88],[-32,-57],[1,-87]],[[1027,1155],[-12,58],[-71,5],[-11,-40],[-130,-14]],[[803,1164],[-11,88],[-21,44],[-65,39]],[[803,1164],[-30,-30],[4,-160]],[[863,190],[-39,38],[1,98],[-51,43],[-30,-35],[-108,54],[-61,-47],[-34,48],[16,92],[-159,-12],[35,113],[-58,19],[2,36]],[[3443,949],[19,-60]],[[3462,889],[-55,-54],[-29,-102],[-58,-11],[-34,-45],[-125,-26]],[[3161,651],[-51,35],[-57,-6]],[[3053,680],[-44,28],[-10,42],[38,50]],[[3037,800],[147,34],[23,54],[57,70],[36,-35],[61,-15],[82,41]],[[3753,1063],[-87,-3],[-48,-27],[-96,-25],[-79,2]],[[3443,1010],[-33,-7],[-47,45],[-90,16],[-31,46],[35,63],[40,12],[-12,84],[26,13]],[[3331,1282],[15,6]],[[3346,1288],[17,-65],[49,8],[60,-16],[65,-37],[99,53],[6,65],[36,15]],[[3678,1311],[91,53],[-15,-125],[20,-37],[-39,-77],[18,-62]],[[2963,1114],[-15,-31],[133,-72],[13,-27],[-57,-184]],[[3053,680],[-2,-42],[-127,-42],[-51,13],[-57,-28]],[[2816,581],[-45,47],[-64,-16],[-22,63],[36,90],[-9,60],[24,135],[23,41]],[[2759,1001],[64,111]],[[2823,1112],[140,2]],[[3443,1010],[0,-61]],[[2963,1114],[82,92],[-12,54],[100,37],[73,10],[40,26]],[[3246,1333],[85,-51]],[[2311,627],[31,-57],[6,-64],[39,-23],[-4,-93],[-35,-27]],[[2348,363],[-43,36],[-58,-21],[-71,-71],[-52,-69],[0,-34],[-140,-74],[-158,-16],[-35,-31],[-61,27]],[[1751,247],[104,12],[29,61],[-31,21],[-17,53],[103,73],[131,28],[72,39]],[[2142,534],[96,79]],[[2238,613],[73,14]],[[2296,1433],[-37,-3],[20,-113],[-114,-74]],[[2165,1243],[-36,-11],[-44,41]],[[2085,1273],[-100,84],[-6,22]],[[1979,1379],[30,61],[42,40],[30,75],[42,48]],[[2123,1603],[84,-50],[47,-79],[42,-41]],[[2759,1001],[-27,54],[-67,-25],[-43,-96],[-98,-80],[-91,0]],[[2433,854],[-14,89],[-42,1],[-34,80]],[[2343,1024],[41,75],[0,55],[-31,57],[20,78]],[[2373,1289],[59,-11],[126,92],[22,36]],[[2580,1406],[76,-51],[89,-3],[118,-26],[9,-36],[-49,-178]],[[2296,1433],[63,-86],[14,-58]],[[2343,1024],[-111,4]],[[2232,1028],[-34,33],[8,40],[-45,32],[4,110]],[[2745,456],[55,-53]],[[2800,403],[-34,-139],[13,-59],[-58,-60],[0,-75],[-42,-17],[-16,-53],[-56,45],[14,34],[-49,121],[34,51],[71,63],[0,79],[-34,47],[-33,-19]],[[2610,421],[17,55],[74,-2],[44,-18]],[[2743,2021],[13,-50],[-25,-63],[-68,-58],[-77,24],[-41,-77],[-46,-49]],[[2499,1748],[-48,18]],[[2451,1766],[28,88],[0,61],[-77,27],[-28,58],[15,107]],[[2389,2107],[97,-23],[64,-60],[118,9],[23,42],[52,-54]],[[2336,2180],[23,-73],[30,0]],[[2451,1766],[-39,-53],[-101,-42],[-87,2],[-107,-37]],[[2117,1636],[12,46],[-35,97]],[[2094,1779],[49,63],[-19,58],[-13,117]],[[2227,2197],[96,-44],[13,27]],[[3450,1981],[-62,-34],[-10,-93],[50,-41],[-40,-33],[7,-79]],[[3395,1701],[-45,-7]],[[3350,1694],[-80,18],[-47,35],[-31,135]],[[3192,1882],[-25,33],[0,96],[13,45]],[[3180,2056],[112,-13],[101,46],[58,13]],[[3451,2102],[-1,-121]],[[3192,1882],[-39,-17],[-54,-58],[-44,50]],[[3055,1857],[-109,95],[-54,0],[-82,43],[2,22]],[[2812,2017],[77,47],[40,67]],[[2929,2131],[29,1],[68,-45],[34,33],[63,-55],[57,-9]],[[2496,2329],[-10,-27],[11,-116],[-54,-10],[-41,33],[-66,-29]],[[2160,2457],[125,-6],[51,25],[55,-38],[33,-61],[72,-48]],[[3350,1694],[-6,-35],[-87,-6],[-13,-170],[2,-150]],[[2580,1406],[103,156],[-33,80]],[[2650,1642],[105,17],[39,17],[25,73],[162,27],[45,23],[29,58]],[[2812,2017],[-69,4]],[[2496,2329],[104,27],[59,-32],[3,-67],[83,-88],[45,54],[95,-33],[44,-59]],[[2650,1642],[-21,76],[-92,-11],[-38,41]],[[4316,2245],[23,-96],[-68,-106]],[[4271,2043],[-67,-6],[-53,-129],[-43,21],[-67,-34],[-10,79],[-62,24]],[[3969,1998],[68,105],[-49,90]],[[3988,2193],[47,30],[37,55],[77,-37],[35,34],[55,-3],[77,-27]],[[4345,1653],[-47,-32],[29,-49],[-16,-103]],[[4311,1469],[-61,-26],[-12,-51],[-84,-52],[-51,18],[-41,56],[-72,5]],[[3990,1419],[-23,39],[-69,47],[-62,-20]],[[3836,1485],[16,62],[-30,26],[-26,65],[-58,9],[10,44]],[[3748,1691],[52,-4],[70,45],[-46,54],[-22,103]],[[3802,1889],[80,35],[87,74]],[[4271,2043],[5,-31],[62,-100],[1,-67],[-94,-55],[13,-53],[67,-41],[20,-43]],[[3836,1485],[-17,7]],[[3819,1492],[-96,14],[-52,-21],[-35,16],[-39,-28],[-101,0],[-75,-22],[-51,-43],[-31,