{"type":"Topology","transform":{"scale":[0.0025649886069342223,0.0025647257648806166],"translate":[29.602937204103227,-11.731272481539804]},"arcs":[[[1513,1867],[39,-80],[76,-60],[14,-52],[48,-25]],[[1690,1650],[17,-14],[-54,-104],[20,-13],[181,9],[109,-31],[106,-17],[60,-39],[-48,-32],[-34,-61],[-63,-62],[20,-42],[-14,-51],[-91,-60],[-141,-3],[-101,-31],[-22,-36],[39,-101],[71,-96]],[[1745,866],[-52,-15],[-22,-55],[-60,41],[-129,-8],[-41,44],[-76,2],[-152,79],[-76,10],[-53,49],[-93,24]],[[991,1037],[2,47],[-55,66],[79,46],[29,37],[-3,87],[87,51],[51,-98],[43,24],[-90,119],[-91,66],[-105,55],[33,99],[40,16],[30,111],[109,41]],[[1150,1804],[54,4],[40,57],[94,31],[91,-34],[84,5]],[[569,2430],[39,-102],[44,-16],[134,-10],[70,42],[99,-20],[40,-106],[107,-84],[32,-40],[88,-34],[-48,-60],[-24,-196]],[[991,1037],[-89,19],[8,35],[-103,8],[-47,40],[-13,48],[-67,37],[-34,-13],[-49,39],[4,39],[-68,64],[-9,64],[-58,87],[-21,60],[-63,83],[11,53],[-31,86],[13,76],[-57,52],[-32,69],[-35,27]],[[251,2010],[57,71],[-4,58],[-31,25],[-47,109],[-25,148],[-43,73],[102,5],[54,52],[125,-1],[75,-28],[55,-92]],[[3784,2139],[-13,83]],[[3771,2222],[45,13]],[[3816,2235],[26,-77],[26,8],[18,-95],[-24,-17],[-52,39],[-26,46]],[[854,3625],[-2,5]],[[852,3630],[2,-5]],[[1716,3723],[-45,-130],[-63,16],[-36,-41],[50,-32],[0,-36],[-56,-7],[-47,-34],[12,-44],[-22,-80],[-41,-50],[-60,-8],[-41,-41],[-96,69],[-129,-46],[-8,68],[-64,-47],[-38,32],[-69,18],[-67,-5]],[[896,3325],[16,113],[-44,40]],[[868,3478],[-1,45],[52,0],[10,73],[31,48],[95,44],[24,-62],[69,-20],[104,-2],[44,31],[60,7],[49,-48],[82,18],[90,62],[74,34],[-9,38]],[[1642,3746],[74,-23]],[[1472,3774],[3,3]],[[1475,3777],[-3,-3]],[[1423,3776],[-12,1]],[[1411,3777],[12,-1]],[[1409,3775],[1,3]],[[1410,3778],[-1,-3]],[[1468,3777],[-17,11]],[[1451,3788],[17,-11]],[[1540,3786],[5,6]],[[1545,3792],[-5,-6]],[[1445,3783],[-16,7]],[[1429,3790],[16,-7]],[[1538,3783],[-68,12]],[[1470,3795],[68,-12]],[[1299,3819],[64,-42],[-22,-36],[-75,37],[33,41]],[[2185,3604],[3,-37],[-25,-111],[-45,-39],[-52,33],[-4,-278],[-54,-50],[3,-30]],[[2011,3092],[-124,-54],[-60,-38]],[[1827,3000],[-25,-12],[-94,18],[-29,25],[-91,9],[-32,21],[-81,-3],[-80,-28],[-77,21],[-106,-29],[-37,-117],[-58,28],[-38,-69],[-62,27],[-93,-44],[-5,111],[-105,42],[-30,-82],[-54,0],[-23,-42]],[[707,2876],[-27,53],[11,98],[-62,129],[-11,82]],[[618,3238],[9,47],[63,39],[42,-31],[29,31],[76,-21],[59,22]],[[1716,3723],[115,-29],[70,-65],[70,-26],[214,1]],[[1827,3000],[-36,-39],[-92,-139],[-18,-139],[6,-117],[117,-93],[-68,-80],[3,-61],[-23,-124],[4,-59],[-194,-156],[4,-92],[-17,-34]],[[569,2430],[58,15],[-3,120],[9,76],[67,49],[-5,41],[41,42],[-29,103]],[[854,3625],[-18,-48],[32,-99]],[[618,3238],[-30,81],[-41,29],[24,80],[-33,39],[-64,-59]],[[474,3408],[-39,0],[-118,54],[0,81],[61,99],[102,18],[21,102],[-23,48],[1,143],[-37,72],[-66,31],[-24,101],[52,-1],[74,27],[372,0],[34,-57],[-29,-131],[-21,-32],[-27,-128],[-24,-56],[32,-40],[37,-109]],[[251,2010],[-50,48],[-69,-7],[-90,88],[9,78],[83,50],[-2,47],[-41,92],[-37,50],[32,122],[-18,46],[-65,35],[-3,59],[20,121],[29,-4],[107,73],[57,72],[23,62],[102,162],[66,37],[9,39],[53,17],[8,111]],[[3833,1774],[-30,86],[-98,19],[-22,68],[30,70]],[[3713,2017],[72,-100],[60,-17],[33,-53],[-1,-48],[-44,-25]],[[3196,2276],[72,-117],[28,-22],[-13,-152],[69,-25],[40,5],[-7,-76],[83,-38],[7,-23],[-83,-108],[22,-79],[-190,-38],[-7,-77],[-21,-49]],[[3196,1477],[-67,-95],[-102,-122],[-24,-121],[21,-130],[-40,-21],[-44,-142]],[[2940,846],[-107,-59],[-80,-76],[-72,-2],[33,59],[-32,81],[-46,-68],[-90,-9],[-63,-22],[-82,-1],[-14,36],[53,56],[28,74],[-14,69],[-78,-52]],[[2376,932],[-7,37],[-123,92],[-9,126],[112,-17],[110,89],[15,40],[91,82],[50,3],[2,47],[75,46],[100,-5],[32,67],[-27,80],[-90,25],[-27,56]],[[2680,1700],[32,124],[32,19],[0,88],[47,130],[37,40],[-10,92],[12,41]],[[2830,2234],[78,52]],[[2908,2286],[5,-41],[55,-28],[55,45],[13,55],[54,-20],[39,-54],[67,33]],[[3997,2553],[-44,8]],[[3953,2561],[-25,85],[53,-9],[16,-84]],[[3997,2553],[-23,-87],[-60,-3],[39,98]],[[4012,1551],[-28,-63],[-41,40],[69,23]],[[3586,2249],[22,-78],[3,-82],[102,-72]],[[3833,1774],[-56,-119],[2,-79],[58,-56],[4,-69],[-67,-120]],[[3774,1331],[-19,13],[-168,-38],[-45,4],[-59,-48],[-13,52],[-84,72],[-116,38],[-74,53]],[[3196,2276],[135,14],[77,-48],[82,-15],[96,22]],[[3771,2222],[-30,0]],[[3741,2222],[-3,46],[64,43],[14,-76]],[[3784,2139],[-51,34],[8,49]],[[2680,1700],[-54,17],[-37,60],[-209,42],[-122,54],[-84,-20],[-39,23]],[[2135,1876],[-8,77],[50,3],[14,140],[-14,77],[9,80],[50,98],[-77,116],[-26,112],[96,65],[8,37]],[[2237,2681],[66,-2],[59,114],[-10,27],[72,53],[52,4],[37,38],[98,27],[2,-115],[22,-76],[-19,-173],[-30,-68],[3,-64],[79,-87],[48,-26],[61,-81],[53,-18]],[[2376,932],[-58,-39],[-125,-106],[-41,-19],[36,-109],[-37,-59],[-167,-129],[-44,-3]],[[1940,468],[2,90],[-39,138],[-114,132],[-44,38]],[[1690,1650],[92,73],[72,-5],[27,42],[114,23],[19,66],[59,39],[62,-12]],[[3774,1331],[30,-147],[50,-51],[2,-99],[59,-43],[2,-99],[59,-167],[-29,-46],[73,-17],[24,-57]],[[4044,605],[-115,-72],[-35,-82],[-36,74],[-30,19],[-100,-21],[-141,-62],[-87,5],[-104,-43],[-57,-62],[-68,-4]],[[3271,357],[-67,124],[-40,28],[-217,52],[-114,52],[3,80],[89,107],[15,46]],[[3310,185],[-39,172]],[[4044,605],[100,-8],[80,-102],[-167,-136],[-97,-52],[-108,-22],[-77,-60],[-152,-5],[-94,-42],[-54,-42],[-66,9],[-35,32],[-64,8]],[[3310,185],[-85,-24],[-36,-94],[-109,-44],[-108,-8],[-71,38],[-87,9],[-29,-37],[-72,-25],[-26,20],[-115,-8],[-12,47],[-90,57],[-44,8],[-63,-62],[-273,0],[-37,83],[-43,8],[-65,126],[33,103],[-38,86]],[[2062,3050],[49,-78],[-58,-106],[104,-102],[3,-32],[77,-51]],[[2011,3092],[51,-42]],[[3049,3435],[-111,25],[-90,-55],[-4,-62],[64,-59],[0,-71]],[[2908,3213],[-103,-59],[-21,20],[-65,-29],[-30,-46],[12,-116],[-111,-11],[-119,181],[-81,-17],[-138,25],[-125,-84],[-65,-27]],[[2185,3604],[36,54],[11,63],[-40,34],[8,154]],[[2200,3909],[484,-271],[365,-203]],[[3286,2765],[-23,-64],[26,-61],[-113,-19],[-61,12],[-79,-89],[-18,-94],[-36,-46],[-16,-66],[-58,-52]],[[2908,3213],[88,-1],[70,-126],[16,-101],[-4,-120],[103,-79],[64,7],[41,-28]],[[3049,3435],[86,-49],[22,-104],[-48,-48],[56,-40],[19,-45],[252,-181]],[[3436,2968],[-133,-190],[-17,-13]],[[1642,3746],[-37,9],[-10,-7],[-69,-14],[-6,1],[-36,-1],[-6,-1],[-27,10],[-12,6],[-33,-2],[0,5],[0,2],[5,9],[-1,4],[0,5],[-2,2],[1,1]],[[1410,3778],[1,-1]],[[1423,3776],[1,0]],[[1424,3776],[0,1],[12,-5],[-7,18]],[[1445,3783],[1,-2],[5,-4],[0,11]],[[1468,3777],[4,-3]],[[1475,3777],[2,1],[3,1],[-10,16]],[[1538,3783],[2,3]],[[1545,3792],[2,5],[-1,4],[-12,5],[1,0],[1,2],[1,0],[-28,5],[-5,1],[0,27],[-1,0],[-56,-25],[-2,2],[-1,12],[2,4],[0,7],[3,4],[68,12],[75,64],[-16,42],[57,57],[37,77],[73,67],[457,-255]],[[3436,2968],[302,-218],[9,-70],[-33,-23],[4,-73],[-26,-32],[-29,-109],[-65,-136],[-12,-58]]],"objects":{"TZA.geo":{"type":"GeometryCollection","geometries":[{"arcs":[[0,1,2,3,4]],"type":"Polygon","properties":{"name":"Mbeya","postal":"MB"},"id":"TZA"},{"arcs":[[5,-4,6,7]],"type":"Polygon","properties":{"name":"Rukwa","postal":"RK"},"id":"TZA"},{"arcs":[[8,9,10]],"type":"Polygon","properties":{"name":"Zanzibar South and Central","postal":"ZS"},"id":"TZA"},{"arcs":[[[13,14,15,16]],[[31]]],"type":"MultiPolygon","properties":{"name":"Mwanza","postal":"MW"},"id":"TZA"},{"arcs":[[32,33,34,35,36,-14,37]],"type":"Polygon","properties":{"name":"Shinyanga","postal":"SH"},"id":"TZA"},{"arcs":[[38,-5,-6,39,-35]],"type":"Polygon","properties":{"name":"Tabora","postal":"TB"},"id":"TZA"},{"arcs":[[-12,40,-15,-37,41,42]],"type":"Polygon","properties":{"name":"Kagera","postal":"KR"},"id":"TZA"},{"arcs":[[-36,-40,-8,43,-42]],"type":"Polygon","properties":{"name":"Kigoma","postal":"KM"},"id":"TZA"},{"arcs":[[44,45]],"type":"Polygon","properties":{"name":"Dar-Es-Salaam","postal":"DS"},"id":"TZA"},{"arcs":[[46,47,48,49,50,51,52]],"type":"Polygon","properties":{"name":"Morogoro","postal":"MO"},"id":"TZA"},{"arcs":[[53,54]],"type":"Polygon",