{"type":"Topology","transform":{"scale":[0.0019409511145425471,0.002036221332113506],"translate":[29.55173464837102,-1.4695105264454673]},"arcs":[[[1278,572],[-12,26]],[[1266,598],[12,-26]],[[1306,608],[52,-47],[57,6],[-26,-85],[-42,23],[-41,103]],[[1253,602],[-2,23]],[[1251,625],[2,-23]],[[1230,653],[-10,3]],[[1220,656],[10,-3]],[[1891,1052],[58,-17],[38,-39],[69,-17],[12,-36]],[[2068,943],[-56,-46]],[[2012,897],[-41,-7],[-16,56],[-82,-14]],[[1873,932],[-46,57]],[[1827,989],[-25,59]],[[1802,1048],[89,4]],[[2401,1523],[12,-3]],[[2413,1520],[-3,-34]],[[2410,1486],[20,-77],[-13,-53],[-44,-63]],[[2373,1293],[-21,7]],[[2352,1300],[-90,24]],[[2262,1324],[-109,56],[-88,-5]],[[2065,1375],[55,41],[29,100],[45,25]],[[2194,1541],[69,-22],[138,4]],[[1968,1713],[37,-64]],[[2005,1649],[-14,-94],[-102,-51],[31,-54],[-90,-37]],[[1830,1413],[-72,32]],[[1758,1445],[-11,85],[24,34]],[[1771,1564],[54,1],[18,57],[58,35],[26,66]],[[1927,1723],[41,-10]],[[1827,989],[-24,-20],[-93,79],[-40,89]],[[1670,1137],[-7,116]],[[1663,1253],[-3,128],[-43,22],[-1,41]],[[1616,1444],[64,2]],[[1680,1446],[18,-68],[59,-76],[-13,-49],[15,-84],[41,-76],[2,-45]],[[2050,1154],[51,-72]],[[2101,1082],[16,-66],[-26,-66]],[[2091,950],[-23,-7]],[[1891,1052],[36,84],[24,116]],[[1951,1252],[36,-46],[-5,-50],[68,-2]],[[1830,1413],[74,-39],[81,4]],[[1985,1378],[20,-24]],[[2005,1354],[-54,-102]],[[1680,1446],[78,-1]],[[1738,1613],[33,-49]],[[1616,1444],[-199,87]],[[1417,1531],[68,21],[47,-19],[54,10],[96,85],[56,-15]],[[2103,1256],[-53,-102]],[[2005,1354],[98,-98]],[[2352,1300],[-25,-70]],[[2327,1230],[-59,-43],[-57,-4]],[[2211,1183],[66,71],[-15,70]],[[2159,1181],[49,-121]],[[2208,1060],[-107,22]],[[2103,1256],[56,-75]],[[2193,1561],[1,-20]],[[2065,1375],[-80,3]],[[2005,1649],[13,57],[32,4],[129,-117],[14,-32]],[[1873,932],[-10,-81],[-82,-74],[-55,-18],[-29,37],[-84,-31],[-10,98]],[[1603,863],[-2,106]],[[1601,969],[6,26]],[[1607,995],[37,51],[26,91]],[[2211,1183],[-52,-2]],[[895,819],[156,-73]],[[1051,746],[-35,-36],[29,-151],[-84,12],[-42,-19],[-29,42]],[[890,594],[15,78],[-119,28]],[[786,700],[-39,121]],[[747,821],[4,2]],[[751,823],[76,11],[68,-15]],[[1376,717],[-27,-31],[-48,18],[-73,-44]],[[1228,660],[-63,82],[-60,17],[-54,-13]],[[895,819],[17,40],[123,40],[75,-60],[59,22]],[[1169,861],[47,-31],[184,50],[-1,39]],[[1399,919],[81,-47],[-14,-48],[-88,-78],[-2,-29]],[[1289,2470],[-6,-117],[-74,-174],[-225,-33],[-31,27]],[[953,2173],[63,93]],[[1016,2266],[38,93],[49,75],[46,19],[54,-14],[70,44]],[[1273,2483],[16,-13]],[[953,2173],[-4,-83]],[[949,2090],[-100,-106],[-60,-11],[-87,60],[-79,-12]],[[623,2021],[48,122],[-56,70],[9,43]],[[624,2256],[102,-9],[104,-41],[135,53],[-14,44]],[[951,2303],[13,18]],[[964,2321],[52,-55]],[[774,2349],[-77,36]],[[697,2385],[-20,80],[40,64],[83,37]],[[800,2566],[-3,-132],[-23,-85]],[[939,1556],[-29,42]],[[910,1598],[39,39],[5,96],[-19,66]],[[935,1799],[92,41],[60,-5],[55,20]],[[1142,1855],[-2,-116],[-39,-26],[-13,-123],[-77,-34],[-72,0]],[[1352,2454],[74,-105],[34,-24]],[[1460,2325],[-68,-51],[-31,-102],[25,-93],[21,-15],[1,-107],[40,-23]],[[1448,1934],[-62,-4],[9,-100]],[[1395,1830],[-41,-13],[-84,30],[-50,33],[-78,-25]],[[935,1799],[6,45],[50,60]],[[991,1904],[1,55],[-28,48],[-15,83]],[[1289,2470],[63,-16]],[[991,1904],[-107,-115],[-87,54],[-59,55],[-58,-31],[-39,53],[-37,0],[19,101]],[[964,2321],[21,99],[42,62],[-6,40]],[[1021,2522],[70,19],[58,55],[124,-113]],[[951,2303],[-99,56],[-78,-10]],[[800,2566],[32,18],[66,-9],[123,-53]],[[624,2256],[21,60],[52,69]],[[1603,863],[-22,-31]],[[1581,832],[-50,39],[6,68],[64,30]],[[1170,1388],[41,-75],[6,-53],[44,-37],[10,-50],[54,-15],[37,-39],[-18,-74]],[[1344,1045],[-69,-31],[-56,46]],[[1219,1060],[4,54],[-116,-2],[-61,25],[-74,8]],[[972,1145],[-6,31],[49,50],[-59,63],[-60,29]],[[896,1318],[76,35],[39,37]],[[1011,1390],[127,-18],[32,16]],[[1663,1253],[-105,7],[-22,-72],[-89,91]],[[1447,1279],[-25,57],[-118,80],[-63,31]],[[1241,1447],[74,84]],[[1315,1531],[38,15],[64,-15]],[[1431,990],[176,5]],[[1581,832],[-16,-37],[-71,-59],[-34,31],[-60,-60],[-24,10]],[[1399,919],[-43,28],[20,57]],[[1376,1004],[55,-14]],[[1431,990],[13,37],[70,38],[-63,115],[-4,99]],[[1219,1060],[-8,-46],[34,-83],[-1,-43],[-75,-27]],[[751,823],[60,68],[46,136]],[[857,1027],[31,42],[46,-4],[38,80]],[[1344,1045],[32,-41]],[[1170,1388],[71,59]],[[2048,2574],[20,-57],[92,-148]],[[2160,2369],[-32,-51],[-68,9]],[[2060,2327],[-83,15],[-39,-53],[-82,-7],[-52,-46],[-45,59],[-66,-20],[-63,11],[-106,-13]],[[1524,2273],[-64,52]],[[1352,2454],[6,45],[95,55],[198,19],[135,53],[91,-59],[130,-7],[41,14]],[[1719,1741],[-10,-62],[40,-11],[-11,-55]],[[1315,1531],[30,64],[92,44],[3,101]],[[1440,1740],[68,15],[88,85],[-35,42],[56,49],[68,26]],[[1685,1957],[41,-74],[-61,-115],[54,-27]],[[1524,2273],[-18,-21],[84,-134],[49,-55],[-36,-63]],[[1603,2000],[-91,2],[-31,-81],[-33,13]],[[2052,1997],[60,-69]],[[2112,1928],[-7,-47]],[[2105,1881],[-79,-61],[-7,-53],[-52,-18],[1,-36]],[[1927,1723],[-80,34],[-53,-41],[-75,25]],[[1685,1957],[-24,31]],[[1661,1988],[24,29],[99,-51],[36,29],[179,18],[53,-16]],[[2060,2327],[5,-63]],[[2065,2264],[23,-175],[-41,-57],[5,-35]],[[1661,1988],[-58,12]],[[1395,1830],[45,-90]],[[1011,1390],[-68,61],[-4,105]],[[505,1239],[-39,-16],[-79,-75],[-39,-13],[-82,-159],[-36,-41]],[[230,935],[-49,2]],[[181,937],[23,190],[102,38],[39,56],[25,74],[107,35],[28,-91]],[[896,1318],[-282,-65],[-42,19]],[[572,1272],[35,59],[112,136],[122,48],[51,39],[18,44]],[[506,1220],[6,-42]],[[512,1178],[-54,-82],[-22,-72],[30,-23]],[[466,1001],[-34,-29],[-4,-124],[-52,-30]],[[376,818],[6,68],[-63,32],[-89,17]],[[505,1239],[1,-19]],[[747,821],[-120,7]],[[627,828],[40,63],[7,63],[-66,3],[-100,-76],[-4,68],[-38,52]],[[512,1178],[141,-46],[91,-86],[113,-19]],[[506,1220],[66,52]],[[2674,1419],[-100,-108],[6,-53]],[[2580,1258],[-27,5]],[[2553,1263],[9,46],[-101,51],[-8,25],[72,67],[-39,34]],[[2486,1486],[65,17],[92,-38],[31,-46]],[[2694,1395],[9,-68],[-112,-39],[-11,-30]],[[2674,1419],[20,-24]],[[2553,1263],[-77,-8]],[[2476,1255],[-103,38]],[[2410,1486],[76,0]],[[2476,1255],[-21,-6],[-79,-121]],[[2376,1128],[-40,37]],[[2336,1165],[-9,65]],[[2553,1263],[-39,-102],[-70,-73]],[[2444,1088],[-68,40]],[[2208,1060],[14,-2]],[[2222,1058],[48,-59]],[[2270,999],[-33,-34],[-9,-74],[29,-57]],[[2257,834],[-108,-18],[-19,66]],[[2130,882],[5,44],[-44,24]],[[2360,1001],[-29,-115],[-74,-52]],[[2270,999],[90,2]],[[2336,1165],[-84,-42],[-30,-65]],[[2130,882],[-62,-70],[-65,21],[9,64]],[[2444,1088],[-22,-45],[-62,-42]],[[2193,1561],[32,31],[19,167],[-1,94]],[[2243,1853],[134,-79],[24,-40],[0,-211]],[[2491,2235],[-66,-100],[-17,-75],[-86,4],[-56,-57]],[[2266,2007],[-74,32],[4,85],[-74,97],[-57,43]],[[2160,2369],[83,-54],[130,-23],[88,-56],[30,-1]],[[2105,1881],[44,26],[94,-54]],[[2573,2243],[-82,-8]],[[2048,2574],[232,220],[47,-65],[-4,-39],[53,-60],[8,-44],[134,-63],[-2,-70],[-27,-29],[26,-140],[58,-41]],[[2266,2007],[29,-56],[-121,-1],[-62,-22]],[[2758,1829],[-34,-27],[-18,-56],[-116,-69],[-72,-74],[-37,-15],[-68,-68]],[[2573,2243],[15,-74],[34,-43],[46,-3],[46,-125],[54,-60],[-29,-32],[19,-77]],[[2758,1829],[32,-75],[6,-209],[-102,-150]],[[890,594],[-64,-68],[130,-80],[104,63],[42,-43],[-7,-45],[36,-56]],[[1131,365],[18,-136],[-258,0]],[[891,229],[-52,128],[-54,44]],[[785,401],[37,79],[-42,106],[6,114]],[[1228,660],[-8,-4]],[[1230,653],[-6,-27],[20,6],[7,-7]],[[1253,602],[4,0],[6,-1],[1,0],[2,-3]],[[1278,572],[-95,-82],[-52,-125]],[[337,683],[23,-20]],[[360,663],[90,-84],[40,17]],[[490,596],[-3,-63],[-37,-121],[-78,-61]],[[372,351],[-60,19],[-51,-21]],[[261,349],[-75,67],[16,88],[-61,39]],[[141,543],[34,92]],[[175,635],[124,50],[38,-2]],[[376,818],[-39,-135]],[[175,635],[-57,25],[-34,58],[-2,53],[46,35],[17,81],[36,50]],[[627,828],[-52,0],[-38,-28]],[[537,800],[-112,-76],[20,-87],[-85,26]],[[551,610],[-61,-14]],[[537,800],[49,-62],[-10,-98],[-25,-30]],[[625,425],[52,-45],[108,21]],[[891,229],[-233,0],[-27,8],[-71,-42],[-92,4]],[[468,199],[67,127]],[[535,326],[29,95],[61,4]],[[625,425],[23,52],[-69,55],[-28,