{"type":"Topology","transform":{"scale":[0.0019364811782174604,0.001193767211486413],"translate":[22.132839803014463,44.38264663524109]},"arcs":[[[5426,1405],[74,-11],[101,5],[32,-34],[-207,40]],[[6781,1573],[8,-4]],[[6789,1569],[-8,4]],[[6233,2593],[47,-170],[95,-8],[11,-104],[21,-35],[13,-79],[20,-33],[59,-31],[33,-50],[-30,-99],[-33,-55],[38,-19],[-6,-48],[21,-48],[49,-5],[92,-72],[12,-126],[23,-9]],[[6698,1602],[-38,-36],[-98,-37],[-15,-35],[32,-201],[89,-214],[148,-251],[77,-61],[111,27],[40,52],[50,10],[78,-30],[25,51],[35,27],[84,9],[57,-30],[41,5],[64,-28],[13,-49],[-70,-3],[-44,-98],[-2,-86],[13,-50],[-83,-19],[-28,-32],[-92,35],[-28,-43],[-75,-4],[-39,61],[-71,41],[-44,5],[-73,-49],[-9,-50],[-69,-37],[-52,-48],[-39,-89],[-39,34],[-92,-20],[-36,8],[-75,-46],[-73,-30],[-47,-83],[-19,-61],[-35,-10],[-71,-87],[-93,-50],[-55,16],[-67,-2],[-39,21],[-34,61],[-32,-6],[-71,63],[51,34],[36,78],[-12,76],[49,99],[-30,156],[-77,76],[-79,-24],[-45,34],[-49,63],[-71,59],[-98,18],[-45,-36],[-77,16],[-17,58],[22,41],[62,53],[40,13],[111,105],[117,62],[53,14],[112,85],[37,-6],[80,53],[-32,58],[-17,138],[-42,-19],[-25,-58],[-31,0],[-67,69],[-94,0],[-103,-17],[-64,17],[-104,-26],[-44,-23],[-124,43],[-11,41],[-65,31],[-155,112],[79,3],[44,46],[-24,36],[-99,28]],[[5000,1759],[19,33]],[[5019,1792],[134,-8],[85,-35],[44,-3],[34,27],[-9,59],[-39,-6],[-161,56],[-29,77]],[[5078,1959],[106,21],[22,44],[74,0],[13,32],[72,-4],[57,24],[35,-30],[63,2],[47,19],[0,42],[45,27],[31,74],[-75,72],[29,62],[40,2],[46,36],[-17,38],[10,52],[-3,159],[-15,50]],[[5658,2681],[145,-56],[55,12],[44,38],[14,-54],[27,-19],[135,21],[81,-28],[74,-2]],[[6207,1586],[26,-78],[-34,-49],[-51,11],[-34,62],[-112,29],[-35,-36],[23,-48],[55,-26],[102,-23],[67,-75],[81,4],[45,-39],[47,-65],[24,-72],[52,56],[60,-63],[-17,-35],[121,-62],[52,-89],[11,-87],[-40,-24],[58,-81],[27,6],[90,-46],[-5,46],[-176,281],[-45,130],[-24,16],[-27,80],[-9,70],[-41,6],[-17,55],[45,34],[-61,35],[-19,-35],[8,-59],[-28,-63],[-86,7],[38,118],[-54,37],[-46,-24],[-39,83],[-32,13]],[[5000,1759],[-46,16],[-44,-16],[-31,53],[91,7],[49,-27]],[[5630,3002],[25,-59],[-12,-55],[12,-85],[-42,-8],[2,-107],[43,-7]],[[5078,1959],[-55,-77],[-96,20],[-49,-30],[-51,25],[-73,-39],[-78,24]],[[4676,1882],[-14,164],[-62,77],[35,48],[54,0],[26,23],[23,75],[-44,62],[-55,15],[18,74],[-58,-18],[-64,23],[-42,127],[18,96],[-46,76],[-118,-14],[-63,21],[-24,84],[7,41],[-38,38],[-13,90],[-41,43],[2,65],[37,52]],[[4214,3144],[29,23],[79,0],[64,-14],[46,30],[77,3],[25,-24],[48,45],[84,0],[42,-76],[82,-10],[107,9],[74,-20],[4,-43],[-30,-23],[81,-114],[1,-71],[79,12],[51,-49],[49,50],[44,8],[86,-33],[90,15],[29,143],[93,17],[9,38],[44,6],[29,-64]],[[5819,6669],[-43,-112],[6,-50],[62,-53],[-38,-28],[-5,-90],[-106,-35],[-51,-93],[47,-84],[-8,-37],[25,-109],[-38,-43],[-6,-82],[-52,7],[38,-78],[-29,-78],[-26,-8],[-12,-73],[99,-59],[26,-52],[-32,-156],[21,-19],[-32,-75],[-21,-105]],[[5644,5157],[-27,-50],[-76,-73],[-70,-28],[-116,10],[-11,28],[-68,3],[-61,-52],[-48,4]],[[5167,4999],[-37,28],[-49,77],[29,22],[-94,102],[-50,-59],[-68,-29],[-80,-15],[-70,6],[-76,67],[10,74],[-54,74],[-184,-4],[21,70],[-64,41],[0,75],[-74,29],[-1,77],[23,112]],[[4349,5746],[43,79],[-26,76],[-2,96],[-26,10],[19,123],[22,2],[26,98],[143,168],[10,46],[90,1],[61,-27],[27,44],[88,18],[91,-18],[90,6],[34,-57],[106,4],[71,33],[38,51],[16,123],[29,33],[69,-9],[102,-54],[104,-4],[140,102],[105,-21]],[[2857,5954],[-86,-48],[2,-84],[-43,-29],[17,-53],[-49,-78],[-33,-82],[-49,-40],[22,-89],[-10,-59],[25,-75],[-41,-93],[0,-65]],[[2612,5159],[-33,34],[-77,-52],[-36,10],[-87,-56],[-52,-91],[-90,-90],[-34,0],[-86,-81]],[[2117,4833],[-44,76],[-103,18],[-72,-71],[-59,-6],[-118,-57],[-51,-76]],[[1670,4717],[-85,68],[0,125],[-13,42],[-58,1]],[[1514,4953],[51,56],[-16,87],[8,73],[64,-11],[12,63],[159,76],[120,-58],[18,50],[3,81],[68,83],[-10,56],[53,14],[-32,81],[14,94],[-65,46],[-99,125],[-95,-30],[-1,149],[26,39],[-49,39],[8,85],[61,81],[-6,42],[-43,39]],[[1763,6313],[114,8],[162,-23],[48,-37],[120,-5],[20,-38],[114,-3],[97,-44],[87,12],[80,-14],[14,-77],[26,-50],[69,-4],[45,28],[119,-47],[-21,-65]],[[2193,3463],[47,18],[43,-61],[121,86],[50,-21],[31,32],[87,-18],[69,9],[64,49]],[[2705,3557],[35,-22],[33,-109]],[[2773,3426],[-42,-47],[-40,17],[-51,-53],[-36,-10],[-77,30],[-43,-38],[-58,33],[-68,-55],[-42,-56],[-163,-39],[-24,-117],[-43,-66],[-183,-34],[-34,-16],[-253,-30],[-22,-17],[-72,-113],[-78,-24]],[[1444,2791],[27,95],[-24,100],[0,56],[28,72],[79,72],[-5,28],[83,101],[79,50],[72,-6],[10,117],[-19,82],[35,40]],[[1809,3598],[82,-6],[60,-69],[79,34],[-6,-48],[66,-38],[103,-8]],[[1329,4280],[66,-128],[19,-78],[-7,-100],[57,-12],[-36,-44],[41,-69],[47,-4],[94,-95],[93,-8],[102,-75],[4,-69]],[[1444,2791],[-26,4],[-44,71],[-68,42],[-6,34],[-41,36]],[[1259,2978],[35,92],[-52,73],[2,65],[-77,100],[-131,43],[-1,121],[-113,-44],[-11,61],[-106,81],[-41,50],[-41,16]],[[723,3636],[22,93],[-14,43],[18,77],[30,28],[22,63],[37,24],[77,-6],[85,30],[46,-7],[128,38],[-22,47],[10,132],[26,99],[72,11],[69,-28]],[[2612,5159],[36,-43],[-17,-83],[128,-118],[67,-37],[23,-38],[-15,-66],[22,-41],[-63,-99],[31,-23],[30,-74],[107,-33]],[[2961,4504],[-58,-75],[29,-44],[-40,-76],[7,-78],[67,-131],[7,-96],[-75,-36],[-67,34],[-59,-28],[-61,-109],[9,-107],[-3,-155],[-12,-46]],[[2193,3463],[-33,106],[-38,27],[4,60],[-30,178],[19,90],[-16,90],[31,93],[-16,97],[-40,101],[27,33],[27,76],[-25,49],[15,57],[-25,41],[-19,112],[64,128],[-21,32]],[[1670,4717],[35,-57],[-23,-55],[-78,-38],[-73,-14],[5,-61],[-47,-26],[-35,-73],[-113,-60],[-12,-53]],[[723,3636],[-76,9],[-10,26],[-93,17],[-42,72],[-49,-14],[-61,68],[-14,65]],[[378,3879],[-6,60],[-76,70],[17,90],[-9,90],[-22,30],[-19,92],[69,127],[26,14],[142,218],[173,198],[67,53],[94,111],[120,12],[16,74],[49,39],[1,77]],[[1020,5234],[57,-35],[73,17],[44,-53],[48,-26],[-42,-45],[44,-42],[45,4],[40,-56],[34,-7],[83,25],[67,-27],[1,-36]],[[1259,2978],[-74,13],[-101,-47],[-132,55],[-52,-24],[-41,40],[-121,20],[-52,-29],[-52,19],[-67,72],[-58,10],[-29,-71],[-64,-1],[-12,-39],[-43,17],[7,69],[-51,46],[-76,-13],[-22,64],[-39,55],[-65,0],[-25,42],[-18,92],[-72,1],[11,152],[87,96],[65,227],[37,18],[10,66],[53,-24],[53,2],[62,-27]],[[1020,5234],[-17,50],[-52,72],[-2,41],[83,11],[0,25],[-79,58],[-34,58],[-20,108],[-68,67],[-28,64],[-27,11],[32,83],[-43,78],[-11,84],[19,26],[62,13],[119,-49],[136,111],[27,75],[49,60],[129,10],[42,-8],[145,24],[93,33],[88,-24],[100,-2]],[[5132,4905],[40,-51],[62,-41],[-8,-52],[40,-12],[44,-83],[-27,-60],[24,-49],[79,-47],[11,-56],[56,-23],[32,-105],[-41,-54],[59,-124],[0,-61]],[[5503,4087],[-5,-83],[34,-135],[-33,-32],[-51,20],[-31,-37],[-63,27],[-24,39],[-47,22],[-67,0],[-43,-57],[-8,-54],[-53,11],[-71,-56],[-43,52],[-63,17],[-19,-22],[-56,5],[-9,-74],[-33,-62],[-67,-32],[-57,26],[-84,-22],[-63,24],[-122,7],[-45,-36],[-31,-75],[12,-49],[-100,-37],[-67,-37],[-42,3],[-50,-28]],[[4102,3412],[-60,17],[32,52],[-34,101],[-43,25],[-10,62],[-40,4],[-53,184],[-42,43],[58,75],[-4,83]],[[3906,4058],[42,-47],[49,7],[24,56],[95,44],[127,-34],[38,69],[39,-14],[62,29],[58,-31],[71,33],[108,109],[41,55],[-15,39],[36,126],[-8,60],[80,60],[54,7],[38,-34],[100,-15],[85,154],[-10,58],[112,116]],[[6087,3756],[-45,-85],[-47,32],[-81,-7],[10,-62],[78,-20],[30,-31],[-47,-36],[-145,-81],[22,-64],[16,-168],[-61,-59],[-89,-34],[-86,-89],[-12,-50]],[[4214,3144],[-108,7],[-45,65],[-54,-31],[-61,15]],[[3946,3200],[-18,59],[19,64],[55,70],[29,-48],[71,67]],[[5503,4087],[129,-66],[54,-44],[31,-49],[71,-23],[-20,-40],[115,-68],[87,-8],[44,14],[73,-47]],[[5167,4999],[-35,-94]],[[3906,4058],[-30,17],[-72,99],[32,39],[-34,155],[-25,45]],[[3777,4413],[18,47],[-21,77],[100,56],[51,69],[-30,51],[-1,74],[31,21],[-22,53],[3,60],[-43,52],[-17,60],[-48,65],[13,83],[-7,49],[48,71],[-13,51],[-41,14],[11,59],[-45,72],[23,26],[11,76],[-72,66],[-25,-3],[-15,80],[60,57],[-17,60]],[[3729,5859],[58,7],[20,44],[58,40],[42,-1],[20,-37],[57,-6],[84,41],[71,2],[92,-75],[22,-81],[96,-47]],[[4676,1882],[-205,-64],[-19,-31],