{"type":"Topology","transform":{"scale":[0.0025354284248660162,0.0019564928269171743],"translate":[-58.439361131710825,-34.96998868750398]},"arcs":[[[955,1991],[3,-4]],[[958,1987],[-58,-113]],[[900,1874],[-12,-47],[-53,-63],[-13,-41],[13,-78]],[[835,1645],[-55,-58],[-75,10],[-75,27],[-132,-1],[-76,53],[-89,41],[-58,14],[-21,36],[-44,22],[-52,-20]],[[158,1769],[53,137],[19,93],[-22,57],[41,20],[3,60]],[[252,2136],[39,13],[51,-50],[37,-6],[161,-104],[54,18],[54,-9],[47,10],[103,79],[92,-26],[65,-70]],[[518,944],[-83,-118],[43,-114],[25,-14],[-8,-79],[42,-104]],[[537,515],[-85,8],[-39,26],[-103,-22],[-78,39],[-56,0],[-18,30],[-58,11],[-91,-48]],[[9,559],[-9,91],[2,87],[17,53]],[[19,790],[66,60],[77,52],[-12,31],[75,51],[86,-21],[41,31],[121,-46],[45,-4]],[[2022,1120],[-74,15],[-132,-9],[-53,30],[-27,-27],[-110,24],[-70,-21],[-40,-34],[-88,-8],[-76,-54],[1,-42]],[[1353,994],[-59,4],[-65,70],[-2,198]],[[1227,1266],[49,19],[65,-6],[79,80],[33,107],[40,-11]],[[1493,1455],[25,7],[14,85],[20,52],[-6,56],[21,35]],[[1567,1690],[76,-82],[55,-44],[26,15],[117,-85],[40,-92],[9,-57],[34,-57],[57,-58],[59,-23],[34,-49],[-52,-38]],[[1353,994],[-40,-48]],[[1313,946],[-58,-45],[-18,6],[-135,-89],[-95,-34],[-53,1],[-30,-30],[-69,29],[-103,-30]],[[752,754],[-59,100],[-50,13],[-29,41],[-57,5],[-39,31]],[[518,944],[3,53],[45,-4],[50,22],[29,49],[54,23]],[[699,1087],[121,15],[53,-5],[22,50],[62,13],[34,44],[38,-10],[32,57],[73,6],[27,34],[66,-25]],[[1493,1455],[-92,127],[-84,27],[-97,12],[-101,-4],[-22,49],[-11,74],[-40,26],[-27,76],[-98,56],[-21,-24]],[[958,1987],[58,3],[83,70],[24,47],[94,-107],[37,-88],[54,-43],[37,23],[23,-37],[60,-48],[90,-19],[42,-57],[7,-41]],[[699,1087],[42,179]],[[741,1266],[21,70],[59,63],[44,166],[-30,80]],[[2022,1120],[-7,-89],[-66,-9],[-47,-88]],[[1902,934],[-60,-24],[-87,-103],[-54,-38]],[[1701,769],[-90,55],[-51,-47],[-91,27],[-48,30],[-66,-2],[-48,-20]],[[1307,812],[14,66],[-8,68]],[[1170,178],[39,-92]],[[1209,86],[-90,15],[-75,-1],[-97,-57]],[[947,43],[1,54],[-44,28],[-34,-19],[-51,15]],[[819,121],[-36,34],[-7,36],[29,35],[-1,48]],[[804,274],[11,34],[94,1],[54,62],[38,-14],[111,33]],[[1112,390],[33,-96],[-3,-54],[28,-62]],[[1307,812],[6,-30],[-47,-63],[-36,-24],[9,-76],[-19,-62],[-108,-167]],[[804,274],[-17,131],[10,62],[-17,79]],[[780,546],[16,71],[-44,137]],[[1701,769],[-87,-77],[-32,-127],[-21,-31]],[[1561,534],[-37,-59],[-45,-16],[-36,-66],[-25,-98],[-94,-61],[-34,-3],[-44,-40],[-76,-13]],[[1542,83],[-161,-83],[-57,44],[-70,-7],[-45,49]],[[1561,534],[8,-87],[-12,-54],[0,-97],[-18,-26],[15,-53],[-14,-56],[2,-78]],[[947,43],[-44,-18],[-64,8],[-21,57]],[[818,90],[1,31]],[[1902,934],[-11,-23],[33,-90],[9,-146],[50,-48],[-24,-47],[-26,-116],[-68,-70],[-27,-70],[6,-28],[-82,-49],[-105,-101],[-115,-63]],[[537,515],[50,-101],[-57,-37],[-4,-88],[-24,-22]],[[502,267],[-180,9],[-79,-23],[-100,145],[-47,16],[-87,145]],[[818,90],[-82,18],[-119,45],[-97,106],[-18,8]],[[537,515],[74,-13],[113,71],[56,-27]],[[252,2136],[-34,103],[15,53],[77,80],[46,28],[128,-7],[43,85],[107,10],[62,-56],[114,-135],[59,-46],[89,-119],[-3,-141]],[[741,1266],[-65,42],[-80,3],[-44,21],[-83,-38],[-87,-4],[-44,-46],[-69,-11],[-11,-26],[-83,13],[-46,50],[-31,-3]],[[98,1267],[-4,22],[39,70],[-33,81],[15,46],[-8,111],[43,17],[28,87],[-20,68]],[[19,790],[17,72],[-1,83],[69,5],[39,41],[11,61],[-28,47],[-15,125],[-13,43]]],"objects":{"URY.geo":{"type":"GeometryCollection","geometries":[{"arcs":[[0,1,2,3,4,5]],"type":"Polygon","properties":{"name":"Salto","postal":"SA"},"id":"URY"},{"arcs":[[6,7,8,9]],"type":"Polygon","properties":{"name":"Soriano","postal":"SO"},"id":"URY"},{"arcs":[[10,11,12,13,14]],"type":"Polygon","properties":{"name":"Cerro Largo","postal":"CL"},"id":"URY"},{"arcs":[[-12,15,16,17,18,19]],"type":"Polygon","properties":{"name":"Durazno","postal":"DU"},"id":"URY"},{"arcs":[[-14,20,-2,21]],"type":"Polygon","properties":{"name":"Rivera","postal":"RV"},"id":"URY"},{"arcs":[[-13,-20,22,23,-3,-21]],"type":"Polygon","properties":{"name":"Tacuarembó","postal":"TA"},"id":"URY"},{"arcs":[[24,25,26,27,-16,-11]],"type":"Polygon","properties":{"name":"Treinta y Tres","postal":"TT"},"id":"URY"},{"arcs":[[28,29,30,31,32,33]],"type":"Polygon","properties":{"name":"Canelones","postal":"CA"},"id":"URY"},{"arcs":[[34,-33,35,36,-17,-28]],"type":"Polygon","properties":{"name":"Florida","postal":"FD"},"id":"URY"},{"arcs":[[37,38,-34,-35,-27]],"type":"Polygon","properties":{"name":"Lavalleja","postal":"LA"},"id":"URY"},{"arcs":[[39,-29,-39,40]],"type":"Polygon","properties":{"name":"Maldonado","postal":"MA"},"id":"URY"},{"arcs":[[41,42,-31]],"type":"Polygon","properties":{"name":"Montevideo","postal":"MO"},"id":"URY"},{"arcs":[[-41,-38,-26,43]],"type":"Polygon","properties":{"name":"Rocha","postal":"RO"},"id":"URY"},{"arcs":[[44,45,-8]],"type":"Polygon","properties":{"name":"Colonia","postal":"CO"},"id":"URY"},{"arcs":[[-36,-32,-43,46,-45,47]],"type":"Polygon","properties":{"name":"San José","postal":"SJ"},"id":"URY"},{"arcs":[[-6,48]],"type":"Polygon","properties":{"name":"Artigas","postal":"AR"},"id":"URY"},{"arcs":[[-37,-48,-7,-18]],"type":"Polygon","properties":{"name":"Flores","postal":"FS"},"id":"URY"},{"arcs":[[-24,49,50,-4]],"type":"Polygon","properties":{"name":"Paysandú","postal":"PA"},"id":"URY"},{"arcs":[[-23,-19,-10,51,-50]],"type":"Polygon","properties":{"name":"Río Negro","postal":"RN"},"id":"URY"}]}}}