{"type":"Topology","transform":{"scale":[0.004033385361435448,0.0030532973013707014],"translate":[55.97583866342353,37.192684368145756]},"arcs":[[[2272,744],[-52,-40],[-13,-59],[-88,-35],[-38,-38]],[[2081,572],[-62,7],[-102,75],[-57,70],[-219,159],[-35,39],[-3,54],[-24,87],[-39,22]],[[1540,1085],[64,93],[-51,69]],[[1553,1247],[56,31],[-71,97]],[[1538,1375],[88,33],[77,-78],[33,-59],[60,-21],[113,-67],[44,-15],[33,57],[29,-1],[15,-43],[68,-8],[13,34],[77,16],[11,-51],[42,-18],[75,-6],[-46,-118],[-63,9],[-23,-95],[-48,-55],[22,-33],[75,-35],[39,-77]],[[1540,1085],[-33,64],[-21,103],[-22,36],[-56,41],[-46,15],[-47,-46],[-45,22],[-59,10],[-80,-13],[-31,7],[-79,51],[-5,41],[23,23],[-27,43],[21,51]],[[1033,1533],[38,43],[40,-12],[20,-58],[137,-124],[66,-38],[22,30],[66,-11],[38,-23],[72,-93],[21,0]],[[1501,2060],[39,-55],[69,-27],[-145,-274],[-5,-75],[30,-66],[-57,-43],[106,-145]],[[1033,1533],[-39,25],[11,82],[-41,34],[-96,-6],[-57,26],[-31,57],[-57,3],[-69,76],[-30,-44],[-52,14],[-71,-64],[-36,-99],[-52,-13],[-11,35],[-52,29],[-47,-35],[-31,-96],[-31,-26],[3,-72],[15,-59],[26,-42],[-29,-28],[-53,11],[-202,11],[-1,301],[0,301],[0,225],[0,376],[349,105],[285,80],[4,-44],[-33,-44],[-43,-118],[18,-85],[-20,-44],[39,-36],[36,26],[57,76],[-7,67],[-25,25],[37,53],[-18,38],[7,58],[174,-109],[-62,-132],[9,-29],[101,-95],[-24,-69],[68,10],[24,53],[33,29],[-16,72],[19,65],[243,-152],[31,-71],[204,-220],[11,-4]],[[2673,1297],[-36,-22],[5,-46],[32,-18],[10,-38],[-45,-92]],[[2639,1081],[-29,44],[-62,-9],[-17,-57],[4,-43],[-26,-80],[-54,-11],[-87,42],[-23,-78],[-35,6],[-40,-20],[23,-54],[8,-68]],[[2301,753],[-29,-9]],[[1501,2060],[292,48],[302,-27],[106,54],[26,-5],[77,-91],[61,-40],[69,-137],[77,37],[-12,-180],[-11,-22],[2,-123],[120,-2],[9,-82],[37,-178],[17,-15]],[[2639,1081],[67,-6],[6,-74],[38,-82],[97,-20],[11,-37],[-32,-16],[-19,-59],[34,-36]],[[2841,751],[-19,-64]],[[2822,687],[-59,15],[-57,-8],[-4,31],[-46,8],[-44,-30],[-30,19],[-75,-25],[-84,75],[-16,-22],[-106,3]],[[2822,687],[5,-30],[72,-22],[1,-42]],[[2900,593],[-39,-19],[11,-55],[-42,-23],[-58,-69],[-7,-34],[-58,-39],[-64,-101]],[[2643,253],[-82,38],[-18,22],[-88,41],[-68,-12],[-99,70],[-56,53],[-85,43],[-66,64]],[[2900,593],[106,-8],[18,-36],[-26,-27],[-3,-82],[32,-66],[44,-53],[-32,-76],[-89,-116],[-18,-39],[-4,-86],[-80,20],[-56,-24],[-57,63],[-78,-14],[-48,18],[5,126],[29,60]],[[4029,1070],[-1,33],[-88,21],[-71,49]],[[3869,1173],[16,38],[129,5],[7,33]],[[4021,1249],[71,1],[35,-42],[94,-4],[29,-28],[-83,-37],[-9,-31],[-40,-22],[-34,17],[-13,-56],[-42,23]],[[4029,1070],[-32,-11],[-105,-91],[-76,48],[-78,-7],[-86,-24],[-31,7],[-56,77],[100,78]],[[3665,1147],[43,26],[80,-50],[81,50]],[[3665,1147],[-15,40],[-60,65]],[[3590,1252],[-14,100],[18,28]],[[3594,1380],[40,20],[31,-31],[0,-34],[39,-25],[118,-26],[5,73],[28,-13],[39,78],[41,-63],[6,-48],[74,-9],[6,-53]],[[3047,1137],[-41,-116],[9,-26],[56,-2],[75,19],[-6,-32]],[[3140,980],[14,-24]],[[3154,956],[-16,-30],[2,-56]],[[3140,870],[-9,-60],[-22,-38],[-44,-7],[-142,31],[-64,-23],[-18,-22]],[[2673,1297],[14,-4],[279,20],[43,-88],[-27,-35],[65,-53]],[[3154,956],[23,-39],[-10,-54],[-27,7]],[[3247,990],[-107,-10]],[[3047,1137],[49,-26],[40,25],[-19,57],[25,38]],[[3142,1231],[108,-114],[10,-47],[-13,-80]],[[3590,1252],[-43,-45],[-146,-81],[-64,56],[-30,-24],[0,-39],[-29,-21],[27,-59],[-14,-60],[-44,11]],[[3142,1231],[24,37],[73,51],[1,52],[71,32],[73,63],[71,15],[56,44],[44,61],[35,19],[38,-22],[31,56],[69,30],[51,-27],[-97,-89],[-69,-36],[-23,-37],[-71,-44],[75,-56]]],"objects":{"UZB.geo":{"type":"GeometryCollection","geometries":[{"arcs":[[0,1,2,3,4]],"type":"Polygon","properties":{"name":"Bukhoro","postal":"BU"},"id":"UZB"},{"arcs":[[-3,5,6]],"type":"Polygon","properties":{"name":"Khorezm","postal":"KH"},"id":"UZB"},{"arcs":[[7,-4,-7,8]],"type":"Polygon","properties":{"name":"Karakalpakstan","postal":"QR"},"id":"UZB"},{"arcs":[[9,10,11,-5,-8,12]],"type":"Polygon","properties":{"name":"Navoi","postal":"NW"},"id":"UZB"},{"arcs":[[13,14,15,-11]],"type":"Polygon","properties":{"name":"Samarkand","postal":"SA"},"id":"UZB"},{"arcs":[[16,17,18,-1,-12,-16]],"type":"Polygon","properties":{"name":"Kashkadarya","postal":"QA"},"id":"UZB"},{"arcs":[[-18,19]],"type":"Polygon","properties":{"name":"Surkhandarya","postal":"SU"},"id":"UZB"},{"arcs":[[20,21,22]],"type":"Polygon","properties":{"name":"Andijon","postal":"AN"},"id":"UZB"},{"arcs":[[-21,23,24]],"type":"Polygon","properties":{"name":"Ferghana","postal":"FA"},"id":"UZB"},{"arcs":[[-22,-25,25,26,27]],"type":"Polygon","properties":{"name":"Namangan","postal":"NG"},"id":"UZB"},{"arcs":[[28,29,30,31,-14,-10,32]],"type":"Polygon","properties":{"name":"Jizzakh","postal":"JI"},"id":"UZB"},{"arcs":[[[-31,33]],[[34,-29,35,36]]],"type":"MultiPolygon","properties":{"name":"Sirdaryo","postal":"SI"},"id":"UZB"},{"arcs":[[-27,37,-37,38]],"type":"Polygon","properties":{"name":"Tashkent","postal":"TA"},"id":"UZB"}]}}}