{"type":"Topology","transform":{"scale":[0.0024179224271051055,0.0019211667682051711],"translate":[-73.37772174225587,0.6553265097076989]},"arcs":[[[2111,5194],[-102,2],[-47,50],[-53,0],[-51,-39]],[[1858,5207],[-16,20],[-84,-9],[-124,17],[-98,27],[-52,-33],[-145,-24],[-44,-50],[-35,0],[-67,-58],[-18,-44],[-50,-31]],[[1125,5022],[-33,22],[-27,60],[-41,-10],[-50,44],[-20,51],[-7,74],[-65,74],[-16,44]],[[866,5381],[171,106],[77,27],[70,2],[94,54],[44,10],[53,69],[45,6],[54,-49],[28,29],[-19,86],[-24,25],[-139,-47],[-9,89],[-37,50],[38,126],[78,45],[38,-21],[37,-75],[11,-110],[45,-137],[32,-38],[51,21],[51,-8],[44,22],[86,-43],[82,0],[184,-142],[64,-144],[-26,-28],[22,-112]],[[2413,3802],[2,-23],[83,-14],[46,-47],[46,-13],[145,-9],[98,32],[81,-88]],[[2914,3640],[-32,-17],[-77,-144],[-165,-95],[-40,-47],[23,-79],[-6,-83],[-22,-28],[-28,-142],[-46,-34],[-17,-47],[-53,-39]],[[2451,2885],[-50,36],[-105,24],[-40,-41],[-92,-5],[-66,-25],[-60,10],[-77,-32],[-80,28],[-96,16],[-76,-72],[-27,34],[-55,-13],[-270,428],[-25,19],[-67,-22],[-84,41],[-23,36],[-52,8],[-79,-17],[-27,-30],[-93,-25],[-41,29],[-76,-3],[-63,21],[-88,-35],[-67,14],[-43,39],[-44,153],[-79,14]],[[406,3515],[86,22],[49,-40],[76,20],[18,43]],[[635,3560],[84,-33],[69,17],[93,-5],[24,-26],[70,-22],[61,-39],[32,14],[53,-14],[49,24],[37,47],[37,14],[33,80],[64,13],[20,42],[93,53],[53,17],[113,111],[103,10],[65,-51],[35,11],[35,-46],[64,2],[33,26],[78,-9],[36,23],[49,-18],[84,47],[186,-25],[25,-21]],[[1321,4348],[74,-84],[115,-62],[38,23],[69,-53],[75,-16],[46,-72],[15,-67],[118,-136],[29,115],[43,31],[31,57],[13,70]],[[1987,4154],[29,-12],[148,-4],[45,-35]],[[2209,4103],[73,-101],[60,-54],[56,-90],[15,-56]],[[635,3560],[73,28],[117,-30],[-44,73],[2,28]],[[783,3659],[9,44],[154,155],[31,67],[-26,94],[41,68],[1,37],[62,83],[107,69],[14,44]],[[1176,4320],[44,35],[101,-7]],[[783,3659],[-19,35],[9,132],[-33,27],[-55,-2],[-31,51],[-40,11],[34,87],[15,83],[-20,48],[-51,11]],[[592,4142],[37,29],[56,-24],[20,50],[218,213],[-30,31]],[[893,4441],[27,52],[39,26]],[[959,4519],[59,-18],[25,-91],[74,-74],[38,28],[21,-44]],[[406,3515],[-35,52],[12,169],[-15,61],[64,60],[-34,165]],[[398,4022],[60,84],[40,-44],[55,14],[39,66]],[[1383,4568],[-41,-95],[29,-55],[-26,-64],[-24,-6]],[[959,4519],[-13,108],[11,38]],[[957,4665],[91,-5],[34,54],[50,42],[-8,59]],[[1124,4815],[15,61],[70,-66],[45,12],[41,-48],[60,-25],[33,-36],[-45,-45],[9,-55],[31,-45]],[[398,4022],[-108,140],[-44,213],[-18,42],[-45,-22],[-31,102],[-83,-63],[-69,-5],[83,187],[33,38],[50,126],[-5,84],[22,91],[11,145],[64,115],[20,72],[53,76],[40,90],[93,19],[98,228],[20,29],[215,70],[-23,-45],[-70,-13],[-118,-49],[9,-109],[70,-143],[31,-140],[49,-61],[-22,-138],[-62,-59],[-49,-106],[-30,-17],[-31,-92],[-33,-54],[52,-88],[13,-82],[94,-70],[-14,-72],[6,-55],[31,-30],[70,-7],[100,45],[23,27]],[[1125,5022],[-28,-64],[-51,-42],[17,-61],[61,-40]],[[957,4665],[12,66],[-15,59],[-56,64],[-25,89],[-40,36],[-44,94],[3,46],[-33,39],[14,129],[21,85],[72,9]],[[2311,4774],[13,-61],[-82,-81],[17,-51],[-11,-76],[30,-66],[6,-58],[-45,-82],[-20,-86],[-10,-110]],[[1987,4154],[-60,75],[52,46],[-24,40],[16,156],[-108,102],[-49,155],[4,23]],[[1818,4751],[2,39]],[[1820,4790],[49,-3],[27,58],[86,-4],[41,-24],[48,42]],[[2071,4859],[57,69],[6,-83],[63,-56],[54,-17],[60,2]],[[2278,5104],[-2,-42],[90,-39],[-2,-142],[53,-42]],[[2417,4839],[-24,-45],[-82,-20]],[[2071,4859],[-20,103],[23,38],[-13,51],[10,95],[49,28]],[[2120,5174],[50,-56],[108,-14]],[[1858,5207],[-7,-32],[-54,-31],[7,-151],[-42,-23],[-18,-39],[10,-105],[65,43],[23,-41],[-22,-38]],[[1818,4751],[-35,-38],[-65,-10],[-47,40],[-17,-57],[-88,-21],[-15,-99],[-33,-16],[-68,19],[34,65],[-64,4],[-37,-70]],[[2111,5194],[9,-20]],[[3611,1849],[-60,40],[53,-149],[55,-76],[85,-67],[51,-67],[-18,-91],[9,-154],[49,-92],[44,-126],[-20,-122],[89,-22],[185,-4],[5,-80],[-16,-62],[-85,-25],[-60,-59],[-96,-15],[-25,-33],[-16,-142],[-123,-131],[-8,72],[-59,-46],[-21,-46],[-53,-44],[-45,13],[-75,-69],[-48,-7],[-27,-106],[-52,-7],[-51,-114],[-45,-18],[-11,44],[29,64],[-27,60],[-68,-2],[-52,-34],[-42,-53],[-75,-38],[-54,6],[-50,29],[-194,219],[-6,80],[-35,106],[-3,45],[-35,119],[-28,56],[-34,147],[11,57],[-56,42],[-66,98],[-38,14],[-20,64],[-82,8],[-6,30],[159,186],[24,12],[38,83],[-41,41],[-28,91],[-67,43],[-45,185],[-26,79],[9,49],[-31,73],[13,192],[12,103],[-19,118],[14,42],[67,55],[14,37],[-15,53],[20,86],[72,113],[-26,40],[14,40]],[[2449,2882],[27,-37],[78,-3],[22,-106],[-22,-68],[13,-40],[44,1],[20,-45],[82,39],[110,25],[85,93],[52,-98],[42,27],[55,9],[66,160],[80,20],[22,-40],[-24,-104],[12,-81],[59,29],[83,1],[16,-90],[39,-45],[-18,-48],[13,-63],[-59,-27],[27,-55],[16,-74],[41,-105],[59,-90],[99,-20],[18,-24],[12,-132],[-7,-42]],[[5422,3782],[-44,-51],[-54,-1],[-32,-45],[-8,-53],[-53,-56],[53,-101],[-11,-73],[106,-10],[28,-62],[-48,-58],[-98,-61],[-115,-48],[-81,-8],[-33,-92],[28,-47],[-7,-56],[16,-81],[-56,-37],[-51,-109],[265,-366],[31,-17],[27,-90],[-6,-50],[-62,-76],[-58,-29],[-18,-65],[-27,-29],[-58,-14],[-60,16],[-15,-51],[-76,-26],[-20,-65],[-63,3],[-46,-41],[-85,-9],[-65,-33],[-79,40],[-63,-25],[-10,-45],[-85,-10],[-10,-62],[20,-83],[-23,-75],[-38,-19],[-45,20],[-119,168],[-58,25],[-35,-60],[-46,43],[-105,7],[-50,-36],[-28,16],[-25,92],[-48,28],[-52,5],[-92,-17],[-24,46]],[[2449,2882],[2,3]],[[2914,3640],[48,-4],[35,22],[80,-2],[79,91],[41,24],[83,-20],[37,4]],[[3317,3755],[105,-18],[102,-91],[98,60],[40,-1],[0,116],[70,6],[50,33],[39,-50],[74,-1],[50,72],[65,25],[78,-7],[67,36],[65,51],[82,-2],[28,-22],[51,52],[41,10]],[[4422,4024],[36,32]],[[4458,4056],[145,-70],[254,-14],[10,-87],[89,-126],[31,-30],[122,63],[28,1],[66,-96],[107,82],[112,3]],[[3657,4996],[78,-83],[80,-7],[45,25],[40,-24]],[[3900,4907],[-47,-19],[0,-40],[48,-38],[-9,-67],[50,-113],[-50,-69],[-2,-49],[27,-62],[56,17],[146,-119],[33,-106],[29,-16],[121,10],[-33,-47],[28,-78],[101,-41],[24,-46]],[[3317,3755],[-46,29],[-9,43],[113,181],[28,105],[-6,72],[32,32],[92,-8],[31,71],[-68,108],[-54,47],[-33,1],[-41,58],[14,116],[-65,32],[-43,-2],[-84,58],[12,49],[-14,93]],[[3176,4840],[103,66],[10,33]],[[3289,4939],[106,-24],[39,-26],[46,26],[89,5],[48,73],[40,3]],[[2546,5081],[14,-54],[33,-25],[-4,-80],[78,-51],[45,1],[86,-25]],[[2798,4847],[11,-74],[-15,-37],[32,-74],[-20,-113],[-36,-1],[-83,35],[9,110],[-100,67],[-33,63],[-66,3],[-36,32],[-44,-19]],[[2278,5104],[22,14],[176,29]],[[2476,5147],[26,-70],[44,4]],[[2922,5192],[0,-48],[-232,5]],[[2690,5149],[-56,14],[-19,-50],[-40,-19]],[[2575,5094],[-29,-13]],[[2476,5147],[91,6],[65,29],[195,11],[95,-1]],[[2690,5149],[-10,-69],[-64,-11],[-41,25]],[[3364,5361],[0,-36],[-70,20],[15,22],[55,-6]],[[2798,4847],[91,27],[87,-37],[87,-10],[113,13]],[[4287,4915],[97,-41],[66,38],[-3,54],[54,-23],[29,-114],[41,-76],[0,-35]],[[4571,4718],[-50,-101],[52,-88],[7,-83],[42,-65],[62,-14],[-15,-40],[34,-55],[-33,-72],[-63,-65],[-82,-44],[-37,0],[-30,-35]],[[3900,4907],[61,24],[25,38],[77,14],[32,44],[118,-76],[32,27],[42,-63]],[[2922,5192],[25,10],[82,-45],[-28,-29],[105,-103],[119,-65],[64,-21]],[[3964,5385],[-44,-60],[-59,-9],[-56,52],[-19,-15],[-77,15],[16,49],[71,13],[7,-28],[55,-22],[26,62],[55,18],[25,-75]],[[3657,4996],[28,-3],[53,74],[81,47],[38,-17],[96,0],[-11,56],[-50,14],[-84,-6],[-36,-20],[-7,62],[59,-16],[90,5],[48,32],[110,-32],[60,36],[42,-14],[47,31],[111,-16],[76,31],[239,-36],[66,23],[8,-44],[-115,-7],[-39,-56],[-136,20],[-80,-19],[11,-65],[-55,4],[-7,-60],[74,55],[52,-58],[21,-85],[-13,-25],[-147,8]],[[5232,4280],[17,-46],[-66,-79],[-103,-2],[-13,64],[110,59],[55,4]],[[5091,4254],[56,99],[34,-25],[-34,-45],[-56,-29]],[[4571,4718],[23,25],[5,89],[25,42],[71,-32],[62,-70],[117,-21],[58,22],[89,-100],[76,-27],[79,-65],[33,-61],[-16,-34],[-68,-55],[-9,-62],[-38,-46],[-11,-76],[-35,-107],[-129,-6],[10,-33],[58,-25],[30,-46],[52,52],[65,3],[6,32],[122,21],[23,-23],[73,-14],[37,53],[72,-6],[73,-35],[85,-140],[-13,-31],[-61,-32],[-10,-55],[-46,-17],[-57,-56]]],"objects":{"VEN.geo":{"type":"GeometryCollection",