{"type":"Topology","transform":{"scale":[0.0019221384055831915,0.0018149421045805818],"translate":[102.11865523275276,8.565578517934227]},"arcs":[[[2537,6769],[45,-34],[-40,-32],[-43,40],[38,26]],[[2815,6963],[-31,-59],[-51,-20],[43,119],[39,-40]],[[2358,6861],[-24,4]],[[2334,6865],[-83,22],[52,71]],[[2303,6958],[145,-17],[73,19],[18,65],[35,25]],[[2574,7050],[86,33],[-3,59],[56,46]],[[2713,7188],[146,-3],[68,29],[46,-11],[33,-59],[-77,-66],[-51,-19],[-27,-43],[-108,-10],[-19,-110],[10,-30],[-78,-23],[-33,-29],[-126,18],[-70,-12],[-28,48],[-41,-7]],[[2245,1715],[16,-69]],[[2261,1646],[-44,-64],[-17,-90],[43,-82]],[[2243,1410],[-35,-78]],[[2208,1332],[-100,-7]],[[2108,1325],[-5,46],[-51,22],[-46,53],[-39,16],[-29,47],[16,68],[-17,70],[8,59],[40,-10],[42,70],[73,-13],[69,-40],[76,2]],[[745,7759],[27,-38],[-8,-70],[83,-17],[29,-32],[-54,-82],[-40,-18],[-27,-81]],[[755,7421],[-18,-39],[14,-194],[-96,-113],[38,-77],[-10,-113],[-73,-20],[-25,-34],[-9,-76]],[[576,6755],[-41,11],[-69,108],[-32,15],[-38,140],[8,95],[41,44],[-19,88],[-79,3],[-34,-44],[-36,-1],[-31,133],[-59,31],[2,36],[-43,48],[-90,66],[-56,94],[52,6],[18,47],[64,66],[35,83],[48,-39],[82,-13],[79,-48],[25,-54],[50,-26],[79,54],[0,39],[45,26],[42,73],[49,-28],[37,-80],[40,31]],[[2120,7626],[34,-74],[-36,-89],[-35,-31],[-5,-58]],[[2078,7374],[-40,-12],[-71,-56],[-58,2],[-8,82],[-46,29],[-66,-44]],[[1789,7375],[-36,112],[17,103],[46,71],[-22,67]],[[1794,7728],[74,71],[55,-119],[49,-14],[72,34],[31,-6],[45,-68]],[[2078,7374],[13,-75],[60,-65],[-45,-68]],[[2106,7166],[-66,21],[17,-59],[-79,-96]],[[1978,7032],[-77,19]],[[1901,7051],[-17,30],[-85,70]],[[1799,7151],[-28,35],[6,143],[12,46]],[[1167,7784],[58,-55],[-17,-22],[22,-81],[43,-24],[33,-58]],[[1306,7544],[9,-47],[-54,-40],[-35,24],[-49,-24],[31,-61],[-24,-50],[-84,34],[-14,-37],[-119,42],[-33,-64],[6,-73]],[[940,7248],[-47,7],[-65,70],[-33,80],[-40,16]],[[745,7759],[21,66],[29,18],[114,-124],[62,-27],[20,107],[33,39],[66,18],[18,-53],[59,-19]],[[2296,7625],[53,-52],[3,-66],[43,-101],[156,-63],[23,-53],[55,-45],[52,2],[32,-59]],[[2574,7050],[-31,45],[-44,1],[-57,82],[-34,-25],[-74,32],[-43,-33],[-32,-64],[-56,-3],[-97,51],[0,30]],[[2120,7626],[48,19],[58,-35],[70,15]],[[940,7248],[127,-33],[72,27],[22,-21],[-20,-97],[70,-70],[82,25],[75,-16],[42,-30]],[[1410,7033],[22,-100],[20,-26]],[[1452,6907],[-15,-43],[102,-138],[-54,-24],[-60,0],[-8,-57]],[[1417,6645],[-51,-27],[-68,36]],[[1298,6654],[-117,71],[-57,66],[-116,38],[-146,-69],[-9,-47],[-51,-49],[-108,79],[-46,-9],[-72,21]],[[1417,6645],[50,-19],[104,0],[89,-75],[121,-48]],[[1781,6503],[111,-94],[127,-69],[18,-42]],[[2037,6298],[-41,-39],[-17,-88],[-58,-92],[-14,-107],[11,-71]],[[1918,5901],[-62,18],[-93,89],[-55,8],[-110,112],[-28,68],[22,44],[-121,56]],[[1471,6296],[6,55],[-26,46],[-46,25],[-85,-4],[13,70],[-55,41],[-112,14],[44,52],[51,1],[37,58]],[[1799,7151],[-60,-26],[-75,10]],[[1664,7135],[-73,84],[-34,20]],[[1557,7239],[-6,51],[-53,71],[-8,45],[-51,45],[-19,45]],[[1420,7496],[57,101],[47,2],[18,57],[59,103],[77,-26],[116,-5]],[[1557,7239],[-98,-46],[-17,-30],[15,-93],[-47,-37]],[[1306,7544],[32,4],[41,-46],[41,-6]],[[1659,6857],[103,-13],[1,-77],[55,-47],[35,-68],[55,-39]],[[1908,6613],[29,-82]],[[1937,6531],[-71,-3],[-26,-43],[-59,18]],[[1452,6907],[17,-26],[90,-57],[113,-17],[-13,50]],[[2334,6865],[-57,-106],[21,-28],[-62,-34]],[[2236,6697],[-83,-13]],[[2153,6684],[-70,75],[15,91]],[[2098,6850],[66,-4],[10,79]],[[2174,6925],[46,49],[83,-16]],[[2358,6861],[54,-44],[-3,-74],[21,-41],[-70,-54],[-32,9]],[[2328,6657],[-69,-21],[-23,61]],[[2153,6684],[-75,-35]],[[2078,6649],[-55,44]],[[2023,6693],[-45,49],[-13,62]],[[1965,6804],[57,43]],[[2022,6847],[76,3]],[[1978,7032],[13,-44]],[[1991,6988],[-3,-77],[34,-64]],[[1965,6804],[-47,8],[-35,36],[13,61]],[[1896,6909],[5,142]],[[1991,6988],[53,-23],[94,-16],[36,-24]],[[1896,6909],[-55,31],[-74,4],[-44,59]],[[1723,7003],[11,26],[-56,62],[-14,44]],[[2023,6693],[-95,-29],[-20,-51]],[[1659,6857],[-12,100],[76,46]],[[1937,6531],[57,-46]],[[1994,6485],[6,-29],[100,-36],[-22,-102]],[[2078,6318],[-41,-20]],[[2078,6649],[37,-79]],[[2115,6570],[-59,-4],[-62,-81]],[[2281,6466],[35,-38],[-91,-15],[-122,-122],[-25,27]],[[2115,6570],[46,-46],[93,-65],[27,7]],[[2328,6657],[-14,-68],[4,-86],[-37,-37]],[[2289,5175],[-88,6],[-53,-32],[-89,20],[-25,51],[-53,17],[-168,-56]],[[1813,5181],[-101,128],[-24,-25],[-107,91],[-40,74],[10,53],[36,37]],[[1587,5539],[55,4],[71,-21],[130,-10],[47,51]],[[1890,5563],[118,-144],[62,-61],[90,-47],[79,-61],[50,-75]],[[1918,5901],[-31,-21],[-5,-71],[-48,-24],[-15,-37],[17,-58],[57,-67],[-3,-60]],[[1587,5539],[-29,44],[-111,40],[-99,13],[-86,62],[-24,34],[-182,118],[-91,23],[-61,51],[85,54],[36,38],[0,93],[73,29],[68,-10],[76,-47],[61,9],[16,44],[79,51],[-13,65],[86,46]],[[2289,5175],[-39,-61],[14,-54],[85,-154],[68,-74],[126,-95]],[[2543,4737],[-54,-34],[-45,-67],[-147,-16]],[[2297,4620],[-59,21],[-18,53],[-41,50],[-24,62],[-39,-17],[-87,76],[-90,112],[-57,36],[-74,123],[5,45]],[[3403,2441],[34,-55],[71,-49],[91,-30]],[[3599,2307],[-67,-39],[-31,-114],[-86,5],[0,-100]],[[3415,2059],[-87,-1],[-47,-31],[-46,-3],[-46,-41],[-45,4],[-85,-26],[-7,-31],[53,-70],[-14,-66],[-32,-28],[-44,12],[-26,39],[-41,-8],[-48,30],[-37,-43],[-76,-39],[-44,-1]],[[2743,1756],[-16,91],[-59,81],[-10,135]],[[2658,2063],[48,11],[50,-42],[51,50],[22,71],[5,74],[-16,106],[-21,32],[-18,90],[53,133]],[[2832,2588],[62,39],[129,6],[93,22],[134,-49],[23,-24],[32,-98],[23,-23],[75,-20]],[[3407,3323],[10,-77],[-27,-132],[40,-158],[50,-101],[10,-105]],[[3490,2750],[-3,-69],[23,-131],[-71,-49],[-36,-60]],[[2832,2588],[23,59],[-5,91],[-83,145],[5,68]],[[2772,2951],[84,71],[26,49],[67,42],[190,63],[120,79],[58,75],[64,17]],[[3381,3347],[26,-24]],[[3780,2352],[-79,-81],[-13,-49],[67,-104],[-28,-29],[-40,17],[4,-176],[38,-56],[-54,-25],[-26,-51],[37,-22]],[[3686,1776],[-47,5],[-42,61],[-80,25],[-36,94],[-47,31]],[[3434,1992],[-19,67]],[[3599,2307],[72,48],[109,-3]],[[3434,1992],[-17,-22],[-3,-93],[-22,-73],[24,-54],[-39,-56],[5,-42]],[[3382,1652],[-20,-32],[-101,10],[-35,-23],[3,-70],[-101,-47],[-63,17],[-132,8],[-76,26]],[[2857,1541],[-80,27],[4,35],[-40,45],[-41,5]],[[2700,1653],[-3,70],[46,33]],[[3686,1776],[20,-29],[-55,-91],[-56,-30],[-6,-89],[-58,-18]],[[3531,1519],[-20,36],[-50,11],[-38,77],[-41,9]],[[3490,2750],[78,-8],[54,24],[81,62]],[[3703,2828],[35,-71],[-37,-60],[14,-90],[32,-21],[-7,-69],[82,-122],[-42,-43]],[[2521,1497],[-16,-37],[11,-83],[-87,-46],[25,-51]],[[2454,1280],[-64,-4],[-94,132],[-53,2]],[[2261,1646],[150,-132],[31,9],[79,-26]],[[2700,1653],[-106,-50],[-30,-66],[-43,-40]],[[2245,1715],[-18,38],[21,64],[-24,59],[160,0],[37,53],[75,0],[32,17],[91,99],[39,18]],[[3620,3365],[-1,-52],[60,-158],[40,-204],[21,-25],[-2,-64],[-35,-34]],[[3407,3323],[65,39],[148,3]],[[3214,3571],[50,-45],[38,-59],[43,-18],[36,-102]],[[2772,2951],[-54,54],[-12,55],[35,166],[36,7],[39,135],[-17,77],[27,42],[-50,40],[-5,32],[69,12],[42,130],[-43,66]],[[2839,3767],[39,-2],[41,-54],[69,-43],[57,-4],[47,-38],[4,-52],[36,-52],[30,54],[52,-5]],[[2985,4145],[78,-1],[5,-47],[45,-13],[94,7]],[[3207,4091],[69,-68],[21,-66],[85,-121],[5,-40],[69,-32]],[[3456,3764],[-210,-50],[-43,-71],[11,-72]],[[2839,3767],[-42,10],[-25,48],[-40,-6],[-109,145],[8,49],[96,35],[38,79]],[[2765,4127],[85,0],[34,19],[40,-40],[61,39]],[[3456,3764],[63,-34],[19,-153],[82,-212]],[[2754,4509],[-75,-82],[-83,-26],[30,-45],[-54,-70],[3,-30]],[[2575,4256],[-58,9],[-70,124],[-37,-57],[-50,24],[-5,57],[-57,60],[-1,147]],[[2543,4737],[55,-41],[10,-43],[44,-56],[102,-88]],[[3164,4212],[-137,-4],[-42,-63]],[[2765,4127],[-55,0],[-90,61],[-45,68]],[[2754,4509],[44,-33],[92,-106],[39,-13],[38,-48],[-5,-40],[44,-20],[25,44],[133,-81]],[[3164,4212],[-30,-50],[51,-16],[22,-55]],[[2538,1134],[3,0]],[[2541,1134],[-3,0]],[[2808,1207],[37,-100]],[[2845,1107],[-73,-56],[-58,-11],[-33,-41],[-50,55],[-78,13]],[[2553,1067],[-3,5]],[[2550,1072],[3,68]],[[2553,1140],[47,16],[65,58],[61,-43],[52,61],[30,-25]],[[3531,1519],[-68,-18],