{"type":"Topology","transform":{"scale":[0.003762337009924908,0.0030120604606174613],"translate":[42.58173353126099,12.118328555016564]},"arcs":[[[635,1763],[-6,-105],[-54,-12],[-67,-32],[-65,-70],[-16,-46]],[[427,1498],[-42,-3],[-56,19],[-58,-23]],[[271,1491],[-50,1],[-61,24]],[[160,1516],[7,29],[-27,51],[15,133],[60,62],[61,-18],[35,-38],[94,3],[79,22],[151,3]],[[194,1126],[6,-68],[63,-87]],[[263,971],[35,-36]],[[298,935],[-39,-29],[1,-157]],[[260,749],[5,-73],[58,-13]],[[323,663],[-30,-68]],[[293,595],[-38,-12],[-26,-42],[-42,-28]],[[187,513],[-14,71],[-37,69],[-23,111],[6,39],[-23,84],[-2,53],[-35,98],[-6,74],[-22,83],[36,65]],[[67,1260],[43,-31],[77,14],[7,-117]],[[373,1124],[-5,-29],[-87,-66],[-18,-58]],[[194,1126],[62,12],[43,-7]],[[299,1131],[42,13],[32,-20]],[[608,876],[-20,-30],[-12,-79],[-31,-50]],[[545,717],[-104,54],[-42,-5],[-29,-56],[-47,-47]],[[260,749],[72,28],[40,47],[-42,83]],[[330,907],[33,6],[65,42],[23,-21],[78,9],[43,23],[36,-90]],[[271,1491],[4,-135],[42,-90],[5,-92],[-23,-43]],[[67,1260],[3,46],[-15,106],[66,55],[13,45],[26,4]],[[427,1498],[33,-27],[30,-173]],[[490,1298],[-45,-18],[-2,-64],[-21,-53],[-49,-39]],[[545,717],[23,-39]],[[568,678],[-56,-71],[-27,-62]],[[485,545],[-16,-18],[-102,32],[-20,25],[-54,11]],[[751,590],[-31,-38],[-21,-89],[11,-35],[-32,-81],[-9,-75]],[[669,272],[-1,-4]],[[668,268],[-127,-30],[-35,-19],[-19,-35]],[[487,184],[-124,-25],[-92,53],[-19,-20]],[[252,192],[52,114],[36,25],[38,-22],[51,59],[43,8],[22,79],[25,29]],[[519,484],[25,-20],[60,25],[1,39],[69,40],[17,45]],[[691,613],[58,19],[2,-42]],[[485,545],[2,-39],[32,-22]],[[252,192],[-15,50],[-60,121],[10,150]],[[2186,989],[-16,46],[-43,20],[-64,-7],[-22,30],[16,54],[-34,27],[10,81],[19,49],[-18,48],[43,159],[47,23],[149,152],[34,62],[33,87],[25,94],[16,100],[46,137],[72,127]],[[2499,2278],[133,-374],[67,-187],[17,-7],[77,-208],[-28,-5],[-120,-60],[-64,-61],[-36,-93],[18,-45],[1,-77],[-48,-15],[-98,-55],[-83,-58],[-149,-44]],[[794,854],[41,-9],[30,-91],[44,-32],[11,-34]],[[920,688],[-15,-56],[-56,-51],[-37,-15],[-61,24]],[[691,613],[-46,80],[-77,-15]],[[608,876],[36,19]],[[644,895],[27,-15],[10,-73],[19,-17],[94,64]],[[1174,1604],[10,-201],[-54,-65]],[[1130,1338],[-223,-49],[-80,-34],[-34,-36],[-87,8],[-64,40],[-89,26]],[[553,1293],[-63,5]],[[635,1763],[67,-4],[55,-35],[237,-29],[103,17],[77,-108]],[[1619,639],[-54,-18],[-35,9],[-40,-16],[-45,30],[-93,-57],[-62,-69],[-29,-15]],[[1261,503],[-27,106],[5,61],[-100,26],[-100,-30],[-25,59],[-94,-37]],[[794,854],[-11,36],[23,87],[37,37],[156,132]],[[999,1146],[375,35],[27,-21],[-53,-98],[-11,-66],[14,-46],[-48,-62],[69,-64],[68,-14],[37,-58],[32,-28],[86,-22],[24,-63]],[[644,895],[-2,36],[44,72],[-2,33],[-62,45],[-39,-14],[-30,39],[44,49],[-23,37],[-21,101]],[[1130,1338],[-131,-192]],[[330,907],[-32,28]],[[483,1142],[-21,18],[-29,-20],[-18,-67],[10,-19],[29,76],[29,12]],[[2922,194],[50,-28],[65,9],[30,18],[93,-52],[-88,-64],[-97,-15],[-54,10],[-63,60],[16,47],[48,15]],[[2186,989],[-67,-16],[-99,-68],[-64,-2],[-97,-33],[-132,-77],[-20,-60],[-40,-53],[-48,-41]],[[1174,1604],[51,3],[63,44],[43,123],[152,228],[232,143],[25,11],[332,56],[299,50],[128,16]],[[668,268],[-19,-28],[-79,-33],[-49,18],[-34,-41]],[[1261,503],[-110,-33],[-56,-34],[-103,-6],[-21,7],[-151,-31],[-70,-90],[-56,-19],[-25,-25]]],"objects":{"YEM.geo":{"type":"GeometryCollection","geometries":[{"arcs":[[0,1,2,3]],"type":"Polygon","properties":{"name":"Sa`dah","postal":"SD"},"id":"YEM"},{"arcs":[[4,5,6,7,8,9,10,11]],"type":"Polygon","properties":{"name":"Al Hudaydah","postal":"HU"},"id":"YEM"},{"arcs":[[12,-5,13,14]],"type":"Polygon","properties":{"name":"Al Mahwit","postal":"MW"},"id":"YEM"},{"arcs":[[15,16,-8,17,18]],"type":"Polygon","properties":{"name":"Dhamar","postal":"DH"},"id":"YEM"},{"arcs":[[19,-14,-12,20,-3]],"type":"Polygon","properties":{"name":"Hajjah","postal":"HJ"},"id":"YEM"},{"arcs":[[21,22,-15,-20,-2]],"type":"Polygon","properties":{"name":"Amran","postal":"AM"},"id":"YEM"},{"arcs":[[23,24,25,-9,-17]],"type":"Polygon","properties":{"name":"Ibb","postal":"IB"},"id":"YEM"},{"arcs":[[26,27,28,29,30,31,32]],"type":"Polygon","properties":{"name":"Lahij","postal":"LA"},"id":"YEM"},{"arcs":[[33,-31,34,-10,-26]],"type":"Polygon","properties":{"name":"Ta`izz","postal":"TA"},"id":"YEM"},{"arcs":[[35,36]],"type":"Polygon","properties":{"name":"Al Mahrah","postal":"MR"},"id":"YEM"},{"arcs":[[37,38,-33,39,-24,-16,40,41]],"type":"Polygon","properties":{"name":"Al Bayda'","postal":"BA"},"id":"YEM"},{"arcs":[[-32,-34,-25,-40]],"type":"Polygon","properties":{"name":"Al Dali'","postal":"DL"},"id":"YEM"},{"arcs":[[42,43,44,-22,-1,45]],"type":"Polygon","properties":{"name":"Al Jawf","postal":"JA"},"id":"YEM"},{"arcs":[[46,47,-38,48,49]],"type":"Polygon","properties":{"name":"Shabwah","postal":"SH"},"id":"YEM"},{"arcs":[[-49,-42,50,-44,51]],"type":"Polygon","properties":{"name":"Ma'rib","postal":"MA"},"id":"YEM"},{"arcs":[[-51,-41,-19,52,-6,-13,-23,-45],[53]],"type":"Polygon","properties":{"name":"Sana'a","postal":null},"id":"YEM"},{"arcs":[[[54]],[[55,-50,-52,-43,56,-36]]],"type":"MultiPolygon","properties":{"name":"Hadramawt","postal":null},"id":"YEM"},{"arcs":[[-54]],"type":"Polygon","properties":{"name":"Amanat Al Asimah","postal":null},"id":"YEM"},{"arcs":[[-53,-18,-7]],"type":"Polygon","properties":{"name":"Raymah","postal":null},"id":"YEM"},{"arcs":[[-29,57]],"type":"Polygon","properties":{"name":"`Adan","postal":"AD"},"id":"YEM"},{"arcs":[[58,-27,-39,-48]],"type":"Polygon","properties":{"name":"Abyan","postal":null},"id":"YEM"}]}}}