{"type":"Topology","transform":{"scale":[0.003407934329900177,0.0029500803123317268],"translate":[16.48704258167845,-34.82308829771061]},"arcs":[[[1800,2953],[22,-2],[5,-155],[33,0],[60,-33],[-7,-61],[20,-50],[-24,-52],[64,-61],[80,-45],[71,-24],[49,18],[41,-3],[19,-87],[91,22],[6,-36],[-19,-37],[46,-67],[50,91],[-6,50],[95,-2],[-45,-75],[27,-64],[24,10]],[[2502,2290],[-49,-153],[8,-44],[-157,-339],[21,-40],[109,-75],[36,-72],[113,-116],[52,-24]],[[2635,1427],[16,-64],[-22,-99],[-28,-46],[-40,10],[-72,-28],[-60,-36],[-61,-5],[-17,-102],[-103,-29]],[[2248,1028],[-152,45],[-67,-8],[-98,-100],[-12,30],[-124,37],[-37,43],[-55,27],[-43,-96],[-13,-69],[-38,-46],[-35,-16],[-73,7],[-52,-43],[-69,-37],[-21,-51],[-74,-23],[-24,-63],[-23,-19],[-84,-7],[-62,59],[-25,56],[-12,64],[38,43],[-21,32],[-63,-57],[-92,-34],[-36,-3],[-19,53],[20,26],[-6,53],[-64,39],[-66,23],[13,49],[-22,155],[-27,96],[10,96],[-112,86],[-44,-10],[-48,-96],[-65,4],[-39,-55],[-36,-75]],[[376,1243],[-60,108],[-8,29],[-76,141],[-51,153],[-14,71],[-72,203],[-61,74],[-34,97],[83,43],[-2,55],[38,68],[60,17],[28,-60],[45,-6],[16,-48],[-22,-35],[28,-41],[6,-40],[49,-16],[90,-8],[79,-41],[165,22],[61,-10],[37,-32],[61,31],[-13,27],[70,38],[26,50],[121,37],[0,441],[0,361],[0,438],[36,-40],[76,-51],[65,-126],[61,-167],[14,-80],[-64,-100],[-5,-98],[24,-59],[48,28],[79,-20],[89,15],[77,-11],[24,56],[85,24],[55,92],[53,41],[34,6],[23,33]],[[2248,1028],[-17,-114],[-60,-34],[-38,11],[-46,-44],[-81,-10],[-23,-24],[10,-82],[27,-35],[-109,-41],[-24,-70],[-51,-78],[1,-25],[83,4],[119,-14],[38,-22],[15,-50],[-39,-46],[60,-31],[-14,-38]],[[2099,285],[-62,-10],[-6,-33],[-139,9],[-89,29],[-51,-21],[-89,-11],[-12,-35],[-56,-18],[-8,-30],[-56,-18],[-55,13],[-62,-25],[-101,23],[-128,-33],[-111,-80],[-43,-45],[-42,25],[-83,7],[-51,43],[-22,55],[-70,33],[-82,-7],[3,90],[-77,8],[-71,-24],[17,75],[35,20],[-54,131],[-47,42],[-43,118],[-25,-14],[-18,73],[33,43],[34,-26],[56,46],[18,53],[5,78],[-22,125],[-30,77],[-82,108],[-37,64]],[[2910,3454],[15,-61],[92,-18],[78,46],[6,-40],[37,-48],[55,-24],[35,2],[53,29],[87,-5],[76,-32],[-28,-41],[49,-39]],[[3465,3223],[-4,-29],[-64,-15],[5,-28],[-60,-110],[-43,-9],[-36,21],[-43,-23],[-15,-73],[-40,-22],[10,-47],[-41,-33],[18,-37],[72,31],[40,-14],[-18,-52],[-2,-52]],[[3244,2731],[-18,-36],[-51,4],[-38,-21],[-94,3],[-67,-30],[-64,-59],[12,-60],[-134,-96],[-51,19],[-53,-32],[-64,-12],[-45,-29],[-75,-92]],[[1800,2953],[30,49],[7,72],[19,26],[10,67],[54,61],[69,12],[57,-6],[137,-117],[89,-7],[20,-25],[47,-7],[61,-27],[39,-3],[74,31],[98,-1],[60,42],[31,104],[53,144],[-2,47],[120,41],[37,-2]],[[3463,2681],[75,-34],[45,15],[37,-24],[40,15],[64,-48],[68,-32],[60,-91],[46,16]],[[3898,2498],[-18,-60],[3,-63],[-28,-79],[12,-39],[-75,-65],[-52,-28],[-13,-33],[-63,-13],[-33,-68]],[[3631,2050],[-47,29],[-8,26],[-79,-2],[-32,-30],[-41,2],[-40,-52],[-80,-18],[-64,-120],[-78,-95],[-73,-28],[54,-120],[24,-25],[29,-88]],[[3196,1529],[-24,-60],[-84,-15],[-22,-40],[-70,-9],[-48,9],[-27,31],[-38,-8],[-48,33],[-124,-65],[-34,24],[-42,-2]],[[3244,2731],[100,14],[93,-60],[26,-4]],[[3465,3223],[41,-2],[66,32],[-16,23]],[[3556,3276],[66,17],[21,-38],[-28,-48],[123,9],[-73,-115],[-12,-58],[-29,-60],[-69,8],[-44,-35],[41,-76],[67,-3],[12,-27],[-39,-36],[-54,-15],[-49,-45],[-26,-73]],[[4330,2573],[-27,-31],[-50,-11],[-85,28],[-73,-12],[-18,14],[-66,-37],[-90,-4],[-23,-22]],[[3556,3276],[-2,53],[46,22],[75,17],[44,-19],[21,39],[38,-20],[5,-29],[60,-68],[58,1],[-2,37],[101,89],[-1,64],[77,15],[49,-15],[22,25],[64,15],[63,-25],[31,-48],[15,-74],[65,-20],[7,37],[-26,36],[69,40],[-67,57],[31,112],[-10,44],[67,-8],[54,29]],[[4510,3682],[4,-69],[34,-88],[2,-415],[-24,-47],[11,-58],[-34,-8],[-119,81],[-35,-5],[-55,-52],[-44,-101],[-49,-64],[-6,-108],[52,-66],[-2,-30],[60,-70],[25,-9]],[[2910,3454],[37,59],[94,72],[6,44],[39,159],[102,87],[58,10],[17,49],[85,46],[12,40],[67,87],[51,42],[83,7],[85,37],[37,78],[54,14],[46,-4],[77,22],[40,-2],[153,-69],[98,3],[60,16],[73,-19],[57,-26],[75,-252],[-5,-87],[36,-58],[33,-92],[30,-35]],[[4023,1270],[-43,77],[-71,42],[-61,12],[-36,24],[-44,-13],[-136,33],[-30,29],[30,51],[74,83],[-29,34]],[[3677,1642],[39,23],[-14,29],[17,54],[35,18],[-2,36],[48,56],[-37,85],[-30,7],[-67,55],[-35,45]],[[4330,2573],[83,-27],[130,-1],[-8,73],[15,88],[106,-7],[158,5],[-16,-94],[-48,-134],[-24,-119],[-14,-109],[-25,-39],[-20,-78],[-111,-112],[-76,-33],[-78,-83],[-89,-119],[-54,-116],[-178,-320],[-58,-78]],[[3877,1608],[-59,28],[-16,-61],[22,-26],[33,-85],[43,3],[56,-25],[21,48],[-8,36],[-56,83],[-36,-1]],[[4023,1270],[-55,-73],[-79,-56],[-33,-42],[-63,-40],[-78,-91],[-81,-108],[-150,-138],[-60,-32],[-18,-34],[-58,-51],[-234,-165],[-53,-19],[-118,-59],[-67,-4],[-97,19],[-82,-28],[-19,-47],[27,-30],[-87,-4],[-64,24],[-70,-8],[-27,-68],[-112,10],[-92,34],[-154,25]],[[3196,1529],[24,-1],[41,-59],[42,-37],[92,-17],[51,93],[-4,36],[43,37],[81,10],[65,22],[46,29]]],"objects":{"ZAF.geo":{"type":"GeometryCollection","geometries":[{"arcs":[[0,1,2,3,4]],"type":"Polygon","properties":{"name":"Northern Cape","postal":"NC"},"id":"ZAF"},{"arcs":[[5,6,-4]],"type":"Polygon","properties":{"name":"Western Cape","postal":"WC"},"id":"ZAF"},{"arcs":[[7,8,9,-1,10]],"type":"Polygon","properties":{"name":"North West","postal":"NW"},"id":"ZAF"},{"arcs":[[11,12,13,14,-2,-10,15]],"type":"Polygon","properties":{"name":"Orange Free State","postal":"FS"},"id":"ZAF"},{"arcs":[[-16,-9,16,17]],"type":"Polygon","properties":{"name":"Gauteng","postal":"GT"},"id":"ZAF"},{"arcs":[[18,-12,-18,19,20]],"type":"Polygon","properties":{"name":"Mpumalanga","postal":"MP"},"id":"ZAF"},{"arcs":[[-20,-17,-8,21]],"type":"Polygon","properties":{"name":"Limpopo","postal":"NP"},"id":"ZAF"},{"arcs":[[22,23,-13,-19,24],[25]],"type":"Polygon","properties":{"name":"KwaZulu-Natal","postal":"NL"},"id":"ZAF"},{"arcs":[[[-26]],[[26,-6,-3,-15,27,-23]]],"type":"MultiPolygon","properties":{"name":"Eastern Cape","postal":"EC"},"id":"ZAF"}]}}}