{"type":"Topology","transform":{"scale":[0.002664802963077774,0.0023351818553376267],"translate":[21.97987756329889,-18.069231871353793]},"arcs":[[[2934,2532],[-122,-37],[-10,-40],[20,-50],[-92,37],[-54,-11],[-32,17],[-30,63],[-47,56],[-122,93],[-16,33],[-36,143],[31,42],[14,116],[55,155],[22,14],[-18,70],[-2,96],[-22,32],[22,50],[0,75],[19,54],[-44,136],[24,40],[29,-20],[9,63],[105,130],[53,134],[-15,31],[-72,55],[248,43]],[[2851,4152],[-30,-52],[-26,-9],[-33,-53],[-40,-122],[-24,-14],[-19,-64],[81,-47],[9,-60],[-13,-30],[13,-42],[65,-51],[103,-30],[49,-76],[0,-76],[-35,-71],[-44,7],[-106,-68],[-12,-67],[-20,-42],[-71,-45],[-2,-55],[-29,-38],[69,-57],[47,19],[-22,57],[114,73],[51,-26],[41,-66],[3,-28],[-22,-161],[54,66],[59,-6],[117,-94],[0,-49],[-76,-102],[-172,-31],[4,-110]],[[4388,3212],[-32,-16],[-44,-55],[-45,-14],[-48,8],[-2,99],[11,37],[-67,6],[-7,33],[-102,3],[-101,-71],[-55,-30],[-27,-62],[38,-51],[-25,-48],[17,-33],[-34,-40],[-16,-63],[-3,-88],[78,-19],[59,-75],[-61,-92],[-35,-78],[-20,-68],[-49,-71],[-27,-144],[-25,-57],[-39,-24],[0,-41],[-60,-37],[-29,-36],[-14,-58],[-38,-38],[-40,-5]],[[3546,1984],[-1,48],[-23,41],[-6,93],[-47,27],[-43,-36],[-33,35],[-64,7],[-42,33],[10,74],[-26,38],[-50,9],[-24,49],[5,54],[-132,56],[-29,24],[-32,63],[-50,-18],[-25,-50]],[[2934,2531],[0,1]],[[2851,4152],[373,65],[0,-35],[-39,-26],[1,-62],[50,-21],[30,14],[42,-15],[86,-102],[60,25],[29,50],[32,13],[72,-47],[6,-45],[45,-45],[43,9],[55,-17],[-7,-39],[81,-18],[29,-27],[65,-3],[50,-53],[74,-11],[17,-24],[61,-29],[27,-40],[-7,-43],[75,0],[11,-41],[61,-86],[-21,-49],[84,-93],[9,-75],[43,-70]],[[3546,1984],[-77,-63],[-38,-19],[-18,-48]],[[3413,1854],[-76,-81],[-291,-1],[31,-47],[47,-25],[-2,-42],[-99,-105],[-15,-71],[21,-27]],[[3029,1455],[-57,4],[-87,-38],[-62,-42],[-16,-49],[-87,3],[-106,-37],[-46,-46],[-95,-16],[-62,18],[-43,-84],[-160,35],[-32,-17],[52,-53],[-4,-46],[-40,-13],[-16,-37]],[[2168,1037],[-39,9],[-10,46],[-35,14],[-46,-35],[-49,-63],[-20,94],[-97,11],[-47,51],[-37,6],[-533,16]],[[1255,1186],[0,52],[34,25],[15,43],[-12,61],[20,76],[27,49]],[[1339,1492],[27,13],[284,-40],[79,88],[56,-3],[72,17],[19,103],[-25,40],[0,71],[15,30],[-38,53]],[[1828,1864],[186,-10],[19,-70],[24,5],[61,81],[5,24],[70,-22],[25,-70],[25,-25],[83,22],[96,-10],[90,18],[0,52],[105,89],[42,57]],[[2659,2005],[39,-20],[152,89],[33,-32],[-23,-32],[38,-35],[36,14],[0,542]],[[1828,1864],[-23,31],[26,88],[46,53],[-4,48],[28,22],[18,64],[-79,47],[7,35],[-14,60],[76,64],[-4,81],[83,-6],[56,44],[32,-25],[29,25]],[[2105,2495],[29,-26],[62,19],[48,-47],[48,-4],[17,-22],[78,-9],[31,-30],[33,-74],[-14,-18],[41,-66],[32,17],[50,-65],[38,-69],[12,-63],[22,-37],[27,4]],[[3413,1854],[1,1],[-3,-3],[2,2]],[[4388,3212],[-65,-86],[-68,-21],[-14,-41],[8,-51],[33,-56],[-60,-108],[-7,-63],[34,-20],[4,-124],[-22,-74],[2,-36],[47,-79],[53,2],[-57,-78],[-45,-6],[-86,-34],[-32,-68],[24,-52],[-14,-104],[12,-29],[-30,-39],[-17,-64],[-56,-56],[51,-100],[71,-81],[40,26],[18,-33],[-366,-139],[-214,-78],[-93,-49],[-223,-57],[-124,-51],[-63,-35],[-39,-6]],[[3090,1322],[-3,65],[-58,68]],[[3090,1322],[5,-53],[23,-74],[22,-17],[16,-74],[-23,-69],[-74,12],[-45,-10],[-66,14],[-123,-38],[-38,-5],[-83,-42],[-54,-57],[-36,-4]],[[2614,905],[-75,3],[-133,70],[-58,-14],[-115,66],[-65,7]],[[1339,1492],[-87,3],[-103,-25],[-30,36],[33,54],[15,76],[-131,57],[-30,67],[-40,-10],[-65,10],[-56,22],[-90,-40],[-116,5],[-118,-62],[-54,-14],[-3,40],[-81,35],[-46,48],[-51,-15],[-8,-32],[-67,34],[-96,88],[-27,6],[-50,-28],[-38,26]],[[0,1873],[0,297],[467,0],[291,0],[-51,91],[29,110],[34,63],[-29,100],[5,115],[8,25],[-13,70],[40,114],[-19,52],[-3,125],[42,27],[4,-53],[64,-3],[32,-30],[6,-60],[-33,-63],[52,-24],[44,8],[56,51],[86,24],[68,4],[58,26],[17,-36],[-17,-38],[8,-70],[19,-47],[42,-24],[20,-32],[40,20],[39,-31],[47,3],[53,-47],[65,1],[54,-15],[39,11],[28,-21],[58,-11],[87,9],[27,24],[24,128],[63,17],[21,-102],[70,-48],[37,-111],[26,-27]],[[2614,905],[-32,-40],[-7,-101],[6,-44],[-36,-62],[-31,22],[-90,-26],[-80,-46],[-58,-78],[-71,27],[-56,-93],[-58,-45],[-23,-58],[-65,-81],[10,-47],[-53,-39],[-53,-70],[4,-41],[-35,-37],[-44,-10],[-71,-36],[-109,56],[-77,22],[-84,-48],[-43,12],[-6,28],[-63,40],[-70,-18],[-67,10],[-130,116]],[[1122,218],[19,97],[29,48],[-3,36],[71,99],[-10,86],[-54,14],[-40,51],[53,74],[55,38],[51,89],[-33,24],[22,111],[-52,21],[-11,58],[44,105],[-8,17]],[[1122,218],[-107,29],[-35,-15],[-69,23],[-70,-2],[-280,-63],[-58,34],[-54,10],[-67,98],[-88,53],[-20,49],[-76,64],[-65,100],[-36,3],[-32,29],[-27,60],[-38,135],[0,506],[0,542]]],"objects":{"ZMB.geo":{"type":"GeometryCollection","geometries":[{"arcs":[[0,1]],"type":"Polygon","properties":{"name":"Luapula","postal":"LP"},"id":"ZMB"},{"arcs":[[2,3,4,-2,5]],"type":"Polygon","properties":{"name":"Northern","postal":"NO"},"id":"ZMB"},{"arcs":[[6,7,8,9,10,11,12,13,-4]],"type":"Polygon","properties":{"name":"Central","postal":"CE"},"id":"ZMB"},{"arcs":[[-13,14,15]],"type":"Polygon","properties":{"name":"Copperbelt","postal":"CO"},"id":"ZMB"},{"arcs":[[16]],"type":"Polygon","properties":{"name":"Eastern","postal":"EA"},"id":"ZMB"},{"arcs":[[17,18,-8,-7,-3]],"type":"Polygon","properties":{"name":"Eastern","postal":"EA"},"id":"ZMB"},{"arcs":[[-19,19,20,-9]],"type":"Polygon","properties":{"name":"Lusaka","postal":"LS"},"id":"ZMB"},{"arcs":[[-15,-12,21,22]],"type":"Polygon","properties":{"name":"North-Western","postal":"NW"},"id":"ZMB"},{"arcs":[[-21,23,24,-10]],"type":"Polygon","properties":{"name":"Southern","postal":"SO"},"id":"ZMB"},{"arcs":[[-11,-25,25,-22]],"type":"Polygon","properties":{"name":"Western","postal":"WE"},"id":"ZMB"}]}}}