{"type":"Topology","transform":{"scale":[0.002198348112010777,0.0020628137890659963],"translate":[25.226411513983052,-22.39733978300461]},"arcs":[[[3414,2758],[-30,-18],[-104,17],[-56,-23],[-124,-28],[-45,-65],[-28,-63],[-55,-52],[-2,-46],[-68,-84],[-41,-23],[-65,-60],[-42,22],[13,48],[-72,6],[-29,-36],[1,-59]],[[2667,2294],[-49,-27]],[[2618,2267],[-96,48],[2,29],[-64,0],[-5,96],[46,98],[4,46],[-81,5],[-15,96],[13,28],[-22,51],[-44,23],[-9,46],[23,70],[-65,68],[-35,-4],[-29,-45],[-39,17],[35,85],[-18,8],[-24,72],[118,105],[-7,67]],[[2306,3276],[46,2],[3,-177],[206,1],[53,-31],[64,32],[66,-13],[66,-67],[53,-17],[75,-5],[85,-69],[18,-39],[172,-11],[174,-71],[27,-53]],[[2571,2156],[13,71],[34,40]],[[2667,2294],[50,-25],[10,-65],[-33,-35],[-16,-56],[-23,-7],[-84,50]],[[1281,2579],[43,-33],[12,-79],[38,-49]],[[1374,2418],[-21,-134],[-52,-33],[-10,-88],[-25,-31],[30,-58],[-30,-50],[-2,-142],[14,-22],[212,-9],[275,7],[10,-33],[-113,-56],[27,-122],[35,-48],[-9,-39],[51,-57],[-5,-37],[57,-55]],[[1818,1411],[-47,-4],[-16,-153],[-56,-16],[4,-62],[-59,-32],[-1,-27],[-75,-89],[-33,19]],[[1535,1047],[37,11],[0,47],[-114,42],[-8,-53],[39,-43]],[[1489,1051],[-73,-52],[-90,123],[-68,-17],[-35,-34],[-33,4],[-90,72],[-54,83],[-62,26],[-116,4],[-89,-6],[-119,-37]],[[660,1217],[-50,42],[-116,72],[-9,38],[-45,7],[-29,28],[-43,125],[-36,59],[5,59],[-12,38],[-57,52],[-25,89],[-42,31],[-73,81],[-55,126],[-41,35],[-32,66],[15,66],[34,-22],[73,-7],[85,21],[77,-46],[6,-31],[52,-14],[102,54],[94,-25],[126,-62],[92,40],[60,13],[62,46],[1,27],[87,100],[50,42],[52,18],[17,55],[45,84],[90,42],[25,40],[36,-27]],[[2337,1714],[95,-48],[40,-5],[29,-57],[-3,-38],[64,-51]],[[2562,1515],[-63,-53],[2,-121],[-17,-112],[-98,7],[-23,-71],[-76,-4],[-34,-17],[-10,-46],[34,-39],[11,-66],[69,-58],[23,-37],[15,-70],[-25,-79],[-2,-48],[-45,-42],[-80,3],[-73,54],[-27,-3],[-54,-45],[-41,-2]],[[2048,666],[-53,-9],[-60,19],[65,45],[27,120],[-40,15],[16,42],[47,44],[32,126],[31,65],[-33,48],[-38,-8],[-99,52],[-95,156],[-30,30]],[[1374,2418],[80,14],[36,-7],[73,84],[118,44],[27,-45],[132,-51],[10,-29],[50,-47],[-39,-52],[1,-84],[-54,-117],[20,-61],[32,-38],[126,-86],[-15,-45],[7,-51],[165,-63],[22,7],[95,-27],[77,-50]],[[3522,2488],[-46,-17],[-46,-36],[-24,-52],[-28,-11],[-37,-51],[-95,-44],[-55,-55],[-39,-23],[-4,-38],[-107,-110],[-21,-49],[-6,-74],[-50,-43],[13,-59],[32,-58],[27,-11],[42,-109],[-4,-65],[-70,16],[-38,31],[-65,-6],[-28,-52],[-56,23],[-46,-6],[-4,-55],[-50,-8]],[[2717,1526],[-91,1],[-45,27],[-19,-39]],[[2337,1714],[35,83],[26,-37],[72,25],[46,69],[18,91],[-43,74],[44,78],[10,72],[26,-13]],[[3414,2758],[81,0],[11,-52],[-47,-61],[56,-110],[7,-47]],[[3267,537],[-44,28],[-28,69],[-32,16],[-20,66],[51,121],[40,266],[-3,57],[-63,41],[-78,27],[-145,177],[-126,50],[-102,71]],[[3522,2488],[24,-47],[-29,-56],[22,-50],[-3,-104],[-20,-11],[-8,-111],[17,-66],[-3,-46],[30,-27],[-17,-65],[-58,-33],[23,-92],[-16,-30],[-88,-23],[-1,-87],[59,-7],[19,-43],[-15,-81],[-27,-38],[2,-55],[27,-21],[-7,-64],[98,-64],[-16,-105],[-51,-50],[-18,-89],[-50,-61],[-41,-70],[-60,-3],[-20,-60],[12,-102],[-13,-40],[-58,-75],[31,-75]],[[2048,666],[49,-66],[57,-96],[68,-68],[66,-46],[54,-4],[80,-65],[47,-21],[73,-116],[90,-87],[38,-67]],[[2670,30],[-117,26],[-94,-24],[-57,10],[-94,-13],[-75,21],[-86,46],[-85,33],[-45,2],[-138,-31],[-54,58],[-76,10],[-22,33],[7,90],[-81,19],[-105,52],[-75,-5],[-82,31],[-128,16],[-54,123],[-95,107],[0,108],[16,53],[-13,58],[7,62],[-48,18],[-130,-2],[-18,118],[-24,59],[-85,49],[-46,5],[-113,55]],[[1489,1051],[46,-4]],[[3267,537],[-253,-280],[-190,-211],[-66,-46],[-57,36],[-31,-6]],[[1281,2579],[3,44],[31,68],[115,27],[36,-28],[39,57],[47,7],[35,-44],[58,14],[25,96],[-34,53],[16,40],[-10,40],[16,106],[28,60],[50,8],[65,65],[101,48],[46,5],[149,43],[79,-15],[54,11],[76,-8]]],"objects":{"ZWE.geo":{"type":"GeometryCollection","geometries":[{"arcs":[[0,1,2,3]],"type":"Polygon","properties":{"name":"Mashonaland Central","postal":"MC"},"id":"ZWE"},{"arcs":[[4,-2,5]],"type":"Polygon","properties":{"name":"Harare","postal":"HA"},"id":"ZWE"},{"arcs":[[6,7,8,9,10,11]],"type":"Polygon","properties":{"name":"Matabeleland North","postal":"MN"},"id":"ZWE"},{"arcs":[[12,13,14,-8,15]],"type":"Polygon","properties":{"name":"Midlands","postal":"MI"},"id":"ZWE"},{"arcs":[[16,17,-13,18,-6,-1,19]],"type":"Polygon","properties":{"name":"Mashonaland East","postal":"ME"},"id":"ZWE"},{"arcs":[[20,-17,21]],"type":"Polygon","properties":{"name":"Manicaland","postal":"MA"},"id":"ZWE"},{"arcs":[[22,23,-11,24,-9,-15]],"type":"Polygon","properties":{"name":"Matabeleland South","postal":"MS"},"id":"ZWE"},{"arcs":[[-25,-10]],"type":"Polygon","properties":{"name":"Bulawayo","postal":"BU"},"id":"ZWE"},{"arcs":[[-21,25,-23,-14,-18]],"type":"Polygon","properties":{"name":"Masvingo","postal":"MV"},"id":"ZWE"},{"arcs":[[-3,-5,-19,-16,-7,26]],"type":"Polygon","properties":{"name":"Mashonaland West","postal":"MW"},"id":"ZWE"}]}}}