{"type":"Topology","transform":{"scale":[0.0002299778987038441,0.00021520937681769698],"translate":[-85.94650169745233,8.034737886599983]},"arcs":[[[10696,6658],[-459,294],[-10,3],[-44,24],[-38,31],[-111,122],[-51,-16],[-18,-21],[-20,-40],[-8,-10],[-8,-5],[-7,-8],[-10,-6],[-10,-5],[-12,-3],[-14,0],[-14,-2],[-51,5],[-12,-3],[-22,-8],[-61,-31],[-8,0],[-8,8],[-10,61],[-14,50],[-4,10],[-12,14],[-20,13],[-65,21],[-22,16],[-12,10],[-47,72],[-83,-11],[-22,0],[-95,22],[-12,2],[-14,13],[-14,16],[-22,37],[-18,37],[-9,22],[-2,10],[-30,66],[-34,59],[-6,7],[-14,11],[-17,5],[-34,6],[-18,-3],[-14,-8],[-8,-5],[-12,-6],[-21,6],[-90,47],[-53,22],[-12,2],[-24,21],[-95,135],[-39,67],[0,10],[-4,11],[-24,21],[-83,29],[-30,58],[-8,21],[-8,24],[-10,45],[-35,5],[-161,-39],[-26,8],[-25,2],[-12,0],[-36,-10],[-53,-21],[-12,-3],[-12,0],[-10,5],[-6,11],[-6,10],[-2,14],[0,13],[4,21],[12,29],[30,53],[77,72],[53,39],[32,37],[125,215],[-87,39],[-16,11],[-8,5],[8,37],[115,201],[200,77],[4,3],[115,0],[39,-5],[10,-8],[14,-3],[16,3],[14,5],[55,63],[52,6],[23,10],[18,16],[12,19],[10,37],[-18,103],[-10,119],[-12,42],[-15,27],[-88,103],[-7,5],[-20,14],[-38,26],[-38,34],[-15,22],[-10,18],[-62,222]],[[8713,9765],[545,-259],[190,-95],[264,-133],[425,-209],[113,-42],[628,-5],[460,-13],[87,-19],[-10,-19],[-53,-82],[-34,-76],[-16,-82],[8,-101],[49,-164],[12,-85],[-29,-82],[-187,-243],[-130,-170],[-34,-58],[-99,-262],[-252,-317],[-59,-133],[-16,-140],[10,-45],[10,-58],[26,-61],[8,-13],[14,-16],[9,-13],[28,-61],[16,-51]],[[9492,12727],[12,-11],[49,-13],[14,-5],[10,-8],[10,-8],[22,-24],[17,-19],[12,-23],[2,-16],[0,-16],[-12,-93],[2,-24],[4,-15],[12,-16],[16,-16],[16,-16],[38,-24],[15,-16],[12,-13],[10,-13],[0,-8],[-4,-5],[-20,7],[-15,0],[-18,0],[-46,-13],[-127,-10],[-25,-6],[-46,-15],[-73,-51],[-44,-50],[-18,-13],[-41,-24],[-36,-24],[-18,-16],[-6,-8],[-8,-26],[-5,-43],[-6,-142],[4,-43],[-26,-201],[2,-26],[4,-11],[6,-11],[14,-15],[6,-11],[5,-11],[0,-13],[0,-16],[-4,-37],[2,-16],[2,-16],[18,-45],[2,-13],[0,-21],[-25,-98],[-38,-63],[-18,-19],[-8,-8],[-10,-5],[-12,-3],[-12,-2],[-9,-6],[-10,-10],[-34,-72],[-12,-18],[-16,-32],[-4,-21],[-2,-27],[10,-68],[6,-19],[58,-114],[13,-50],[8,-24],[10,-18],[14,-16],[6,-11],[0,-24],[-4,-31],[-14,-69],[-4,-56],[2,-13],[-4,-24],[-12,-34],[-53,-119],[-14,-24],[-204,-230]],[[8840,10057],[-160,-19],[-86,-114],[-25,-29],[-22,-8],[-95,-8],[-85,-18],[-192,-16],[-22,-8],[4,-24],[16,-37],[99,-156],[57,-66],[12,-37],[8,-111],[34,-43],[21,-18],[14,-16],[4,-35],[-26,-92],[-53,-154],[-85,-53],[-115,-39],[-46,-8],[-111,8],[-19,0],[-161,-77],[-49,24],[-86,45],[-77,-16]],[[7594,8932],[-8,42],[0,24],[2,13],[2,16],[22,34],[79,90],[2,14],[50,704],[8,637],[6,532],[10,747],[9,992],[2,19]],[[7778,12796],[38,-6],[52,8],[81,-82],[49,-21],[52,40],[29,0],[52,-53],[109,71],[73,-18],[52,55],[59,11],[48,-34],[19,-80],[262,-220],[30,-13],[41,-8],[42,11],[61,42],[28,11],[119,-24],[18,11],[89,108],[287,117],[24,5]],[[13075,4814],[-2,3],[-42,34],[-14,11],[-69,23],[-75,77],[-22,35],[-26,82],[-23,37],[-18,13],[-28,13],[-151,45],[-11,8],[-12,11],[-14,23],[-6,19],[-48,249],[-15,45],[-10,21],[-6,8],[-8,8],[-8,8],[-157,92],[-17,14],[-32,31],[-169,233],[-19,5],[-28,6],[-93,-8],[-62,-13],[-13,0],[-24,5],[-32,10],[-67,38],[-42,29],[-20,10],[-81,29],[-22,11],[-10,5],[-9,5],[-82,75],[-17,13],[-22,10],[-14,3],[-20,-5],[-32,-16],[-15,-13],[-10,-11],[-52,-74],[-8,-8],[-18,-8],[-81,-8],[-24,-5],[-17,-8],[-14,-19],[-8,-5],[-10,-8],[-10,0],[-10,5],[-12,35],[-2,16],[-4,13],[-16,13],[-13,8],[-113,37]],[[10946,6129],[-54,40],[-16,16],[-37,53],[-143,420]],[[8713,9765],[60,209],[27,40],[40,43]],[[9492,12727],[285,71],[152,85],[12,124],[-39,167],[-4,199],[2,23],[-6,24],[32,21],[25,-5],[28,3],[32,-6],[87,-105],[111,-215],[79,-230],[-10,-146],[-63,82],[-115,297],[73,-371],[-8,-148],[-125,-114],[66,14],[45,31],[42,40],[57,37],[-19,-21],[-4,-29],[8,-35],[15,-37],[16,53],[20,109],[24,58],[210,-617],[265,-656],[311,-550],[830,-1146],[67,-56],[278,-357],[170,-180],[103,63],[40,-29],[115,-21],[23,-34],[4,-88],[14,-71],[32,-64],[55,-63],[204,-318],[64,-47],[251,-360],[188,-188],[111,37],[26,-74],[24,-188],[40,-85],[67,-55],[291,-106],[105,-11],[101,3],[97,-8],[83,-48],[109,-174],[74,-45],[3,-6],[48,-172],[-34,-2],[-67,37],[-65,10],[-32,-50],[-18,-177],[-28,-61],[-57,-8],[-81,13],[-76,27],[-43,21],[-46,53],[-55,113],[-46,53],[-33,-18],[-44,18],[-180,162],[-252,106],[-81,-11],[-81,-71],[-50,-74],[-8,-43],[54,-98],[30,-129],[19,-27],[28,-8],[20,-13],[-6,-37],[-65,-40],[-232,-34],[-81,-29],[-38,-66],[-10,-90],[4,-384],[6,-559],[10,-759]],[[9028,3099],[-33,-13],[-56,10],[-26,24],[58,32],[61,3],[-4,-56]],[[3118,7852],[2,3],[10,10],[25,14],[10,2],[10,5],[28,64],[14,11],[10,7],[12,11],[7,21],[14,40],[8,21],[10,13],[24,22],[4,7],[0,11],[-14,16],[-6,18],[2,30],[44,177],[17,48],[12,29],[-2,10],[-8,11],[-63,16],[-12,2],[-8,8],[-6,8],[-6,27],[-4,29],[-10,21],[-5,11],[-4,10],[-12,19],[-24,23],[-18,27],[-10,8],[-10,5],[-33,13],[-28,16],[-26,8],[-41,-2],[-12,2],[-10,5],[-20,14],[-10,5],[-40,5],[-11,3],[-14,-3],[-42,-5],[-18,3],[-18,10],[-17,16],[-14,21],[-8,27],[18,37],[39,37],[107,55],[46,16],[29,3],[8,-8],[8,-8],[8,-8],[8,-5],[20,8],[113,69],[22,8],[95,23],[26,40],[43,151]],[[3387,9223],[101,-95],[264,-112],[33,-21],[30,14],[69,-30],[169,-103],[77,-26],[83,-3],[79,37],[50,-45],[111,-71],[49,-45],[0,-29],[-87,-24],[4,-66],[54,-77],[57,-58],[-36,-14],[-33,-26],[-54,-56],[66,-31],[75,-8],[156,5],[0,-29],[-61,-45],[-77,-35],[-68,-47],[-29,-82],[-16,-19],[-101,-61],[-20,-34],[-22,-85],[-18,-37],[-136,72],[-74,5],[-31,-61],[19,-37],[68,-90],[-12,-18],[-141,-75],[-24,-5],[-15,-24],[-103,-55],[-20,-37],[-95,-320],[-40,-83],[-53,-71],[-32,0],[-121,265],[-362,521],[-2,0]],[[3484,9612],[42,-24],[18,3],[43,-11],[24,-21],[36,-11],[45,0],[0,-29],[-53,-18],[-66,-19],[-75,-5],[-73,8],[-76,34],[-39,43],[-60,116],[82,29],[37,3],[139,-24],[127,-42],[0,-32],[-151,0]],[[5980,8315],[-38,-32],[42,-21],[32,-18],[15,-14],[18,-15],[6,-8],[26,-37],[22,-43],[2,-18],[4,-27],[-8,-37],[-6,-18],[-10,-14],[-8,-5],[-10,-5],[-12,-3],[-14,-2],[-83,5],[-26,-3],[-12,-5],[-11,-5],[-8,-8],[-6,-8],[-2,-11],[-2,-13],[2,-13],[33,-117],[10,-55],[-2,-90],[0,-16],[10,-27],[97,-180],[4,-10],[28,-154],[12,-34],[20,-45],[27,-37],[30,-32],[14,-10],[46,-6],[134,24],[30,-13],[12,-3],[16,0],[69,21],[12,0],[14,-2],[10,-6],[10,-5],[19,-26],[10,-8],[8,-6],[12,-2],[12,-3],[12,3],[14,5],[12,13],[25,56],[6,10],[12,11],[50,42],[16,16],[9,14],[4,13],[2,26],[-15,93],[2,10],[9,8],[26,6],[50,0],[115,21],[186,10],[63,-5],[24,-21],[16,-13],[29,-40],[6,-5],[48,-11],[154,5],[58,-26],[63,-5],[196,18],[38,-5],[12,-3],[14,-13],[12,-21],[10,-37],[0,-21],[0,-19],[-10,-40],[-2,-29],[2,-13],[6,-18],[15,-19],[34,-32],[34,-13],[20,-3],[39,6],[56,2],[39,-5],[24,-11],[10,-5],[10,-18],[8,-24],[10,-58],[0,-30],[-4,-18],[-12,-21],[-8,-24],[16,-29],[95,-45],[71,-146],[99,-100],[283,-201],[68,-24],[6,10],[8,8],[8,8],[7,8],[10,3],[12,5],[12,3],[14,0],[12,-3],[14,-10],[14,-19],[31,-58],[6,-19],[20,-90],[4,-10],[141,-151],[27,-40],[16,-29],[-6,-48],[2,-26],[6,-53],[28,-93],[22,-45],[12,-18],[15,-21],[30,-27],[216,-103],[34,-11],[12,3],[10,3],[7,8],[8,8],[38,55],[8,8],[10,5],[12,6],[14,2],[13,3],[12,0],[12,-3],[12,-2],[42,-21],[61,-64],[99,-127],[14,-29],[2,-13],[2,-11],[34,-119],[4,-11],[11,-18],[30,-37],[394,-270],[10,-5],[48,2],[37,8],[10,0],[16,-2],[12,-6],[18,-13],[20,-24],[6,-8],[19,-13],[12,-3],[12,-2],[12,0],[10,2],[10,8],[8,8],[45,69],[16,16],[14,11],[10,5],[8,5],[10,8],[4,16],[4,24],[-12,108],[2,19],[8,24],[31,66],[10,29],[-4,53],[-4,26],[-7,19],[-6,10],[-2,14],[-6,8],[-6,7],[-12,0],[-12,-2],[-12,0],[-10,2],[-8,8],[-6,8],[-8,8],[-10,6],[-39,8],[-8,5],[-6,10],[0,11],[42,236],[4,10],[13,24],[119,140],[10,19],[12,26],[28,114],[14,24],[12,18],[95,106]],[[13075,4814],[0,-53],[131,58],[39,0],[32,-24],[14,-34],[14,-37],[18,-29],[25,-16],[99,-45],[198,-156],[198,-72],[60,-42],[113,-198],[16,-45],[-2,-6],[-60,-103],[-131,-85],[-449,-195],[-50,-38],[-43,-60],[22,-22],[33,-21],[0,-63],[-39,-51],[-131,-84],[-36,-40],[-4,-71],[22,