{"type":"Topology","transform":{"scale":[0.0006309355506017528,0.0003575396497207849],"translate":[-8.156005756877402,54.03457265820157]},"arcs":[[[3553,1712],[11,-115],[58,48]],[[3622,1645],[100,-23]],[[3722,1622],[-14,-60],[-124,-31],[-95,-77]],[[3489,1454],[-40,-34],[-13,56],[-69,52],[-18,77],[-36,40]],[[3313,1645],[32,19],[-26,56],[62,36]],[[3381,1756],[62,2],[29,-46],[39,36],[42,-36]],[[1595,2836],[-39,-47],[34,-38],[34,-97],[70,0],[-17,-53],[23,-112],[48,-37],[20,-120],[2,-83],[46,-65]],[[1816,2184],[-57,-4],[-37,-23],[-63,23],[-10,28],[-74,76],[-53,-18],[-21,56],[-1,53],[-106,10],[23,74],[-88,24],[-43,-19],[-46,7],[-29,53],[-38,21]],[[1173,2545],[14,42],[-10,71],[13,52],[80,105],[253,47],[72,-26]],[[1944,2051],[-11,-45],[-53,-29]],[[1880,1977],[-40,-30],[11,-104],[-19,-53],[49,-32],[-5,-56],[35,-103],[-18,-83]],[[1893,1516],[-22,-52],[4,-56],[-45,-46],[-40,-6],[-18,-46],[-83,-26],[-21,-49],[-34,-20],[-71,4],[-74,-31],[-23,-31],[-52,0],[-74,-32],[-56,2],[-30,-21]],[[1254,1106],[-88,17],[-139,-87],[-81,68],[-1,76],[-26,76],[-4,61],[28,105],[44,9],[-25,53],[-77,-11],[-65,52],[-50,-4],[-37,63]],[[733,1584],[64,69],[65,-4],[83,50],[26,-14],[96,39],[28,-26],[80,74],[39,68],[96,47],[34,63],[63,-8],[44,43],[56,24],[151,-11],[43,33],[96,21],[35,25],[73,-27],[39,1]],[[2538,1199],[70,-126],[41,-4],[1,-60],[34,-48],[44,-3],[47,47]],[[2775,1005],[48,-149],[-5,-132],[29,-46]],[[2847,678],[-23,-27],[-42,25],[-70,-22],[-64,-42],[-14,-52],[-28,-25],[-41,25],[-62,-50],[-45,4],[-52,-55],[-17,-70]],[[2389,389],[-56,58],[-35,13],[-61,-41],[-69,52],[-57,82],[-22,79],[-70,47],[40,43],[-21,93]],[[2038,815],[63,43],[-4,49],[44,60],[-8,58],[23,34],[125,-26],[34,77],[-6,36],[65,55],[71,-41],[33,27],[60,12]],[[3345,593],[-27,-44],[11,-82],[37,-85],[45,40],[60,23],[65,-41],[93,14]],[[3629,418],[-27,-177],[-45,-82],[-67,-36],[-49,-54],[-88,-64],[-62,-5],[-53,26],[44,36],[-141,49],[-18,51],[-43,17],[-114,18],[-67,-20],[-44,36],[-21,-38],[2,-62],[-17,-33],[-90,-22],[-27,37],[-43,-2],[-136,-53],[-49,10],[-34,-43],[-89,88],[25,65],[-15,64],[36,48],[14,51],[-22,66]],[[2847,678],[25,-33],[98,0],[142,-54],[123,-10],[66,28],[44,-16]],[[3496,965],[17,-47],[-49,-61],[5,-57],[31,-84],[-29,-18],[-36,-109],[-78,51],[-12,-47]],[[2775,1005],[21,20],[98,-27],[146,17],[37,42],[7,58]],[[3084,1115],[69,30],[47,-19],[122,-83],[-7,-54],[88,-33],[62,21],[31,-12]],[[2999,1560],[-32,-79],[17,-117],[54,-56],[-21,-47],[17,-53],[46,-47],[4,-46]],[[2538,1199],[-17,85],[-29,41],[89,88]],[[2581,1413],[143,81]],[[2724,1494],[10,-4],[155,87],[70,-39],[40,22]],[[2038,815],[-25,55],[-32,10],[-25,66],[-99,85],[-53,28],[-50,-5],[-46,-47],[-77,-126],[-52,-40],[-47,1]],[[1532,842],[-67,-38],[-34,17],[-39,98],[-61,7],[-36,50],[15,55],[-47,40],[-9,35]],[[1893,1516],[104,-34],[67,8],[47,24],[91,-34],[45,24],[37,-59],[47,26],[60,-12],[15,27],[175,-73]],[[3489,1454],[49,-41],[32,-57],[10,-51],[46,-62]],[[3626,1243],[-18,-36],[-57,-46],[9,-46],[-52,-66],[16,-54],[-28,-30]],[[2999,1560],[54,-2],[145,75],[115,12]],[[2627,1879],[37,-36],[86,-108],[4,-41],[-24,-104],[-6,-96]],[[1880,1977],[39,-34],[86,-3],[102,35],[72,-28],[32,15],[63,-84],[60,-29],[132,57],[42,-11],[23,42],[96,-58]],[[3284,2118],[61,-49],[-4,-55],[-25,-19],[12,-62],[26,-32],[-19,-53],[1,-68],[45,-24]],[[2627,1879],[4,46],[30,64],[11,62],[-17,41]],[[2655,2092],[146,-17],[57,54],[36,-20],[98,16],[88,-35],[32,57],[63,14],[109,-43]],[[2614,2465],[24,-71],[33,-177],[-16,-125]],[[1944,2051],[45,21],[3,39],[-31,34],[2,40]],[[1963,2185],[45,42],[-1,58],[124,-14],[55,52],[13,101],[-20,27]],[[2179,2451],[70,50],[67,-36],[62,21],[24,31],[88,-36],[68,19],[34,47]],[[2592,2547],[22,-82]],[[3256,2664],[105,-108],[19,-39],[-6,-69],[-19,-37],[17,-105],[48,-23],[52,12],[33,-63],[-23,-33],[-96,-6],[20,-56]],[[3406,2137],[-122,-19]],[[2614,2465],[74,5],[42,-19],[-28,139],[62,12],[30,33],[36,-19],[61,62],[10,31],[61,-4],[71,26],[79,48]],[[3112,2779],[37,-18],[15,-55],[31,-44],[61,2]],[[3905,2058],[-79,-18],[-78,35],[-155,-20]],[[3593,2055],[-161,10],[-26,72]],[[3256,2664],[142,132],[49,60]],[[3447,2856],[21,-33],[-3,-51],[-29,-103],[92,-50],[69,-84],[18,-64],[72,-92],[25,-63],[21,-117],[87,-45],[-82,111],[25,49],[48,-14],[78,-90],[20,-88],[-4,-64]],[[3905,2058],[-24,-77],[-35,-40],[-141,-53],[-94,-76]],[[3611,1812],[-22,70],[-23,13],[22,86],[-20,47],[25,27]],[[3611,1812],[-58,-100]],[[4107,1784],[-20,-53],[-43,-22],[-19,-43],[-53,-32],[-77,-1],[-48,29],[-45,-36]],[[3802,1626],[-80,-4]],[[3622,1645],[50,76],[145,85],[84,-32],[190,31],[16,-21]],[[3989,1202],[22,-65],[-57,-172],[-11,-53],[73,45],[67,19],[46,-51],[16,-106],[-20,-81],[-94,-120],[-33,0],[-10,-57],[-25,-15],[-37,46],[-92,8],[-67,-7],[-131,-45],[-7,-130]],[[3626,1243],[79,35]],[[3705,1278],[43,-71],[84,-16],[36,-37],[110,33],[11,15]],[[2601,3117],[-92,-50],[-9,-93],[-56,-59],[50,-101],[-15,-57],[16,-70],[48,-53],[8,-64],[41,-23]],[[2179,2451],[-22,129],[-22,33],[46,61],[-47,50],[4,173],[-23,88],[-64,66],[33,86],[4,54]],[[2088,3191],[133,6],[181,86],[110,8],[39,39]],[[2551,3330],[24,-38],[7,-130],[19,-45]],[[2601,3117],[59,-1],[83,-63],[48,32],[50,-26],[27,-54],[35,-14],[153,46],[-12,-88],[9,-57],[59,-113]],[[1963,2185],[-39,33],[-79,-7],[-29,-27]],[[1595,2836],[79,-21],[55,8],[76,76],[-1,36],[31,97],[37,47],[10,126],[35,42],[100,-60],[71,4]],[[3802,1626],[4,-91],[-61,-68],[9,-34],[-57,-59],[8,-96]],[[733,1584],[-23,11]],[[710,1595],[-21,59],[-51,-32],[-98,70],[-36,-23],[-42,50],[-67,34],[-1,71],[-35,28],[78,40],[54,56],[120,-70],[54,4],[54,32],[84,73],[54,-16],[101,43],[13,107],[115,146],[41,110],[-7,100],[20,51],[33,17]],[[1532,842],[8,-53],[-39,-65],[53,-27],[-10,-39],[57,-50],[-22,-32],[10,-46],[-34,-23],[-87,-23],[-50,-75],[-4,-112],[-53,-42],[3,110],[-48,-29],[-12,-34],[37,-78],[-104,24],[-23,-6],[-39,69],[-40,3],[-65,-54],[-34,-7],[-169,42],[-37,80],[-115,89],[-122,-1],[-87,12],[-52,63],[-7,123],[-33,63],[-89,21],[-27,31],[-54,128],[-47,1],[-77,62],[-120,164],[9,85],[84,26],[66,53],[85,128],[120,-29],[62,-2],[61,24],[158,155],[65,24]],[[4107,1784],[45,-42],[35,-166],[56,-80],[16,-149],[50,-79],[6,-61],[-49,-115],[5,-92],[-44,-63],[-21,-84],[-40,16],[-31,95],[-47,66],[8,64],[36,48],[3,129],[-45,112],[-110,108],[-43,26],[-36,-44],[-18,-52],[51,-53],[54,-78],[1,-88]],[[2551,3330],[42,43],[70,23],[95,-47],[60,40],[40,-10],[153,-89],[61,-1],[92,32],[93,-27],[101,-124],[-5,-156],[-34,-107],[12,-25],[80,-5],[36,-21]],[[3141,3550],[-6,-65],[-52,41],[-79,0],[38,45],[99,-21]]],"objects":{"NIR.geo":{"type":"GeometryCollection","geometries":[{"arcs":[[0,1,2,3,4,5]],"type":"Polygon","properties":{"name":"Belfast","postal":"BF"},"id":"NIR"},{"arcs":[[6,7,8]],"type":"Polygon","properties":{"name":"Derry","postal":"LD"},"id":"NIR"},{"arcs":[[9,10,11,12,13]],"type":"Polygon","properties":{"name":"Omagh","postal":"OM"},"id":"NIR"},{"arcs":[[14,15,16,17,18]],"type":"Polygon","properties":{"name":"Armagh","postal":"AM"},"id":"NIR"},{"arcs":[[19,20,-17,21]],"type":"Polygon","properties":{"name":"Newry and Mourne","postal":"NM"},"id":"NIR"},{"arcs":[[22,-22,-16,23,24]],"type":"Polygon","properties":{"name":"Banbridge","postal":"BB"},"id":"NIR"},{"arcs":[[25,-24,-15,26,27,28]],"type":"Polygon","properties":{"name":"Craigavon","postal":"CR"},"id":"NIR"},{"arcs":[[-27,-19,29,30,-12,31]],"type":"Polygon","properties":{"name":"Dungannon","postal":"DN"},"id":"NIR"},{"arcs":[[32,33,-25,-26,34,-4]],"type":"Polygon","properties":{"name":"Lisburn","postal":"LB"},"id":"NIR"},{"arcs":[[35,-28,-32,-11,36]],"type":"Polygon","properties":{"name":"Ulster","postal":"UL"},"id":"NIR"},{"arcs":[[37,-5,-35,-29,-36,38,39]],"type":"Polygon","properties":{"name":"Antrim","postal":"AN"},"id":"NIR"},{"arcs":[[40,-39,-37,-10,41,42,43,44]],"type":"Polygon","properties":{"name":"Magherafelt","postal":"MF"},"id":"NIR"},{"arcs":[[45,46,-40,-41,47,48]],"type":"Polygon","properties":{"name":"Ballymena","postal":"BL"},"id":"NIR"},{"arcs":[[49,50,-46,51,52]],"type":"Polygon","properties":{"name":"Larne","postal":"LR"},"id":"NIR"},{"arcs":[[53,54,-50]],