{"type":"Topology","transform":{"scale":[0.00040543858722659346,0.0002181070194819367],"translate":[3.3492719525981864,50.74581963039276]},"arcs":[[[6193,4647],[56,-19],[0,-57],[18,-57],[37,-38],[94,0],[37,-38],[37,-172],[38,-57],[-19,-38],[19,-19],[18,-19],[19,-19],[56,-95],[0,-19],[19,-19],[18,-134],[19,-38],[0,-38],[-37,-57],[-56,57],[-38,0],[-112,-38],[-74,-19],[-19,0],[-93,38],[-93,19],[37,-286],[56,-266],[93,-134],[56,-152],[-93,-95],[-56,-57],[-75,-19],[-168,-57],[-242,-96],[-56,-76],[-19,-19],[-37,-95],[-37,-153],[0,-38],[-19,-19],[-19,-19],[-18,0],[-75,-19],[-37,-19]],[[5428,2152],[-19,19],[0,114],[-18,77],[-38,76],[-56,38],[-56,19],[-56,-38],[-112,-76],[-37,-38],[-298,19],[-75,-19],[-19,0],[-37,0],[0,171],[-56,57],[-37,19],[-93,-19],[-38,38],[-18,19],[-19,115],[-19,38],[-93,95],[-19,57],[19,95],[19,76],[18,77],[-56,95],[-74,57],[0,19],[-38,-19],[-18,-19],[0,-38],[-19,-57],[-37,-76],[-56,-96],[-75,-76],[-56,0],[-93,38],[-37,19],[-168,0],[-56,38],[19,58],[18,0],[112,-58],[-18,77],[0,76],[18,57],[0,76],[-18,38],[-56,19],[-38,19],[-37,19],[-75,-57],[-186,-266],[-37,-20],[-38,-19],[-37,0],[-75,19],[-74,-19],[-19,0],[-56,39],[0,57],[19,57],[18,76],[-18,38],[-38,0],[-74,-19],[-131,-57],[-130,-76],[37,-38],[-19,-38],[-18,-39],[0,-38],[18,-38],[56,-76],[19,-57],[-19,-76],[-37,-19],[-112,0],[-56,19],[-93,57],[-19,0]],[[2294,2857],[0,38],[0,19],[-37,38],[0,76],[0,57],[0,19],[0,20],[19,19],[-19,57]],[[2257,3200],[56,19],[19,95],[-19,114],[-56,76],[-56,39],[-19,0]],[[2182,3543],[19,95],[0,19],[0,57],[-19,57],[0,19],[-74,76]],[[2108,3866],[0,96],[-38,38]],[[2070,4000],[19,95]],[[2089,4095],[112,38],[93,0],[131,38],[93,76],[75,172],[261,-58],[93,0],[93,20],[94,57],[56,19],[74,0],[131,171],[37,95],[56,57],[75,58],[130,19],[56,19],[93,95],[75,0],[112,-19],[74,0]],[[4103,4952],[0,-38],[0,-19],[38,-57],[93,-77],[56,0],[37,0],[75,-76],[0,-76],[-19,-57],[19,-19],[448,57],[56,38],[37,38],[37,57],[19,77],[18,95],[38,19],[112,0],[37,19],[56,38],[56,19],[37,-38],[38,0],[149,19],[112,-19],[18,-38],[38,-76],[18,-19],[56,-19],[168,-134],[243,-19]],[[4906,7028],[56,-38],[111,-57]],[[5073,6933],[0,-38],[-18,-96],[0,-38],[18,-38],[75,-76],[0,-38],[0,-19],[-19,-19],[-18,0],[0,-19],[18,-19],[56,-38],[56,0],[19,-19],[19,-39],[18,-19],[19,0],[19,-38],[0,-19],[-19,-38],[0,-19],[19,-19],[0,-19],[-38,0],[-18,-38],[-19,-57],[-19,-19],[-18,-19],[0,-19],[18,0],[56,-38],[38,0],[18,19],[0,19],[19,0],[19,0],[0,19],[18,19],[0,19],[0,19],[-18,38],[37,0],[37,-95],[0,-19],[0,-19],[0,-115],[19,-133],[37,-76],[37,-57],[19,-38],[19,-19],[0,-19],[0,-39],[0,-57],[0,-38],[-94,38],[-186,134],[-112,19],[-19,-19],[-56,-38],[-18,0],[-38,0],[-56,19],[-55,-19],[-75,-58],[-56,-19],[-131,96],[-37,-19],[-37,-39],[-75,0],[-37,0]],[[4514,5599],[-19,0],[-37,39],[-37,19],[-19,76],[-37,19],[-38,19],[-18,-19],[-19,-19],[-56,-19],[-19,-19],[-37,-57],[-37,0],[-93,19],[-94,-58],[-56,-76],[-37,-19],[-56,0],[-19,-19],[-56,95],[-74,115],[-19,38],[0,19],[19,0],[18,19],[38,19],[-19,57],[-112,-19],[0,19],[75,152],[93,39],[19,38],[-112,0],[-37,171],[-38,19],[-18,38],[0,19],[74,76],[19,0],[18,-19],[56,-19],[0,19],[19,0],[-19,19],[-18,58],[0,38],[18,19],[-111,133],[-56,19],[-19,19],[-19,19],[-18,57]],[[3507,6761],[112,38],[37,38],[37,39],[56,38],[112,0],[19,76],[18,19],[38,0],[37,19],[56,38],[19,0],[18,-19],[19,0],[0,-19],[56,19],[93,-19],[-75,-38],[-18,-19],[18,-19],[0,-19],[0,-19],[19,0],[0,-19],[19,0],[0,-19],[18,-39],[-37,-57],[-19,-95],[19,-76],[0,-95],[75,19],[37,19],[93,19],[131,0],[56,38],[18,38],[19,57],[19,38],[0,38],[56,153],[37,76],[19,19],[18,0],[131,0],[19,0]],[[4514,5599],[-56,-152],[0,-19],[-93,-171],[0,-38],[0,-19],[0,-20],[-19,-19],[-187,-95],[-74,0],[18,-19],[0,-19],[-18,-38],[18,-38]],[[2089,4095],[-56,19],[-56,38],[-56,38],[-37,-38],[0,-19]],[[1884,4133],[0,19],[0,57],[0,38],[37,38],[37,19],[75,0],[-19,38],[-56,58],[-167,57],[-38,57],[-18,152],[-38,95],[-74,58],[-56,57],[-56,-38],[-56,-19],[-75,0],[-37,-19],[-19,-20],[-18,0],[-19,0],[-19,134],[75,57],[149,38],[19,38],[56,0],[74,-19],[75,-38],[19,0],[37,19],[19,19],[-19,38],[-56,114],[-19,20],[-18,19],[0,19],[0,38],[18,19],[19,19],[0,19],[-19,76],[-37,171],[-37,77],[18,38],[19,38],[112,-38],[93,19],[93,57],[355,495],[298,514],[224,457]],[[2835,7237],[112,-57],[19,0],[37,0],[56,19],[56,-19],[-112,-190],[0,-19],[0,-19],[0,-38],[-19,-58],[-37,-57],[19,-38],[18,0],[19,-19],[19,-19],[18,0],[56,0],[112,38],[56,19],[93,38],[19,0],[19,-76],[0,-19],[18,-19],[94,57]],[[2835,7237],[19,58],[149,495],[19,133],[0,38],[56,114],[112,896],[37,228],[0,57],[37,153],[93,304],[19,153],[19,76],[0,114],[18,95],[38,38],[149,-38],[19,38],[18,-38],[-37,-133],[56,-95],[112,-19],[93,0],[56,38],[93,95],[56,19],[93,19],[112,57],[243,248]],[[4514,10380],[0,-19],[18,-57]],[[4532,10304],[-149,-153],[-93,-76],[-112,-38],[56,-57],[112,-286],[19,-95],[18,-286],[19,-76],[37,-19],[19,-19],[37,-19],[37,19],[19,19],[37,19],[19,19],[37,-19],[131,-57],[19,-19],[18,-57],[0,-57],[0,-57],[-74,-38],[-38,-39],[-37,-114],[-37,-57],[-149,-95],[-38,-19],[-37,-19],[-37,57],[-19,19],[-56,19],[-93,-19],[-38,-76],[0,-115],[38,-133],[74,-209],[19,-115],[-37,-57],[0,-19],[18,-38],[-18,0],[-56,-38],[18,-19],[19,-38],[19,-38],[37,-19],[-19,-57],[-18,-39],[-19,-19],[-37,-19],[-19,-38],[-19,-76],[-18,-38],[-38,38],[0,-38],[-18,19],[-19,0],[-37,19],[0,-38],[-19,-19],[-18,-19],[149,-95],[56,-19],[93,-19],[56,-19],[131,-96],[37,-19],[56,-19],[112,19],[56,0],[168,-152]],[[3805,10837],[0,-19],[56,0],[-19,-57],[-37,-76],[-75,-115],[-111,-114],[-56,-114],[-75,-38],[-93,38],[-38,133],[0,114],[56,134],[56,114],[131,114],[56,134],[56,114],[74,0],[19,-38],[0,-19],[0,-19],[-19,-19],[38,-76],[18,-77],[0,-76],[-37,-38]],[[9177,9599],[-19,-76],[-18,-152],[-19,-496],[-19,-152],[-56,-95],[-93,19],[-37,19],[-112,-19],[-131,38],[-242,0],[-75,-19],[-37,-38]],[[8319,8628],[-37,19],[0,38],[0,38],[-19,0],[0,19],[-187,95],[-37,0],[-74,-19],[-112,-76],[-38,-38],[0,-19],[0,-133],[-93,57],[-19,0],[-18,0],[-19,-19],[-19,0],[-18,0],[0,19],[-19,19],[-19,0],[0,-19],[-18,0],[-56,-19],[-19,0],[-18,0],[-19,76],[-19,19],[-37,57],[-37,38],[-19,38],[-19,0],[-112,0],[-18,0],[-93,57],[-38,19],[-18,0],[0,-19],[-19,-19],[-19,0],[-18,19],[-19,0],[0,19],[-19,19],[-18,19],[-75,248],[19,57],[74,19],[75,115],[19,38],[-19,38],[-37,38],[-19,19],[-112,152]],[[6864,9656],[205,191],[75,95],[18,38],[38,19],[56,0],[56,-19],[93,-57],[112,76],[19,19],[55,133],[19,19],[0,19],[-37,77],[-131,209],[0,38],[-18,57],[0,19],[0,20],[-19,19],[-56,38],[-37,19],[-19,19],[0,57]],[[7293,10761],[56,-19],[19,19],[37,76],[19,38],[0,38],[37,76],[0,19],[19,0],[0,58],[37,57],[37,19],[56,38],[75,95],[93,-38],[37,-38],[38,19],[37,-76],[37,-76],[19,0],[0,-19],[37,-19],[75,-115],[37,-76],[0,-19],[19,0],[149,57],[56,0],[37,-19],[93,-114],[112,-133],[56,-58],[56,-57],[75,-95],[93,-114],[112,-172],[131,-171],[18,0],[0,-38],[-56,-172],[56,-19],[19,-19],[56,-57],[0,-19],[0,-19]],[[3917,11370],[-75,-57],[-74,38],[112,153],[168,152],[149,114],[130,-19],[0,-19],[-56,0],[-37,-19],[-75,-38],[-186,-209],[-56,-96]],[[6864,9656],[-112,-38],[-37,0],[-56,-19],[0,-19],[0,-19],[-37,-38],[-94,0],[-18,0],[-19,38],[-37,38],[-19,0],[0,19],[0,-19],[-19,0],[-37,-19],[-19,0],[0,-19],[-18,-19],[0,-19],[-19,-19],[-19,0],[-55,-57],[-19,0],[-19,0],[-74,0],[0,19],[-38,19],[-93,-57]],[[6006,9428],[-19,76],[-74,76],[-19,19],[-56,-19]],[[5838,9580],[19,0],[-37,38],[-168,57],[-38,0],[-56,-19],[-37,-38],[-37,-19],[-38,-19],[-37,19],[-56,38],[-37,19],[-149,0],[-75,19],[-56,57],[-19,19],[-18,19],[-19,0],[0,39],[0,38],[0,19],[19,0],[37,57],[37,38],[19,19],[-37,76],[37,57],[19,76],[-19,77],[-19,38],[19,57],[0,57],[-19,57],[-18,19],[-19,57],[-19,38],[-18,96],[-224,-153],[-243,-228]],[[4514,10380],[242,248],[38,38],[56,57],[112,19],[37,38],[56,114],[74,305],[38,152],[93,115],[56,57],[93,38],[37,57],[38,57],[56,57],[37,19],[131,19],[74,76],[392,172],[93,76],[56,0],[168,95],[242,19],[262,19]],[[6995,12227],[-19,-76],[-19,-38],[19,-114],[37,-19],[56,0],[0,-19],[19,0],[0,-19],[19,-19],[18,0],[19,0],[18,0],[0,19],[56,-19],[0,