{"type":"Topology","transform":{"scale":[0.0006139525027206868,0.0006160575599515264],"translate":[51.9786149505195,16.64240603031402]},"arcs":[[[10001,11071],[0,-2],[352,44],[411,-389],[-75,-368]],[[10689,10356],[-246,-57],[-272,-160],[-100,-11],[-373,-272],[-160,-310],[559,-1827],[183,-490]],[[10280,7229],[-518,246],[-2681,1247]],[[7081,8722],[323,386],[258,721],[313,1288]],[[7975,11117],[470,20],[483,-452],[189,-19],[61,-29],[418,64],[50,99],[355,271]],[[10280,7229],[174,-84],[-230,-706]],[[10224,6439],[-34,10],[-47,-3],[-49,-15],[-51,-31],[-67,-16],[-20,-14],[-10,-14],[-29,-76],[-1,-18],[10,-17],[6,-16],[-15,-13],[-19,-8],[-41,-8],[-29,-14],[-30,-17],[-38,-35],[-14,-17],[-10,-18],[-4,-22],[5,-16],[23,-23],[5,-16],[-12,-35],[-29,-21],[-70,-28],[-29,-16],[-28,-22],[-24,-27],[-9,-30],[-9,-17],[-18,-21],[-17,-28],[-1,-40],[31,-66],[10,-40],[-27,-58],[-24,-89],[-2,-24],[-3,-47],[-38,-86],[-26,-91],[-20,-42],[-103,-142],[-16,-43],[7,-50],[11,-19],[15,-14],[12,-16],[5,-22],[1,-51],[-2,-24],[-8,-20],[-13,-43],[-2,-32],[11,-31],[78,-124],[13,-27],[11,-44],[0,-44],[-8,-41],[-28,-75],[-7,-33],[4,-38],[33,-82],[16,-25],[41,-46],[10,-27],[-14,-66],[-1,-34],[61,-106],[0,-23],[-40,-38],[-24,-18],[-6,-3],[-73,-9],[-8,-10],[-8,-9],[-18,-13],[-19,-11],[-17,-5],[-338,16],[-92,-14]],[[8904,3738],[-1413,357],[-1986,3105],[-22,30]],[[5483,7230],[20,63],[86,258],[81,241],[72,216],[61,184],[46,141],[31,90],[10,31],[9,26]],[[5899,8480],[39,6],[1143,236]],[[10870,5728],[-8,14],[-8,12],[-8,51],[-2,51],[4,27],[0,1],[-4,16],[10,128],[9,21],[18,22],[9,9],[29,21],[12,3],[4,3],[2,3],[8,30],[4,10],[27,9],[28,2],[27,3],[29,19],[13,17],[7,8],[5,21],[1,3],[8,62],[10,30],[14,25],[78,97],[31,58],[18,54],[14,19],[24,6],[21,-27],[-3,-28],[-11,-30],[-7,-32],[4,-35],[9,-26],[51,-86],[15,-25],[-7,-18],[-14,-12],[-63,-45],[-66,-34],[-30,-26],[-38,-55],[-20,-38],[-19,-77],[-15,-29],[0,-17],[1,-2],[3,-14],[0,-11],[-8,-13],[-55,-50],[-28,-38],[-16,-16],[-14,-5],[-21,-2],[-18,-4],[-8,-11],[-5,-16],[-14,-19],[-18,-14],[-19,0]],[[11859,10142],[43,-104],[7,-24],[12,-30],[30,-22],[59,-30],[64,-95],[9,-27],[22,-25],[69,-59],[51,-25],[37,-30],[37,-21],[9,-8],[2,-15],[-9,-5],[-14,3],[-11,6],[0,-23],[12,-10],[20,-3],[24,3],[125,40],[44,-16],[65,-46],[10,-2],[26,4],[9,-2],[5,-8],[3,-17],[3,-8],[0,-5],[-1,-8],[1,-9],[11,-11],[9,-5],[10,-3],[10,-4],[10,0],[7,8],[-12,18],[-23,25],[7,21],[17,1],[33,5],[43,-11],[36,-43],[23,-54],[9,-49],[-32,-265],[-22,-72],[-32,-64],[-93,-122],[-49,-38],[-27,-27],[-12,-29],[-5,-37],[-29,-78],[-8,-79],[-15,-32],[-66,-25],[-19,-28],[-27,-59],[-129,-163],[-49,-145],[-31,-68],[-152,-227],[-13,-52],[-5,-14],[-13,-11],[-229,-95],[-48,-27],[-181,-139],[-221,-217],[-68,-96],[-15,-15],[-23,-15],[-26,-34],[-50,-88],[-5,-14],[-4,-57],[-5,-18],[-10,-14],[-95,-71],[8,-35],[-28,-22],[-68,-32],[2,-3],[-13,-30],[-2,0],[-10,-11],[-8,-8],[-4,-9],[4,-15],[10,-16],[14,-12],[17,-8],[24,11],[27,24],[18,9],[-1,-31],[-17,-23],[-29,-20],[-30,-8],[-15,17],[-10,0],[-9,-23],[-12,-45],[-13,-22],[-13,-11],[-35,-19],[-18,-16],[-21,-31],[-18,-41],[-13,-45],[-5,-42],[-41,-78],[-22,-57],[2,-27],[-9,-12],[-9,-54],[-5,-13],[-13,-1],[-22,-8],[-22,-11],[-15,-13],[-12,-43],[-34,-17],[-46,1],[-43,15],[-30,14],[-22,6],[-54,2],[-20,-3],[-39,-15],[-23,-4],[4,14],[10,8],[-8,5],[-57,14],[-34,3],[-34,14],[-4,32],[21,66],[0,-20],[6,-18],[13,-16],[15,-14],[7,33],[-17,73],[17,33],[21,34],[17,46],[4,49],[-14,34]],[[10689,10356],[488,-306],[536,-64],[107,109],[39,47]],[[6372,1400],[-24,-14],[-49,0],[-15,-8],[-7,14],[-1,3],[9,13],[19,9],[23,5],[32,-19],[13,-3]],[[6626,1381],[-26,-3],[-72,3],[-23,8],[-14,36],[44,24],[63,20],[42,19],[5,-22],[0,-1],[15,-21],[22,-14],[23,-8],[-51,-30],[-28,-11]],[[8904,3738],[-387,-57],[-201,-54],[-276,-108],[-105,-72],[-69,-34],[-38,-26],[-16,-35],[-14,-18],[-174,-164],[-30,-59],[-7,-76],[11,-53],[2,-19],[-6,-21],[-24,-32],[-8,-25],[-15,-33],[-4,-17],[0,-67],[-15,-68],[-83,-188],[23,-32],[-4,-35],[-23,-31],[-31,-24],[-72,-30],[-34,-19],[-50,-85],[-11,-8],[-23,-7],[-11,-6],[-76,-81],[-5,-11],[3,-36],[-20,-5],[-255,32],[-32,-5],[-48,-22],[-36,-6],[-140,11],[-32,-5],[-106,-41],[-59,-14],[-418,-18],[-163,-41],[-37,-3],[-13,-3],[-9,-7],[-6,-8],[-10,-6],[-31,0],[-1,0],[-54,-13],[-14,-7],[-23,-27],[-23,-64],[-16,-26],[-24,-27],[-6,-13],[-26,-66],[-6,-12],[-22,-25],[-151,-118],[-47,-81],[-10,-32],[-5,-38],[6,-44],[18,-21],[55,-30],[31,-31],[13,-34],[0,-74],[-10,-31],[-67,-86],[-4,-14],[-2,-24],[1,-19],[10,-9],[13,-7],[1,-11],[-7,-22],[-9,-8],[-44,-20],[-15,-10],[-9,-14],[-7,-13],[-7,-28],[-16,-26],[5,-7],[-15,-18],[-49,-16],[-25,-12],[-8,-15],[-9,-22],[-14,-20],[-19,-10],[-67,-72],[-73,-51],[-10,0],[-15,25],[-20,-11],[-20,-24],[-19,-12],[-26,-3],[-23,-8],[-23,-5],[-23,5],[-26,-26],[-29,-9],[-67,-8],[-55,-21],[-27,0],[-18,21],[-19,-10],[-30,4],[-19,-7],[-55,35],[-11,-13],[-15,32],[-6,29],[-19,20],[-67,13],[-46,14],[-20,3],[-20,-1],[-33,-7],[-19,-3],[-58,11],[-22,0],[-16,-5],[-35,-14],[-10,-3],[-76,22],[-41,2],[-33,-24],[-15,8],[-16,3],[-303,-33],[-129,0],[-29,-6],[-72,-35],[-16,-13],[-7,-14],[0,-13],[4,-12],[3,-11],[-6,-15],[-23,-20],[-5,-10],[-18,-17],[-42,-8],[-74,-3],[-98,-21],[-32,-1],[-29,-10],[-34,-19],[-33,-13],[-29,8],[-31,-19],[-41,-31],[-36,-37],[-15,-30],[-14,-19],[-31,-17],[-57,-24],[-53,-14],[-260,-5],[-138,-19],[-266,-82],[-138,-68],[-102,220],[-102,220],[-101,220],[-103,218],[-63,136],[-16,24],[-29,9],[-61,3],[-24,15],[2,0],[9,1],[3,2],[-52,115],[-69,157],[-70,156],[-69,157],[-70,157],[-70,158],[-69,156],[-71,157],[-69,156],[-70,157],[-70,157],[-69,156],[-70,157],[-69,156],[-70,157],[-70,157],[-69,156],[-46,105],[-12,25],[182,60],[278,92],[278,93],[279,93],[280,92],[278,94],[279,91],[278,94],[279,91],[279,94],[279,91],[278,94],[279,91],[280,94],[278,92],[278,93],[279,92],[245,82],[52,156],[10,32],[31,92],[48,141],[60,181],[73,217],[79,241],[86,257],[90,268],[68,202]],[[5899,8480],[60,182],[0,38],[-17,34],[-86,135],[-132,202],[-132,203],[-131,202],[-132,203],[-104,160],[18,237],[-10,237],[5,48],[51,156],[155,250],[36,98],[35,163],[18,54],[31,41],[0,2],[60,60],[23,31],[54,201],[14,29],[77,102],[6,23],[-5,121],[-8,48],[-25,35],[-59,33],[-29,22],[-14,30],[7,24],[70,11],[69,25],[32,16],[48,24],[45,15],[46,8],[54,-1],[53,-8],[25,1],[27,8],[29,5],[42,-30],[31,-3],[190,71],[102,24],[18,25],[-60,100],[-19,68],[-26,58],[-48,19],[-91,-34],[-29,1],[-101,21],[-20,9],[-3,24],[13,28],[64,103],[10,24],[5,79],[-2,14],[-13,14],[-32,19],[-12,13],[-5,24],[4,88],[-20,68],[-2,35],[16,22],[23,22],[10,56],[46,38],[-5,31],[-24,49],[-9,18],[-4,30],[8,60],[0,30],[-15,125],[18,51],[49,57],[46,38]],[[6318,13477],[9,-8],[561,-662],[161,-496],[10,-141],[254,-101],[483,-391],[150,-527],[29,-34]],[[10015,11479],[-7,-13],[-1,-3],[4,-2],[-53,-231],[43,-159]],[[6318,13477],[8,6],[56,32],[63,15],[65,-9],[4,0],[45,-25],[18,-49],[14,-72],[7,-34],[-39,25],[-22,11],[-23,5],[-28,-8],[-5,-21],[11,-24],[62,-50],[47,-112],[50,-37],[23,-1],[3,-2],[35,2],[30,8],[16,17],[9,27],[36,39],[25,60],[1,0],[25,10],[60,8],[30,12],[53,48],[9,8],[46,30],[9,16],[0,11],[4,30],[5,52],[8,10],[8,7],[88,8],[36,-131],[105,-198],[17,-15],[11,-38],[11,-68],[192,-331],[39,-41],[93,-74],[178,-200],[34,-50],[16,-30],[14,-48],[160,-175],[194,-151],[152,-112],[53,-32],[231,-82],[299,-73],[126,-50],[94,-29],[68,-11],[37,-1],[111,6],[30,-6],[47,-57],[16,-11],[40,-10],[46,-22],[41,-5],[213,11],[72,-5],[65,-12]],[[7005,14585],[-68,-19],[-27,-3],[-25,7],[-11,11],[-16,33],[-14,11],[-39,6],[-6,3],[-3,2],[-10,19],[-8,73],[2,28],[17,16],[21,16],[13,20],[-8,21],[-38,46],[-8,27],[9,25],[31,40],[11,23],[7,146],[10,47],[4,30],[-8,34],[-26,61],[-19,3],[-82,-20],[-38,-2],[7,15],[16,58],[107,153],[40,73],[17,16],[27,13],[1,-10],[-1,-22],[18,-25],[-5,-10],[-7,-23],[12,0],[16,14],[43,3],[7,9],[11,5],[21,-6],[20,-19],[5,-29],[11,19],[10,-1],[15,-7],[19,0],[45,31],[16,3],[50,-13],[12,2],[4,14],[-8,14],[-13,11],[-11,5],[-32,3],[-20,0],[-14,-8],[-9,-11],[-16,-14],[-20,-8],[-18,5],[0,19],[12,68],[0,25],[49,-35],[20,-6],[9,24],[-8,12],[-18,16],[-23,14],[-18,7],[7,14],[9,3],[10,0],