{"type":"Topology","transform":{"scale":[0.0005981138183291,0.00034339615285179035],"translate":[-5.302684246628568,51.38422272290029]},"arcs":[[[2611,2148],[58,-21],[-7,-82],[72,-33],[14,-59],[28,-38],[-2,-30],[-50,-55],[-37,-70],[-4,-50],[19,-67],[-39,-47],[-11,-84],[9,-63],[-18,-47],[-51,-54],[-24,-86],[-56,-94]],[[2512,1168],[-32,43],[-80,0],[-29,-21],[11,-51],[-31,-34],[-30,22],[-31,-26]],[[2290,1101],[-75,13],[-53,-34],[-23,-32],[-31,-122],[-48,-76]],[[2060,850],[-42,-32],[-85,5],[-90,55],[-24,-18],[-132,-21],[-36,15],[-86,90],[-21,54],[69,-10],[15,28],[-56,29],[-16,34],[23,54],[-22,37],[-36,-65],[-27,-1],[-29,35],[-38,-27],[38,-55],[-57,-33],[-64,-3],[-126,18],[-109,-23]],[[1109,1016],[3,176],[-4,37],[-39,56],[-65,0],[-37,-15],[-71,13],[13,41],[58,21],[-1,41],[-26,26],[14,43],[65,73],[65,12],[38,-7],[57,26],[133,85],[39,33],[0,26],[-49,72],[-30,91],[-28,37]],[[1244,1903],[104,-1],[145,-27],[173,11],[118,0],[54,26],[70,85],[70,58],[99,47],[40,-21],[79,-5],[30,37],[61,36],[88,-5],[27,11],[91,-21],[45,-32],[37,0],[36,46]],[[1244,1903],[-80,25],[-59,51],[-92,13],[5,113]],[[1018,2105],[34,-28],[-4,86],[64,33],[207,-8],[49,60],[50,17],[65,57],[74,81],[93,20],[199,183],[97,149],[49,102],[22,66],[29,190],[37,101],[-10,96],[24,28],[54,-25],[29,12],[86,73]],[[2266,3398],[33,6]],[[2299,3404],[100,8],[47,-22],[18,-45],[-8,-84],[34,-66],[78,15],[36,42],[34,-6],[-20,-92],[-35,-25],[-5,-62],[68,-50],[43,-110],[6,-54],[34,-2],[31,-46],[-17,-24],[-70,-13],[-45,-46],[25,-59],[-2,-35],[26,-37],[-56,-47],[-11,-63],[-2,-98],[-16,-70],[9,-101],[-15,-56],[25,-8]],[[1109,1016],[-65,-46],[-3,-72],[-54,-124],[-38,27],[-40,-42],[-149,4],[-52,-26],[-43,-68],[-61,-51],[-25,19],[-109,38],[-41,32],[16,30],[-25,57],[-82,23],[-32,40],[10,20],[129,-20],[13,42],[68,-21],[78,42],[82,18],[40,31],[40,9],[-48,51],[-10,71],[24,62],[-94,-10],[34,-51],[-9,-44],[23,-22],[-30,-62],[-130,-34],[-36,-1],[-233,34],[-53,-34],[-83,69],[46,31],[43,55],[85,26],[32,57],[-17,162],[-14,36],[-35,3],[-30,28],[-66,10],[-30,22],[-23,-19],[-93,-21],[-19,62],[20,20],[-13,55],[16,18],[91,17],[51,56],[141,49],[53,49],[5,75],[24,19],[-18,38],[46,21],[65,-9],[89,-52],[80,22],[20,33],[65,-28],[52,6],[-11,62],[14,37],[55,11],[33,24],[65,105],[31,36],[44,-18]],[[3615,4112],[46,-34],[52,-5],[41,-48],[99,-30],[16,-32],[45,-33],[-10,-40],[-76,-34],[-25,-62],[-13,-110],[-50,-45],[-14,-79],[-70,-59],[-13,-58],[23,-54],[-9,-47],[48,-8],[33,48],[78,61],[25,2],[42,-50],[6,-35],[-64,-72],[-27,-48],[-128,-8],[-61,-41],[-77,-33],[-39,-54],[3,-70],[21,-40],[57,-40],[103,-89],[55,-62],[190,-16],[-12,-55],[-45,-37],[-14,-39],[18,-58],[42,-14],[-8,-40],[-57,-3],[-28,-16],[-63,-72],[-17,-51],[-68,-106],[14,-44],[39,-14],[-18,-35],[-60,-26],[35,-54],[-19,-34],[-18,-75],[61,-70],[12,-102],[48,-97]],[[3764,1745],[-17,-44],[-4,-88],[48,-152],[-49,-54],[-4,-39],[-36,-72],[-46,-10],[-69,-44]],[[3587,1242],[-83,-6],[-113,17],[-27,-23],[3,-39]],[[3367,1191],[-75,-9]],[[3292,1182],[-23,-3],[-16,48],[-48,18],[-32,47],[-51,-33]],[[3122,1259],[-60,-1],[-12,-76],[-115,-48],[-19,-34],[-42,-31]],[[2874,1069],[-13,32],[-95,50],[-79,-33],[-46,14],[-17,-36],[-50,-8],[-62,80]],[[2299,3404],[26,44],[61,23],[63,67],[17,80],[-10,41],[62,99],[56,-15],[61,24],[47,-5],[52,37],[111,20],[49,102],[-14,96],[-28,61],[16,79],[16,22],[84,41],[61,4],[35,79]],[[3064,4303],[57,-15],[76,31]],[[3197,4319],[27,2],[4,-52],[121,-68],[57,-85],[-5,-35],[44,-19],[86,41],[84,9]],[[3055,368],[-80,-50],[-1,-76],[11,-50],[-14,-42],[-83,-45]],[[2888,105],[-49,74],[-98,89],[-54,-14],[-38,21],[-50,65],[11,22],[-17,72]],[[2593,434],[101,-22],[85,48],[-19,81],[-51,51],[25,51],[23,102],[109,-17],[66,22]],[[2932,750],[97,-72],[49,-80],[-23,-230]],[[3658,922],[11,-28],[63,-31],[-9,-148],[24,-37],[50,-33]],[[3797,645],[-130,-54],[1,-23],[42,-48],[-31,-57]],[[3679,463],[-91,28],[-94,-7],[-25,-15]],[[3469,469],[-49,98],[-74,203]],[[3346,770],[41,29],[3,53],[-36,95],[-49,169],[-13,66]],[[3367,1191],[53,-67],[41,-93],[38,1],[66,-37],[93,-73]],[[3346,770],[-129,156],[-100,153],[42,32],[-37,148]],[[3469,469],[-81,-84],[-25,-46]],[[3363,339],[-52,38],[-14,-39],[-69,19],[-34,-32],[-60,32],[-24,26],[-55,-15]],[[2932,750],[1,34],[-35,55],[-5,53],[8,90],[-7,31],[-34,30],[14,26]],[[3679,463],[12,-29],[46,-21],[-15,-53]],[[3722,360],[-49,-31],[-43,-49],[-16,-46],[-53,-34]],[[3561,200],[-47,43],[-82,-4],[-18,9],[-51,91]],[[3561,200],[21,-61],[-11,-63],[-30,-37],[-57,15],[-118,-54],[-418,42],[-60,63]],[[2593,434],[-51,126],[-43,37],[-41,76],[-38,25],[-53,-7]],[[2367,691],[95,192],[-172,218]],[[2367,691],[-126,-17],[-46,-27],[-17,-45],[42,-81],[-95,0],[-36,18],[-21,-35],[-93,25],[-75,-68],[-51,20],[-28,-30],[-99,46],[-29,2],[-12,40],[32,26],[-19,68],[-1,45],[58,20],[24,45],[33,-45],[52,18],[86,6],[79,22],[36,66],[-1,40]],[[3644,4899],[-15,-22],[-15,-109],[0,-71],[77,-97],[-176,-75],[-185,-16],[-104,-127],[-29,-63]],[[3064,4303],[3,92],[26,28],[-40,88],[70,73],[14,44],[-59,9]],[[3078,4637],[-11,165],[-15,68],[-67,67],[-114,23],[146,165],[39,75],[-4,124],[-24,56],[-45,53],[8,172]],[[2991,5605],[237,122],[19,1]],[[3247,5728],[-25,-55],[-11,-102],[54,-37],[15,-34],[-11,-79],[11,-79],[71,-123],[45,-56],[32,-16],[102,-11],[78,-173],[36,-64]],[[3922,5126],[-58,-16],[-188,-169],[-32,-42]],[[3247,5728],[51,2],[98,-62],[35,-53],[214,-146],[46,-67],[18,56],[108,-34],[107,-91],[71,-94],[-4,-47],[-61,-42],[-8,-24]],[[3922,5126],[99,-123],[45,-104],[34,-144],[74,-94],[63,-9],[68,-44],[19,-72],[-2,-59],[-103,-62],[-27,11],[-88,97],[-50,11],[-92,-20],[-43,47],[-76,-2],[-127,-94],[-44,-71],[-37,-38],[13,-61],[-53,-85],[20,-98]],[[1082,5636],[49,4],[37,-37],[39,-67],[6,-38],[31,-57],[-39,-31],[-34,32],[-34,67],[-31,24],[-49,-4],[-39,78],[44,42],[20,-13]],[[1838,5574],[43,-2],[69,21],[14,29],[50,-15],[49,2],[43,-22],[-34,-39],[-58,-114],[-81,-33],[-82,-54],[-41,-55],[-15,-56],[-59,-45],[-26,-34],[-107,-67],[-38,-2],[-43,20],[-34,-18],[1,69],[36,50],[-34,27],[-37,-56],[-26,-1],[-79,58],[-6,83],[-34,34],[-56,114],[-30,39],[14,96],[7,161],[-21,85],[30,23],[214,76],[168,-21],[80,-54],[17,-93],[54,-32],[-1,-52],[34,-47],[19,-75]],[[3078,4637],[-54,-35],[-41,14],[-81,-12],[-44,48],[12,45],[-25,28],[-114,-53],[-84,-72],[-80,-42],[-34,-37],[-56,22],[-65,57],[-39,67],[-19,64],[-84,-38],[-58,0],[-7,34],[26,68],[-13,86],[-51,82],[4,65],[45,56],[45,79],[39,127],[-123,140]],[[2177,5430],[43,38],[183,79],[57,0],[-17,54],[-49,53],[51,20],[50,-45],[33,18],[36,-13],[62,-76],[27,-17],[190,5],[67,16],[81,43]],[[2266,3398],[-46,16],[-131,-41],[-25,22],[-77,112],[-19,45],[6,72],[27,72],[35,56],[36,30],[11,52],[93,68],[-23,24],[-57,-32],[-127,166],[-40,98],[5,24],[48,31],[-25,109],[4,61],[110,87],[-23,22],[-38,-37],[-30,37],[-43,-35],[-46,-3],[-95,16],[-121,-40],[-61,-39],[-116,1],[-66,-48],[-59,-73],[-33,-70],[20,-69],[-46,-40],[-111,74],[-39,1],[-33,-35],[-37,-10],[-94,10],[-72,-57],[-13,75],[34,61],[232,286],[121,46],[135,110],[32,60],[110,75],[21,90],[8,156],[48,-10],[14,46],[67,86],[49,27],[57,108],[38,48],[44,31],[101,20],[40,-18],[111,58]],[[3587,1242],[48,-47]],[[3635,1195],[30,-84],[6,-180],[-13,-9]],[[4187,522],[-58,29],[-34,32],[10,32],[81,79],[15,26],[-18,37],[-57,16],[-103,-69],[-82,11],[-27,-6]],[[3914,709],[-16,43],[-9,74],[0,121],[-24,37],[-51,15],[-19,37],[-2,69],[-25,58],[-54,32],[-79,0]],[[3764,1745],[39,-59],[49,-48],[28,-70],[49,-41],[47,10],[50,40],[35,10],[164,-158],[78,-106],[56,-6],[61,-55],[8,-29],[-36,-61],[-8,-63],[17,-45],[-22,-69],[37,-147],[-37,-48],[17,-34],[13,-87],[-79,-89],[-80,-21],[-63,-47]],[[4187,522],[-30,-23],[-71,-27],[-141,-11],[-53,60],[-68,-91],[-102,-70]],[[3797,645],[117,64]]],"objects":{"WLS.geo":{"type":"GeometryCollection","geometries":[{"arcs":[[0,1,2,3,4,5]],"type":"Polygon","properties":{"name":"Carmarthenshire","postal":"CI"},"id":"WLS"},{"arcs":[[-6,6,7,8,9]],"type":"Polygon","properties":{"name":"Ceredigion","postal":null},"id":"WLS"},{"arcs":[[-7,-5,10]],"type":"Polygon","properties":{"name":"Pembrokeshire","postal":"PE"},