{"type":"Topology","transform":{"scale":[0.0031992645083012377,0.003167259811798013],"translate":[112.9194442070001,-54.50900516158191]},"arcs":[[[9954,4351],[152,-20],[144,-44],[157,-71],[66,-3],[184,59],[103,12],[32,-22],[48,52],[68,-16],[51,50],[73,-33],[37,-50],[-19,-39],[19,-63],[-23,-151],[12,-79],[-45,2],[-43,-74],[-2,-74],[-37,-97],[37,-27],[-2,-76],[-66,-30],[12,110],[-93,19],[-43,-13],[-47,-85],[-46,-43],[-45,-75],[-47,-28],[-91,23],[-153,-6],[-8,66],[-51,16],[-48,79],[-66,40],[-37,83],[-27,19],[-20,91],[35,5],[-33,102],[-87,81],[-55,93],[-23,105],[-23,27],[50,85]],[[10951,4672],[81,-76],[37,-71],[-64,-30],[-76,76],[22,101]],[[9737,4565],[-47,-24],[-25,60],[6,75],[71,23],[16,-115],[-21,-19]],[[7722,5975],[-15,-44],[112,0],[41,-12],[-12,-50],[-64,19],[-60,-16],[-54,-55],[-72,33],[-156,-26],[-62,48],[16,46],[155,30],[86,27],[85,0]],[[12,9164],[56,-126],[-29,-18],[-39,98],[12,46]],[[12618,9400],[-2,-43],[29,-44],[-66,-142],[-33,-106],[-35,77],[39,71],[-16,42],[64,53],[-19,69],[39,23]],[[11914,9806],[55,-23],[27,-71],[-27,-9],[-72,92],[17,11]],[[10413,11456],[37,-62],[-41,-14],[-14,42],[18,34]],[[8369,12016],[-43,-10],[-79,-76],[-53,5],[47,74],[93,25],[35,-18]],[[7442,12889],[-15,-22],[35,-87],[-27,-13],[75,-62],[-95,-3],[-56,20],[-16,79],[51,76],[48,12]],[[5459,13589],[35,-117],[-60,22],[-33,37],[-6,69],[52,38],[12,-49]],[[5496,13649],[23,-37],[134,15],[84,51],[52,-25],[12,-41],[-14,-66],[-142,-101],[-91,43],[-60,44],[-20,52],[22,65]],[[9261,13829],[4,-31],[56,-53],[19,-96],[22,-181],[37,-26],[66,-16],[-37,-59],[-2,-50],[62,-27],[6,-38],[43,-24],[-20,-79],[41,1],[8,-149],[23,-33],[-21,-94],[50,-89],[29,-122],[63,-29],[56,38],[87,39],[43,-36],[31,-61],[64,-17],[18,-39],[122,-75],[-27,-38],[13,-65],[-13,-35],[37,-103],[0,-57],[31,-45],[-14,-131],[146,-172],[60,-121],[23,-73],[-15,-88],[-25,-54],[0,-56],[48,-35],[12,-39],[39,-10],[-20,-111],[64,-66],[133,-69],[81,-30],[80,-4],[42,-34],[12,-64],[29,-33],[53,0],[35,-27],[97,-16],[0,-34],[39,-32],[112,-17],[28,-39],[-8,-45],[-49,-30],[57,-77],[120,-81],[37,-128],[39,-73],[-2,-65],[44,-99],[84,-70],[27,87],[26,15],[52,-79],[93,-45],[39,60],[60,-116],[-21,-141],[17,-80],[96,-84],[19,-40],[74,-53],[62,-24],[49,8],[52,-67],[35,-88],[29,-33],[80,-40],[31,-79],[54,-78],[76,-17],[14,-63],[-20,-28],[2,-27],[39,-67],[54,-21],[-42,-116],[25,-116],[0,-77],[-29,-116],[64,-59],[29,-76],[29,-27],[-15,-51],[54,-70],[-4,-99],[23,-50],[-9,-64],[-41,-41],[-41,-102],[6,-45],[-31,-152],[-66,-167],[-20,-83],[29,-48],[-32,-88],[-14,-100],[-101,-147],[-31,-67],[9,-89],[-77,-36],[-58,-75],[-86,-23],[-68,-108],[-52,-33],[-6,-66],[-37,-17],[-8,-118],[-33,-47],[-80,-74],[0,-49],[-46,-130],[-72,-101],[-43,-103],[-60,-65],[-16,-59],[-33,-204],[-48,-101],[35,-100],[-20,-25],[10,-61],[-62,-19],[-37,-46],[-60,-27],[-216,-3],[-151,-9],[-171,-52],[-113,-73],[-161,-134],[-117,-18],[-79,0],[21,-65],[52,-50],[-29,-25],[-44,65],[-51,37],[-60,-2],[-51,60],[-52,-7],[-45,46],[41,41],[-29,48],[-60,0],[-12,-58],[-107,-21],[74,125],[-51,64],[-44,-4],[-95,-59],[64,-26],[-22,-38],[-72,-2],[-110,-57],[-70,-69],[-90,-51],[-99,29],[-56,40],[-78,18],[-101,64],[-83,-10],[-86,39],[-87,0],[-41,-47],[-101,82],[-82,37],[-83,-5],[-103,59],[-76,115],[-39,10],[-62,69],[-25,90],[48,68],[-3,42],[-119,233],[-138,98],[31,28],[64,-60],[8,99],[-31,15],[-95,-28],[-24,-46],[-77,-1],[-33,-26],[-117,-4],[-6,39],[94,61],[23,97],[-19,109],[-61,80],[-10,38],[-58,2],[-33,-32],[-9,-67],[-65,-174],[-91,16],[-74,-37],[-103,-4],[80,104],[109,2],[21,95],[-19,143],[25,48],[128,154],[-41,85],[72,56],[-74,107],[-9,-73],[-45,3],[-56,-56],[-22,-79],[-70,-99],[-66,7],[-73,-59],[-107,-65],[-76,-119],[-60,-26],[-22,-59],[33,-50],[-114,0],[-82,76],[14,59],[-12,56],[-50,121],[-109,82],[-8,87],[-72,66],[-95,-5],[-64,142],[60,-9],[-4,59],[-95,52],[-39,46],[-70,47],[-60,-37],[-87,11],[-105,70],[-66,7],[-111,-32],[-47,40],[-169,95],[-114,40],[-107,-38],[-212,8],[-299,-26],[-82,-15],[-87,-45],[-200,-75],[-78,-13],[-150,-47],[-190,-13],[-169,23],[-85,-29],[-103,-67],[-169,-61],[-90,-51],[-124,-21],[-62,-48],[-47,-134],[-120,-105],[-74,-9],[-60,-33],[-20,42],[-151,-6],[-14,-20],[-76,12],[-68,-31],[-9,45],[-80,-6],[-89,25],[-61,1],[-169,-23],[-72,-1],[-44,-25],[-125,15],[-120,-52],[-118,-138],[-103,24],[-63,-35],[0,-25],[-79,-24],[-29,-35],[-82,-52],[-142,-18],[-39,-15],[-110,28],[-99,-16],[-127,17],[-29,26],[-124,26],[-14,36],[-113,95],[-87,38],[-54,-20],[-33,32],[-18,184],[10,44],[64,-33],[74,16],[74,98],[2,82],[-22,105],[51,28],[-12,91],[4,122],[-19,89],[-70,109],[-125,252],[-35,149],[0,118],[12,49],[-43,125],[-60,62],[-39,124],[-68,91],[-45,39],[-21,98],[14,34],[-41,118],[-132,201],[-92,88],[-17,50],[54,28],[43,-48],[4,-82],[41,-15],[60,37],[-6,56],[-58,30],[-33,42],[-6,47],[-43,66],[35,36],[109,-135],[27,-90],[43,-38],[39,42],[-12,99],[16,55],[-29,13],[-70,107],[-39,88],[-29,14],[-31,74],[2,39],[-63,86],[0,135],[57,138],[48,37],[0,105],[18,79],[-47,65],[0,54],[24,26],[93,200],[39,14],[-24,-120],[29,-52],[-9,-58],[77,52],[80,163],[88,47],[56,9],[109,47],[46,55],[64,34],[31,48],[68,30],[20,40],[77,12],[96,64],[44,-30],[59,30],[62,-30],[76,3],[101,27],[33,40],[64,43],[27,-5],[188,34],[74,89],[43,8],[111,-35],[48,30],[163,20],[224,87],[111,89],[64,89],[46,112],[51,83],[27,-4],[84,76],[44,23],[-2,58],[-38,7],[3,77],[-19,40],[8,100],[33,53],[81,43],[12,53],[54,9],[4,49],[74,24],[14,-52],[38,-41],[65,-144],[42,-48],[45,78],[-4,60],[68,-54],[-45,133],[-36,25],[19,96],[-33,26],[14,39],[56,-3],[25,-81],[31,39],[49,10],[31,-40],[62,19],[-8,37],[66,38],[-66,129],[39,69],[51,-4],[13,46],[39,53],[43,10],[13,51],[107,-51],[0,44],[-48,19],[-18,65],[128,73],[20,27],[66,-51],[66,20],[10,89],[25,30],[41,-24],[19,51],[49,16],[19,-43],[78,56],[-14,52],[60,21],[53,-77],[39,23],[60,-23],[70,-66],[50,-82],[103,-79],[12,-117],[82,10],[-20,72],[43,15],[175,-46],[72,11],[77,-56],[24,65],[-20,84],[-70,49],[22,61],[37,41],[54,23],[-2,42],[49,122],[31,-11],[62,31],[33,36],[-47,49],[2,70],[59,12],[13,55],[29,33],[37,-2],[16,62],[52,0],[66,83],[103,-4],[25,-27],[63,-9],[87,26],[53,-29],[66,40],[93,29],[27,71],[4,60],[-53,63],[-40,13],[-82,-29],[-35,32],[-19,56],[25,35],[43,-78],[29,59],[33,16],[116,-117],[68,52],[78,-115],[66,-3],[70,-34],[41,20],[60,-45],[39,19],[37,-49],[130,-13],[52,32],[28,-56],[68,-43],[42,10],[35,37],[78,4],[8,45],[43,4],[9,-40],[-35,-42],[24,-34],[50,53],[45,-102],[79,16],[24,50],[-41,40],[68,59],[27,-16],[39,-84],[68,12],[14,-48],[-57,-32],[-19,-62],[-59,-56],[45,-33],[-58,-83],[-45,17],[-132,-52],[-13,-86],[48,-93],[-23,-21],[-10,-71],[-89,-84],[-27,-63],[-41,-27],[25,-66],[124,-72],[26,-29],[87,-45],[12,-43],[99,-51],[58,-61],[70,12],[116,-82],[121,-42],[37,-57],[89,-76],[107,-38],[47,6],[122,-43],[64,-129],[62,-16],[63,-50],[89,-28],[23,-27],[128,11],[138,72],[26,79],[7,61],[76,93],[33,79],[14,73],[25,45],[-14,44],[33,146],[47,106],[-37,221],[22,62],[-2,55],[-30,40],[-5,53],[17,65],[51,99],[-22,44],[0,61],[43,34],[25,56],[-56,61],[45,125],[44,34],[59,191],[13,130],[47,8],[39,59],[31,2]],[[17212,8049],[0,-13],[-16,-3],[-3,22],[19,-6]],[[18805,6346],[-15,-45],[27,-82],[79,-48],[152,-10],[35,-25],[52,-78],[64,-5],[74,-129],[-25,-77],[101,-90],[-23,-25],[-8,-76],[31,-72],[132,-37],[25,-66],[78,-12],[-4,45],[-35,55],[57,50],[62,-4],[27,-104],[-4,-56],[31,-66],[-12,-32],[49,-44],[35,5],[153,-67],[127,-46],[97,14],[52,33],[41,62],[93,40],[76,-3],[90,-50],[-65,-86],[2,-102],[-19,-69],[-105,-72],[-27,-102],[-154,3],[-101,-39],[-50,-79],[41,-96],[-74,-148],[-31,-22],[-109,-125],[-119,-177],[-163,-96],[-70,-20],[-13,62],[-88,-7],[-27,67],[35,75],[78,126],[19,94],[-21,59],[-64,60],[-125,29],[-77,67],[-105,22],[-53,34],[-2,87],[125,59],[50,0],[66,43],[18,43],[21,184],[45,112],[-49,138],[8,54],[43,25],[-6,41],[-109,-21],[-35,121],[25,53],[-29,77],[-89,-57],[-16,42],[-194,220],[16,41],[-57,15],[-54,54],[31,35],[-18,57],[-108,119],[-18,38],[107,7]],[[17206,2466],[93,-95],[-23,-32],[-91,-28],[-78,-5],[51,104],[-8,56],[56,0]],[[18749,4420],[-45,-3],[-23,-67],[54,-36],[64,-14],[-13,-35],[25,-98],[29,0],[117,