{"type":"Topology","transform":{"scale":[0.0025088628148092463,0.001509695668431402],"translate":[-84.94706251223955,10.05745247880977]},"arcs":[[[5959,1669],[47,-82],[-11,-23],[-63,85],[27,20]],[[9193,4631],[23,80],[60,-49],[-22,-62],[-61,31]],[[8732,5402],[-29,-15],[29,52],[19,-21],[-19,-16]],[[4748,7352],[-38,-108],[-144,-46],[-75,15],[-9,48],[75,111],[104,-34],[87,14]],[[2869,9323],[80,-4],[13,-173],[-20,-83],[-43,15],[-53,68],[-11,104],[34,73]],[[2727,10006],[51,-17],[-1,-90],[97,-199],[7,-133],[-76,-99],[-57,-41],[-51,116],[-68,44],[6,94],[65,164],[-16,174],[43,-13]],[[2562,11043],[191,-47],[-199,-61],[-46,-45],[-45,7],[99,146]],[[2859,11174],[105,-38],[96,-162],[80,-57],[22,-148],[-60,-46],[-10,-218],[-35,6],[-32,79],[51,72],[5,134],[22,137],[-60,21],[-81,171],[-95,18],[-8,31]],[[1976,3800],[1,1],[0,-1],[-1,0]],[[8812,5183],[-7,28],[26,-6],[-19,-22]],[[3955,5537],[7,-1],[2,-11],[-6,-1],[-3,13]],[[10172,2055],[-33,-68],[-39,19],[-19,138],[91,-89]],[[832,7866],[55,-21],[52,-114],[-1,-124],[-124,-69],[-69,20],[46,87],[-44,107],[33,124],[52,-10]],[[2814,7961],[32,16],[72,-38],[-28,-63],[-76,40],[0,45]],[[2629,8270],[-32,-82],[-57,74],[89,8]],[[3927,6518],[-17,49],[-9,-1],[-29,-47],[-115,-13],[-88,54],[-95,-6],[-107,26],[-110,-31],[-136,-4],[-37,-31],[-92,14],[-67,-32],[-144,-19],[39,122],[87,118],[83,59],[32,54],[0,95],[-32,82],[-48,48],[-71,-20],[-153,36],[-75,-14],[-83,126],[-88,97],[-45,295],[-61,97],[-179,-61],[-105,36],[-67,57],[-159,39],[-11,46],[-81,47],[-66,102],[-129,13],[-59,-10],[-72,27],[-43,84],[-31,-68],[-49,40],[-102,28],[-69,-16],[-21,47],[-83,54],[-13,59],[111,0],[63,21],[15,73],[-92,71],[-89,-16],[-39,20],[-173,-4],[-67,-38],[-114,-106],[-33,-81],[-31,4],[-67,-106],[-80,7],[-124,-17],[-41,-167],[-46,13],[-65,-36],[-64,-75],[-11,108],[-66,-14],[-55,-54],[-59,19],[167,122],[82,2],[-42,102],[15,101],[84,154],[122,109],[189,88],[69,78],[259,35],[67,61],[150,36],[76,-29],[104,0],[40,-38],[83,28],[57,-72],[202,38],[26,-55],[123,-64],[93,18],[122,-122],[78,-146],[68,-80],[78,-24],[66,18],[79,-9],[160,-95],[32,-55],[98,-57],[27,-71],[90,-104],[95,-39],[7,71],[145,-143],[-42,-24],[34,-86],[37,76],[42,-81],[123,-81],[34,-44],[72,1],[100,-78],[8,-50],[173,8],[42,-59],[-74,-135],[22,-80],[61,11],[78,-19],[27,30],[58,-27],[60,11],[157,-141],[81,-119],[57,9],[46,-91],[-50,-76],[-50,8],[-168,-28],[-65,-76],[-47,-17]],[[6443,1351],[-65,6],[-85,124],[129,-81],[21,-49]],[[1429,6136],[60,18],[30,-39],[-56,-16],[-34,37]],[[9401,3407],[-44,186],[1,101],[64,-36],[21,-71],[0,-124],[-42,-56]],[[5250,5287],[4,120],[22,62],[-80,77],[-36,101],[63,23],[40,62],[4,114],[-20,75],[49,80],[9,63],[-53,63],[26,71],[-21,196]],[[5257,6394],[39,121],[62,11],[117,-48],[84,67],[67,-24],[83,-90],[76,6],[39,-64],[81,-37],[36,37],[58,-28],[12,-140],[53,-92],[82,37],[77,-32],[32,-73],[-139,30],[-2,-89],[81,10],[19,-37],[120,-50],[31,36],[96,-46],[63,-100],[89,-103],[8,-53],[-55,-151],[-45,23],[-24,-112],[-39,-7],[-42,113],[-45,29],[-49,-14],[-60,35],[-115,-27],[-30,31],[-113,10],[-53,-39],[-56,-112],[-96,-3],[-62,-23],[-10,121],[-50,29],[-91,-112],[-61,28],[10,-107],[-55,-148],[-43,-65],[-44,-143],[-39,89],[-46,52],[-14,102],[-44,45]],[[9304,4123],[19,-130],[-55,-90],[-25,68],[-16,172],[77,-20]],[[9404,4161],[66,-50],[-126,-34],[-12,157],[49,16],[23,-89]],[[9621,2917],[-104,4],[11,65],[-47,68],[-26,93],[22,45],[67,-43],[68,-155],[9,-77]],[[9293,1315],[-50,30],[35,98],[27,-35],[-12,-93]],[[4834,5725],[-87,39],[-80,61],[15,78],[142,-94],[10,-84]],[[5250,5287],[-61,96],[-57,36],[-147,-9],[-178,-55],[-195,77],[-126,-22],[-61,-73],[-49,18],[-54,70],[-65,44],[-33,-16],[-56,92],[42,138],[90,14],[51,-36],[170,-70],[31,17],[215,-35],[92,-28],[51,83],[110,-16],[9,102],[-87,67],[-28,69],[-77,109],[38,33],[-34,85],[2,173],[-89,71],[-75,25],[-83,1],[-4,100],[103,98],[43,-19],[113,23],[151,-91],[27,-36],[228,-28]],[[3461,5269],[-17,-94],[-87,-7],[-130,88],[-42,-105],[-74,32],[-29,-110],[-90,98],[-113,-8],[-59,116],[-33,3],[-48,111],[-113,22],[5,69],[46,71],[108,4],[58,49],[195,-38],[75,-38],[97,1],[38,-79],[179,-89],[34,-96]],[[8869,4819],[-25,-27],[-41,47],[17,35],[49,-55]],[[9590,2618],[-7,-149],[-69,14],[7,83],[45,113],[24,-61]],[[8740,5283],[-35,19]],[[8705,5302],[35,40],[0,-59]],[[9088,4430],[1,-38],[-30,1],[7,86],[22,-49]],[[6660,1304],[-19,102],[-50,40],[2,36],[80,-47],[-13,-131]],[[7148,5597],[301,-17],[56,-25],[85,8],[96,-59],[29,-90],[-65,-42],[-31,-93],[-132,-65],[-240,37],[-61,-23],[-118,10],[25,158],[-48,104],[103,97]],[[2515,3845],[-1,1],[1,2],[0,-3]],[[8740,5283],[-31,1],[-4,18]],[[5237,7804],[61,-11],[4,-50],[-65,61]],[[9544,425],[-14,-49],[4,-143],[27,-52],[-15,-127],[-77,-43],[-178,-11],[-28,71],[27,51],[58,2],[9,232],[-52,101],[94,37],[183,23],[-38,-92]],[[9478,2046],[-42,27],[25,120],[28,-1],[-11,-146]],[[8139,5558],[-18,-20],[-16,1],[-19,-24],[-1,38],[41,9],[13,-4]],[[8058,5105],[-58,-50],[-4,44],[62,6]]],"objects":{"caribbean.geo":{"type":"GeometryCollection","geometries":[{"arcs":[[0]],"type":"Polygon","properties":{"name":"Aruba","iso_a2":"AW","iso_a3":"ABW"},"id":"ABW"},{"arcs":[[1]],"type":"Polygon","properties":{"name":"Antigua and Barbuda","iso_a2":"AG","iso_a3":"ATG"},"id":"ATG"},{"arcs":[[2]],"type":"Polygon","properties":{"name":"Anguilla","iso_a2":"AI","iso_a3":"AIA"},"id":"AIA"},{"arcs":[[[3]],[[4]],[[5]],[[6]],[[7]]],"type":"MultiPolygon","properties":{"name":"The Bahamas","iso_a2":"BS","iso_a3":"BHS"},"id":"BHS"},{"arcs":[[8]],"type":"Polygon","properties":{"name":"Bajo Nuevo Bank (Petrel Is.)","iso_a2":"00","iso_a3":"BJN"},"id":"BJN"},{"arcs":[[9]],"type":"Polygon","properties":{"name":"Saint Barthelemy","iso_a2":"BL","iso_a3":"BLM"},"id":"BLM"},{"arcs":[[10]],"type":"Polygon","properties":{"name":"Navassa Island","iso_a2":"00","iso_a3":"BQI"},"id":"BQI"},{"arcs":[[11]],"type":"Polygon","properties":{"name":"Barbados","iso_a2":"BB","iso_a3":"BRB"},"id":"BRB"},{"arcs":[[[12]],[[13]],[[14]],[[15]]],"type":"MultiPolygon","properties":{"name":"Cuba","iso_a2":"CU","iso_a3":"CUB"},"id":"CUB"},{"arcs":[[16]],"type":"Polygon","properties":{"name":"Curaçao","iso_a2":"CW","iso_a3":"CUW"},"id":"CUW"},{"arcs":[[17]],"type":"Polygon","properties":{"name":"Cayman Islands","iso_a2":"KY","iso_a3":"CYM"},"id":"CYM"},{"arcs":[[18]],"type":"Polygon","properties":{"name":"Dominica","iso_a2":"DM","iso_a3":"DMA"},"id":"DMA"},{"arcs":[[19,20]],"type":"Polygon","properties":{"name":"Dominican Republic","iso_a2":"DO","iso_a3":"DOM"},"id":"DOM"},{"arcs":[[[21]],[[22]],[[23]]],"type":"MultiPolygon","properties":{"name":"Guadeloupe","iso_a2":"GP","iso_a3":"FRA"},"id":"GLP"},{"arcs":[[24]],"type":"Polygon","properties":{"name":"Grenada","iso_a2":"GD","iso_a3":"GRD"},"id":"GRD"},{"arcs":[[[25]],[[-20,26]]],"type":"MultiPolygon","properties":{"name":"Haiti","iso_a2":"HT","iso_a3":"HTI"},"id":"HTI"},{"arcs":[[27]],"type":"Polygon","properties":{"name":"Jamaica","iso_a2":"JM","iso_a3":"JAM"},"id":"JAM"},{"arcs":[[28]],"type":"Polygon","properties":{"name":"Saint Kitts and Nevis","iso_a2":"KN","iso_a3":"KNA"},"id":"KNA"},{"arcs":[[29]],"type":"Polygon","properties":{"name":"Saint Lucia","iso_a2":"LC","iso_a3":"LCA"},"id":"LCA"},{"arcs":[[30,31]],"type":"Polygon","properties":{"name":"Saint Martin","iso_a2":"MF","iso_a3":"MAF"},"id":"MAF"},{"arcs":[[32]],"type":"Polygon","properties":{"name":"Montserrat","iso_a2":"MS","iso_a3":"MSR"},"id":"MSR"},{"arcs":[[33]],"type":"Polygon","properties":{"name":"Caribbean Netherlands","iso_a2":"BQ","iso_a3":"BES"},"id":"BES"},{"arcs":[[34]],"type":"Polygon","properties":{"name":"Puerto Rico","iso_a2":"PR","iso_a3":"PRI"},"id":"PRI"},{"arcs":[[35]],"type":"Polygon","properties":{"name":"Serranilla Bank","iso_a2":"00","iso_a3":"SER"},"id":"SER"},{"arcs":[[36,-31]],"type":"Polygon","properties":{"name":"Sint Maarten","iso_a2":"SX","iso_a3":"SXM"},"id":"SXM"},{"arcs":[[37]],"type":"Polygon","properties":{"name":"Turks and Caicos Islands","iso_a2":"TC","iso_a3":"TCA"},"id":"TCA"},{"arcs":[[38]],"type":"Polygon",