{"type":"Topology","transform":{"scale":[0.00828816723023852,0.005010388553758826],"translate":[46.47827884900008,35.22179076613814]},"arcs":[[[4070,1391],[-35,47],[-54,5],[-53,61],[-73,25],[-319,10],[-20,-26],[-53,9],[-111,74],[-83,-37],[-20,-89],[-60,-10],[-22,23],[-106,36],[-71,-16],[-26,-34],[-12,-67]],[[2952,1402],[-40,-44],[-36,2],[-48,-65],[-35,-9],[-70,-57],[-1,-32],[-56,-62],[-13,-65],[-56,48],[-8,75],[-135,-11],[-16,11],[-22,159],[-60,1],[12,198],[-37,-23],[-34,84],[-76,85],[-55,-35],[-148,16],[-142,-30],[-104,138],[-15,43],[-302,234],[-309,-112],[0,-321],[0,-413]],[[1146,1217],[-66,-6],[-83,151],[-84,60],[-77,-18],[-52,-26],[-65,-75]],[[719,1303],[-4,68],[41,113],[-33,34],[-65,1],[-34,72],[-46,-1],[6,51],[-75,164],[-56,21],[7,55],[124,-10],[-39,69],[48,78],[136,15],[26,24],[37,81],[14,81],[-9,102],[-76,30],[-26,-39],[-124,63],[-182,-120],[-28,9],[-53,-32],[-67,51],[64,22],[-60,129],[-56,70],[-111,8],[-6,94],[-72,26],[33,101],[33,36],[-30,47],[15,98],[49,44],[39,80],[95,-126],[56,43],[-24,104],[87,60],[4,52],[41,-2],[66,41],[31,66],[79,10],[49,-47],[31,46],[53,16],[22,-59],[76,10],[54,-24],[66,-81],[40,-27],[25,34],[113,-95],[55,35],[9,34],[123,40],[30,-46],[42,51],[100,-19],[40,-69],[102,-29],[23,59],[91,-35],[79,26],[27,99],[-15,29],[-66,37],[-50,2],[-45,54],[45,52],[64,37],[-41,79],[55,55],[97,-15],[11,38],[-102,31],[13,53],[-37,18],[57,74],[193,16],[76,33],[105,27],[76,-9],[32,58],[60,-4],[265,69],[11,47],[52,30],[118,-2],[64,-40],[56,35],[38,-49],[-3,-38],[29,-111],[34,-41],[35,27],[145,-29],[66,-29],[-34,-77],[119,6],[98,42],[74,58],[140,62],[-34,-90],[162,-137],[193,-356],[59,-133],[59,27],[29,68],[57,-25],[73,-78],[86,-14],[35,38],[81,17],[62,-42],[35,-100],[89,-41],[-3,-33],[38,-65],[80,-18],[67,37],[41,-33],[35,-76],[-48,-32],[3,-53],[-23,-37],[-93,-22],[-32,-97],[19,-107],[-21,-67],[-70,-40],[-26,24],[-96,0],[-107,47],[-4,-53],[-51,-149],[-33,-132],[0,-61],[-41,-17],[-26,39],[-107,-42],[-90,-19],[33,-72],[-5,-110],[46,-132],[9,-66],[-51,-20],[-28,-81],[9,-86]],[[1971,2163],[1,-41],[34,-48],[67,0],[34,48],[-5,64],[-69,43],[-48,-30],[-14,-36]],[[4070,1391],[-96,-82],[-13,1],[-114,-81],[-35,-68],[-72,-11],[-56,12],[-29,-20],[-18,-63],[-37,-57],[-76,-10],[-12,64],[-47,-34],[-41,14],[-59,-81],[-44,-9],[-22,-51],[13,-42],[-36,-30]],[[3276,843],[-56,-18],[-62,8],[-41,-13],[-69,23],[-34,33],[-54,-41],[-50,34],[-47,-10],[-111,3],[3,89],[80,45],[66,-36],[53,41]],[[2954,1001],[34,17],[62,-31],[51,58],[23,-14],[46,38],[30,58],[-46,2],[-90,63],[-29,43],[-26,-49],[-69,16],[-81,67],[79,71],[14,62]],[[3276,843],[-3,-47],[25,-124],[60,16],[63,-40],[-5,-77],[21,-63],[-6,-39],[30,-34],[-36,-31],[-25,29],[-52,3],[-52,-35],[-5,39],[-58,7],[-58,-48],[-16,-39],[-48,-12],[-51,-53],[-27,1],[-23,72],[21,166],[-42,8],[10,68],[-42,39],[-47,-27],[-40,-80],[-16,-81],[-73,11],[-24,-93],[-44,42],[-82,-46],[-30,-35],[-31,53]],[[2570,393],[11,79],[59,117],[-30,49],[-1,112],[-50,2],[-38,42],[6,55],[41,29],[91,-14],[10,125],[86,33],[-14,40],[29,52],[27,-33],[75,48],[20,30],[37,-66],[-46,-44],[25,-51],[46,3]],[[2418,428],[-27,-7],[-77,36],[-19,-54],[-52,-2],[-37,-27],[-20,-134],[-40,-54],[-112,-59],[-26,1],[-6,-87],[-54,-41],[-46,11],[-25,30],[-60,5],[-37,44],[-1,90],[-18,105],[-88,-3],[-39,78],[-68,36],[-12,55],[-60,37],[-59,-7],[-24,30],[-99,37],[-38,44],[-72,14],[-27,-38],[-96,2],[-68,-63],[-9,-49],[-72,-38],[-33,3],[-11,80],[2,172],[16,66],[-35,30],[-18,49],[14,46],[-28,44],[3,44],[-67,-11],[-18,22],[0,85],[16,42],[81,14],[39,-27],[94,42],[-5,71],[-68,68],[-16,106],[-27,16],[-68,-11],[-67,-114],[-15,46]],[[1146,1217],[125,-13],[-4,128],[48,53],[55,4],[20,62],[74,58],[104,-99],[47,4],[35,-140],[-7,-43],[42,-34],[50,7],[51,-19],[18,28],[54,-35],[21,-84],[35,-52],[14,-86],[123,-122],[78,-88],[26,2],[153,-146],[33,7],[92,-65],[-15,-33],[0,-83]],[[2570,393],[-36,17],[-27,-18],[-30,40],[-59,-4]]],"objects":{"centralasia.geo":{"type":"GeometryCollection","geometries":[{"arcs":[[0,1,2,3],[4]],"type":"Polygon","properties":{"name":"Kazakhstan","iso_a2":"KZ","iso_a3":"KAZ"},"id":"KAZ"},{"arcs":[[5,6,7,-1]],"type":"Polygon","properties":{"name":"Kyrgyzstan","iso_a2":"KG","iso_a3":"KGZ"},"id":"KGZ"},{"arcs":[[-7,8,9]],"type":"Polygon","properties":{"name":"Tajikistan","iso_a2":"TJ","iso_a3":"TJK"},"id":"TJK"},{"arcs":[[10,-3,11]],"type":"Polygon","properties":{"name":"Turkmenistan","iso_a2":"TM","iso_a3":"TKM"},"id":"TKM"},{"arcs":[[-8,-10,12,-12,-2]],"type":"Polygon","properties":{"name":"Uzbekistan","iso_a2":"UZ","iso_a3":"UZB"},"id":"UZB"}]}}}