{"type":"Topology","transform":{"scale":[0.00618456933128201,0.006589787841595159],"translate":[6.4617700915655245,-18.03140472399987]},"arcs":[[[2830,1086],[16,-79],[-18,-41],[11,-114],[-25,-56],[22,-32],[-327,0],[1,-275],[0,-206],[27,-65],[29,-12],[68,-73],[102,-74],[-323,-56],[-47,12],[-46,-15],[-76,27],[-51,-6],[-162,11],[-42,11],[-50,55],[-176,0],[-332,0],[-221,-4],[-91,67],[-80,-9],[-52,-31],[-76,14],[-56,-12],[12,112],[-14,89],[41,42],[11,59],[35,73],[8,100],[29,36],[1,62],[70,70],[-1,25],[39,33],[30,1],[45,52],[24,73],[9,125],[-13,44],[-92,144],[-5,49],[-27,45],[67,66],[-5,47],[-86,163],[-5,48],[-32,33],[-55,89],[105,26],[41,19]],[[1087,1848],[246,-4],[260,4],[46,-11],[21,-40],[7,-79],[33,-46],[-5,-29],[96,-123],[91,-14],[12,17],[191,-1],[27,152],[125,0],[51,13],[-15,-57],[205,1],[11,-46],[-16,-65],[29,-60],[-12,-66],[-1,-117],[49,-48],[25,-66],[1,-57],[-25,-16],[19,-59],[35,30],[83,-10],[78,22],[55,-11],[21,24]],[[1069,2033],[-39,-14],[-49,-66],[-3,-85],[-49,-6]],[[929,1862],[4,45],[-36,68]],[[897,1975],[61,63],[61,32],[50,-37]],[[2651,4393],[70,-72],[54,-81],[2,-96],[-26,-16],[1,-59],[119,-14],[-6,-60],[105,-19],[72,-80],[14,-47],[107,-51],[57,-52],[-14,-40],[34,-44],[101,-50],[22,-33],[7,-53],[22,-20]],[[3392,3506],[-52,20],[-41,-26],[-65,4],[-43,27],[-60,-7],[-40,28],[-35,-10],[-9,-42],[-104,-17],[-48,14],[-67,-30],[-62,-14],[-29,-21],[-79,36],[-19,-15],[-44,-81],[-49,-6],[-76,22],[-85,0],[-55,24],[-47,-6],[-39,54],[-99,56],[-48,0],[-56,-34],[-59,-82],[-26,-3],[14,-60],[-3,-73]],[[1967,3264],[-25,24],[-102,-15],[-62,26],[-72,-26],[-72,-11],[-14,-91],[-46,-95]],[[1574,3076],[-22,71],[5,24],[-49,37],[-100,99],[-27,98],[-46,32],[-22,198],[22,51],[51,79],[31,71],[41,42]],[[1458,3878],[45,-11],[99,34],[20,26],[47,-46],[76,42],[62,25],[154,9],[87,95],[-38,35],[33,17],[88,0],[68,18],[60,1],[64,42],[31,50],[52,33],[66,68],[-4,34],[119,56],[64,-13]],[[1574,3076],[-49,-68],[-21,18],[-86,19],[-76,5],[-32,21],[-47,-8],[-158,1]],[[1105,3064],[-8,17],[-80,-5],[-226,10],[-5,-21]],[[786,3065],[-215,0],[-31,27]],[[540,3092],[25,112],[-63,104],[-94,50],[-10,66],[-67,-1],[15,54],[32,42],[9,105],[121,101],[27,39],[57,34],[61,-19],[17,29],[73,-55],[14,-41],[32,2],[31,31],[40,90],[39,51],[28,61],[5,62],[92,61],[5,47],[23,56],[37,11],[8,82],[33,16],[19,74],[67,91],[30,-6],[69,40],[2,81],[-15,44],[-53,7],[-20,108]],[[1229,4721],[57,1],[27,-51],[40,-20],[12,-72],[24,-16],[14,-77],[-19,-53],[7,-59],[38,-73],[59,-50],[-151,-9],[-86,9],[-41,-53],[65,-71],[95,-64],[40,-40],[42,-97],[6,-48]],[[3392,3506],[53,-51],[1,-21],[94,-48],[48,26],[54,7],[30,-23],[70,45],[97,-105],[52,-13],[39,-31],[23,-41],[-27,-51],[18,-31],[-21,-63],[90,-43],[-41,-57],[-56,-42],[-33,-39],[-39,-16],[-14,-36],[-36,-18],[2,-43],[-37,-61],[-25,-154],[4,-72],[-36,-18],[-36,-50],[4,-40],[-48,-48],[60,-95],[-3,-129],[20,-30],[12,-62],[-14,-63],[43,-107],[-19,-58],[8,-40],[35,-58],[80,-61],[33,-82],[50,-91],[-301,-44],[1,-43],[-48,-50],[-13,-43],[26,-65],[-7,-108],[-32,-126],[3,-65],[47,-31],[46,-56],[73,-16],[-1,33],[53,13],[-1,-193],[-36,31],[-66,-33],[-136,152],[-111,22],[-35,56],[-66,45],[-16,-48],[-151,6],[-21,17],[-80,22],[-28,61],[-76,-12],[-24,-18],[-40,58],[-57,28]],[[1087,1848],[-58,4],[-63,-34],[-37,44]],[[1069,2033],[46,-24],[54,15],[3,35],[40,-4],[66,32],[5,-88],[70,7],[61,72],[58,46],[51,14],[55,93],[-7,68],[9,114],[47,41],[51,91],[76,37],[71,75],[-5,50],[36,84],[-11,103],[32,78],[0,92],[88,147],[2,53]],[[897,1975],[-29,34],[-4,33],[-112,97]],[[752,2139],[16,36],[58,23],[41,0],[20,37],[-42,20],[-17,99],[57,28],[21,-12],[64,12],[6,63],[50,0],[33,-56],[70,-21],[40,33],[63,-44],[28,81],[23,9],[14,78],[-15,56],[18,60],[-94,87],[-8,38],[33,52],[29,3],[35,54],[-46,71],[-63,8],[-64,-21],[-44,45],[27,86]],[[752,2139],[-21,33],[-54,41],[-32,48],[-89,66],[3,22],[-52,30],[-4,22],[-53,60],[9,54],[-44,24],[-37,86],[49,20],[27,29],[16,100],[-10,55],[34,11],[8,45],[38,3]],[[540,2888],[248,0],[-2,177]],[[398,3305],[3,-21],[-41,-62],[-38,11],[40,74],[36,-2]],[[540,2888],[-17,19],[-54,3],[17,41],[54,74],[0,67]],[[36,2798],[11,-26],[-38,-31],[-9,29],[36,28]],[[1229,4721],[-73,95],[-26,103],[51,51],[11,46],[86,110],[179,175],[17,186],[26,269],[37,67],[-68,69],[10,24],[-69,84],[-2,74],[-31,152],[163,68],[154,-72],[220,-102],[320,-148],[219,-102],[380,-175],[0,-282],[0,-291],[-144,-3],[-27,-21],[6,-52],[-36,-37],[-12,-45],[-32,-8],[-2,-59],[-62,-71],[32,-66],[-54,-42],[-20,-42],[20,-22],[44,16],[62,-115],[-9,-46],[15,-26],[44,-16],[-7,-74]]],"objects":{"centralafrica.geo":{"type":"GeometryCollection","geometries":[{"arcs":[[[0,1]],[[2,3,4]]],"type":"MultiPolygon","properties":{"name":"Angola","iso_a2":"AO","iso_a3":"AGO"},"id":"AGO"},{"arcs":[[5,6,7,8,9]],"type":"Polygon","properties":{"name":"Central African Republic","iso_a2":"CF","iso_a3":"CAF"},"id":"CAF"},{"arcs":[[-9,10,11,12,13,14]],"type":"Polygon","properties":{"name":"Cameroon","iso_a2":"CM","iso_a3":"CMR"},"id":"CMR"},{"arcs":[[15,-2,16,-3,17,-7]],"type":"Polygon","properties":{"name":"Democratic Republic of the Congo","iso_a2":"CD","iso_a3":"COD"},"id":"COD"},{"arcs":[[-18,-5,18,19,-11,-8]],"type":"Polygon","properties":{"name":"Republic of Congo","iso_a2":"CG","iso_a3":"COG"},"id":"COG"},{"arcs":[[-20,20,21,-12]],"type":"Polygon","properties":{"name":"Gabon","iso_a2":"GA","iso_a3":"GAB"},"id":"GAB"},{"arcs":[[[22]],[[-22,23,-13]]],"type":"MultiPolygon","properties":{"name":"Equatorial Guinea","iso_a2":"GQ","iso_a3":"GNQ"},"id":"GNQ"},{"arcs":[[24]],"type":"Polygon","properties":{"name":"Sao Tome and Principe","iso_a2":"SP","iso_a3":"STP"},"id":"STP"},{"arcs":[[-10,-15,25]],"type":"Polygon","properties":{"name":"Chad","iso_a2":"TD","iso_a3":"TCD"},"id":"TCD"}]}}}