{"type":"Topology","transform":{"scale":[0.003733510195966857,0.003200865518065203],"translate":[-118.22485425065675,5.515082098000065]},"arcs":[[[8015,4051],[28,-44],[27,11],[1,-81],[-31,-73],[-21,-88],[12,-35],[-16,-97],[23,-70],[-18,-20],[-6,-74],[-66,-119],[-50,-14],[-5,-28],[-47,-56],[5,-20]],[[7851,3243],[-87,0],[23,357],[-2,243]],[[7785,3843],[30,58],[45,-35],[39,51],[66,135],[50,-1]],[[2414,1496],[-4,-4],[-1,5],[5,-1]],[[9262,1690],[48,-134],[70,-115],[52,-56],[64,-90],[53,-26]],[[9549,1269],[-16,-29],[-53,37],[-30,-52],[1,-118],[51,-26],[-44,-82],[20,-69],[-57,-56],[27,-17],[14,-70]],[[9462,787],[-19,59],[-49,45],[8,69],[-70,48],[26,-114],[-77,21],[-45,56],[41,67],[-11,62],[-77,81],[-71,46],[-117,43],[-3,60],[-35,64],[-23,-3],[-65,64],[-15,-54],[50,-17],[16,-43],[-66,-61],[-41,61],[-89,30],[-40,55],[-25,86],[17,44],[48,39],[-9,49],[-65,34],[57,27],[-2,34]],[[8711,1739],[19,36],[187,-80],[60,39],[54,-18],[154,-90],[72,28],[5,36]],[[7851,3243],[76,-44],[31,35],[79,-44]],[[8037,3190],[-48,-48],[-154,-135],[-53,-30],[-16,-66],[23,-39],[-58,-91]],[[7731,2781],[-62,-10],[17,-50],[-37,-11],[-24,-38],[-33,-8],[-61,-62],[4,-36]],[[7535,2566],[-109,52],[-110,5],[-108,14],[-121,70],[-129,114]],[[6958,2821],[24,44],[1,97],[22,24],[-38,62],[124,242],[7,7],[337,1],[20,99],[-68,44],[3,19],[-43,67],[-73,35],[-52,65],[-47,41],[119,-1],[1,171],[8,5],[305,0],[177,0]],[[9400,2962],[-91,-3],[-107,-66],[-60,-10],[-104,-39],[-59,17],[-24,46],[-63,-34],[-1,-38],[-107,-143],[-106,-89],[-73,62],[-84,-93],[-85,6],[-12,-36],[19,-110],[-55,-19],[-9,-51],[-23,-25],[-76,-4]],[[8280,2333],[-83,137],[-52,-5]],[[8145,2465],[30,128],[-35,31],[-48,-15],[-23,39],[-100,-43],[-6,38],[-68,24],[-56,41],[-20,44],[-88,29]],[[8037,3190],[26,-9],[56,53],[56,17],[51,-38],[45,16],[124,-27],[110,13],[36,-8],[34,29],[58,8],[24,27],[56,-4],[55,-32],[63,4],[68,33],[87,-35],[4,-32],[93,14],[77,-88],[-26,-33],[54,-58],[40,12],[49,-36],[49,31],[41,-70],[33,-15]],[[8431,4703],[-38,-67],[-32,26],[19,34],[51,7]],[[1592,7408],[23,-64],[-31,-86],[-73,40],[39,102],[42,8]],[[1266,7504],[78,-78],[25,-94],[-79,71],[-48,62],[24,39]],[[6958,2821],[-154,185],[-174,176],[-153,133],[-89,53],[-17,-34],[-37,1],[-23,55],[-69,9],[-138,-131],[-166,-58],[-48,-34],[-86,-7],[-78,23],[-112,64],[-136,13],[-84,58],[-129,50],[-56,72],[-21,-8],[-120,39],[-118,24],[-58,51],[-280,112],[-47,50],[-74,36],[-50,44],[-45,70],[-60,31],[-38,-24],[-151,48],[-203,83],[-53,100],[-75,69],[-95,46],[-14,29],[-68,13],[-101,66],[-19,60],[-44,33],[-79,130],[-2,37],[-39,65],[33,25],[66,8],[25,38],[-34,40],[-41,2],[55,81],[20,10],[-2,88],[15,31],[-60,50],[-59,110],[-6,94],[-30,105],[-71,75],[-108,129],[-23,51],[-62,66],[-76,113],[-92,71],[-66,78],[-52,43],[-47,16],[-15,55],[-28,18],[13,74],[-53,12],[-34,33],[-122,71],[-62,15],[-16,37],[-69,38],[0,76],[47,59],[1,90],[-50,68],[-67,-12],[-43,39],[-17,81],[-99,27],[-71,72],[-20,72],[9,87],[-57,13],[-19,-25],[-100,63],[-60,103],[-63,26],[-52,99],[-66,65],[-24,103],[-137,190],[0,82],[-32,75],[-56,76],[-12,44],[20,108],[-61,29],[-72,14],[-30,63],[-75,32],[-59,-33],[-114,84],[-65,9],[13,-43],[-20,-40],[-8,-126],[43,-56],[7,-95],[18,-45],[-8,-97],[72,-125],[39,-6],[127,-111],[30,-60],[67,-89],[15,-41],[42,-3],[22,-82],[57,-17],[8,-59],[23,-29],[3,-103],[47,-66],[71,-42],[48,-111],[39,-14],[-3,-43],[123,-89],[-1,-43],[25,-43],[41,-112],[-11,-30],[15,-61],[74,-101],[32,-95],[40,-41],[27,-64],[-22,-58],[15,-82],[32,-46],[43,-11],[29,55],[77,-61],[6,-34],[77,-78],[4,-47],[55,-27],[14,-32],[-8,-80],[-21,-30],[-97,-73],[-44,24],[-29,116],[-38,68],[-71,45],[-125,131],[-108,69],[-47,47],[-45,21],[-47,74],[-33,-2],[-21,57],[24,96],[3,73],[-31,144],[-44,70],[-89,43],[-103,88],[-22,50],[-96,11],[-36,-21],[-64,80],[-35,-2],[-29,41],[-100,40],[-5,53],[-61,36],[-72,61],[21,37],[210,-33],[-5,63],[33,31],[-24,70],[22,64],[-38,64],[-24,10],[-55,73],[-29,11],[-103,129],[-57,16],[-27,32],[-57,25],[-53,45],[-25,89],[-13,96],[-56,41],[-2,101],[-75,48],[7,60],[-61,94],[-37,32],[14,96],[-59,40],[-28,82],[-21,9],[-26,79],[258,23],[384,34],[-24,-67],[339,-123],[218,-79],[447,-162],[272,-1],[492,0],[0,140],[455,-1],[33,-9],[48,-82],[68,-35],[52,-60],[47,-33],[61,-70],[95,-54],[87,-151],[-4,-51],[45,-113],[71,-44],[66,-65],[42,-12],[150,-87],[42,-5],[66,73],[15,72],[39,81],[78,21],[28,35],[52,-27],[36,5],[152,-21],[48,-62],[115,-92],[36,-49],[10,-56],[60,-100],[31,-96],[56,-44],[56,-106],[45,-49],[51,-26],[3,-74],[17,-41],[-7,-47],[57,-72],[43,-131],[78,-12],[41,-40],[73,-15],[40,-36],[112,-4],[43,-14],[58,-51],[77,34],[-8,-76],[-41,-104],[-37,-66],[-52,-207],[-18,-158],[-13,-234],[7,-90],[-39,-109],[31,-115],[3,-50],[40,-81],[80,-86],[-16,-18],[-67,91],[-13,-37],[47,-86],[42,-108],[39,-77],[12,-51],[125,-149],[60,-94],[49,-173],[57,-74],[23,-6],[33,-107],[34,13],[63,-16],[76,0],[55,-47],[52,-10],[61,-104],[30,-15],[90,20],[184,73],[136,2],[63,43],[79,27],[93,10],[54,-25],[8,-46],[83,-7],[50,38],[18,41],[-36,41],[32,40],[92,62],[56,66],[6,105],[51,54],[15,260],[33,99],[69,44],[78,35],[138,18],[152,36],[69,36],[130,9],[58,-30],[34,4],[72,-21],[49,7],[38,37],[53,-50],[3,-72],[20,-12],[-37,-96],[-50,-74],[-46,-40],[-56,-94],[-5,-96],[-72,-89],[72,-16],[2,-29],[-72,-242],[-12,-86],[-83,29],[20,56],[-21,49],[-58,-110]],[[9400,2962],[-45,-70],[28,-120],[-6,-43],[-58,-92],[-23,-104],[-14,-105],[16,-120],[-8,-100],[13,-57],[-33,-8],[-3,61],[-38,-7],[28,-91],[-13,-65],[-33,-55],[37,-7],[13,-72],[-30,-20],[-28,-51],[7,-78],[23,-50],[29,-18]],[[8711,1739],[-22,10],[-39,62],[-109,93],[-43,47],[-52,83],[-19,49],[-82,64],[-103,112],[-58,46],[24,53],[38,-44],[34,19]],[[9549,1269],[45,-44],[4,-47],[34,-44],[5,-44],[39,-23],[101,32],[49,-69],[48,-8],[73,7],[71,26],[25,33],[86,46],[82,24],[52,27],[96,101],[95,-28],[88,-38],[37,10],[78,-15],[107,-52],[48,-40],[39,-71],[72,-68],[-10,-43],[67,-134],[6,-32],[-46,-69],[11,-21],[-64,-56],[-64,-16],[-21,-76],[-32,33],[-74,110],[-39,115],[50,18],[-6,42],[55,47],[-41,25],[-61,-29],[-19,55],[-67,84],[-84,48],[-105,4],[-28,-37],[-41,-12],[-12,-82],[-120,-88],[-42,4],[-25,-34],[5,-52],[108,-125],[9,-56],[-84,-18],[-29,-49],[-115,-10],[-20,107],[-61,65],[-12,-48],[-99,61],[-24,83],[-90,47],[-49,-5],[-23,44],[-62,-21],[-79,5],[-24,-81]],[[8145,2465],[6,-31],[-36,-46],[-130,4],[-100,23],[-124,71],[-149,17],[-11,25],[-66,38]]],"objects":{"centralamerica.geo":{"type":"GeometryCollection","geometries":[{"arcs":[[0,1,2]],"type":"Polygon","properties":{"name":"Belize","iso_a2":"BZ","iso_a3":"BLZ"},"id":"BLZ"},{"arcs":[[3]],"type":"Polygon","properties":{"name":"Clipperton Island","iso_a2":"00","iso_a3":"CLP"},"id":"CLP"},{"arcs":[[4,5,6,7]],"type":"Polygon","properties":{"name":"Costa Rica","iso_a2":"CR","iso_a3":"CRI"},"id":"CRI"},{"arcs":[[-2,8,9,10,11,12]],"type":"Polygon","properties":{"name":"Guatemala","iso_a2":"GT","iso_a3":"GTM"},"id":"GTM"},{"arcs":[[13,14,15,-10,16]],"type":"Polygon","properties":{"name":"Honduras","iso_a2":"HN","iso_a3":"HND"},"id":"HND"},{"arcs":[[[17]],[[18]],[[19]],[[-3,-13,20]]],"type":"MultiPolygon","properties":{"name":"Mexico","iso_a2":"MX","iso_a3":"MEX"},"id":"MEX"},{"arcs":[[21,-8,22,-14]],"type":"Polygon","properties":{"name":"Nicaragua","iso_a2":"NI","iso_a3":"NIC"},"id":"NIC"},{"arcs":[[-6,23]],"type":"Polygon","properties":{"name":"Panama","iso_a2":"PA","iso_a3":"PAN"},"id":"PAN"},{"arcs":[[-16,24,-11]],"type":"Polygon","properties":{"name":"El Salvador","iso_a2":"SV","iso_a3":"SLV"},"id":"SLV"}]}}}