{"type":"Topology","transform":{"scale":[0.003894152579326583,0.0028202989430733366],"translate":[73.60225630700003,18.209430449848895]},"arcs":[[[9606,523],[-79,-94],[-76,-268],[-35,1],[-75,-83],[-59,-13],[-15,-66],[-64,28],[-72,0],[-85,65],[-35,12],[2,63],[-20,58],[2,156],[99,111],[37,18],[25,88],[53,-23],[37,58],[95,-23],[42,32],[115,30],[89,-40],[19,-110]],[[12405,4698],[-87,25],[-66,44],[-12,66],[101,-66],[83,-40],[-19,-29]],[[14618,8623],[-72,76],[-2,57],[-77,36],[-47,-95],[-6,-93],[-48,-37],[-49,28],[-35,-79],[-81,-71],[-107,-11],[-58,13],[-62,-18],[35,-96],[37,-45],[-29,-63],[-62,23],[-78,-15],[-113,40],[-67,90],[-82,-46],[-37,-105],[-120,-161],[-64,-11],[-39,-44],[-184,-101],[-134,-134]],[[13037,7761],[-2,-31],[-62,-63],[-103,-1],[-104,-19],[-12,-26],[-101,-34],[-122,-70],[-72,-73],[-66,-92],[-54,-30],[-78,-16],[-38,-31],[-29,61],[151,67],[-47,106],[-48,75],[58,20],[-16,55],[74,38],[87,110],[53,98],[-60,81],[-55,35],[-73,4],[-53,35],[-97,-40],[-13,-48],[-80,-77],[-33,-87],[-141,-62],[-97,-53],[-60,-67],[-8,-101],[-74,-85],[-95,-11],[-76,-46],[-54,50],[-66,11],[-41,-39],[-36,-99],[-4,-71],[38,-84],[90,-83],[124,-26],[74,29],[104,-135],[-52,-18],[-16,-39],[-5,-111],[85,-56],[124,4],[23,75],[113,83],[2,32],[110,52],[37,-1],[70,-88],[50,4],[62,-59],[101,16],[156,-24],[3,-69],[-40,-23],[19,-85],[-52,-30],[-74,59],[-225,-112],[-130,-121],[12,-66],[-88,-36],[-17,47],[-43,12],[12,-96],[-68,-94],[-64,-31],[-74,-173],[-44,-35],[11,-84],[33,5],[76,-87],[72,-25],[81,-53],[49,-186],[54,-127],[2,-36],[60,-110],[-8,-122],[126,-92],[20,-99],[99,-64],[27,-71],[-64,-11],[-99,61],[-45,-34],[53,-104],[104,-80],[64,-129],[-89,-27],[-105,-58],[-62,-47],[-38,-84],[17,-48],[64,56],[60,-2],[84,-120],[54,-23],[17,-33],[-73,-90],[-66,-18],[7,-36],[117,77],[-6,-120],[10,-36],[-115,-8],[49,-52],[-4,-71],[-43,-45],[27,-84],[4,-63],[-50,4],[-27,-52],[-31,64],[-59,-122],[-79,-129],[4,-45],[-35,-34],[-6,-71],[-60,-32],[-16,-69],[-77,-43],[-66,-19],[58,-135],[-62,-31],[-33,-81],[39,-8],[-25,-122],[-35,-60],[-41,21],[-43,-57],[53,-46],[-66,-53],[-113,-207],[-50,31],[-64,-20],[-35,15],[0,-74],[21,-52],[-50,-43],[-8,-35],[-81,-54],[-31,-36],[-43,-9],[-37,-55],[-72,0],[0,-55],[-35,-68],[-52,-54],[-10,-60],[-50,9],[-39,-42],[-68,-18],[-77,31],[-14,-50],[-39,-18],[-33,51],[-46,-14],[-43,-70],[-37,-3],[-4,51],[-46,0],[-84,-63]],[[10434,1541],[-40,-9]],[[10394,1532],[-47,-3],[-35,82],[-39,48],[-60,-2],[57,-109],[-12,-63],[10,-56],[-26,-30],[-48,10],[-19,-50],[-53,30],[-17,-89],[-33,32],[-64,-71],[-35,22],[-49,-43],[-19,39],[-101,-50],[-35,-51],[-159,-19],[-66,-29],[-33,-59],[-52,-1],[-72,-85],[8,-49],[46,0],[39,-147],[-29,-46],[-72,-21],[-29,67],[-50,29],[-16,45],[4,63],[-29,38],[33,148],[33,51],[-99,0],[-81,-25],[-43,78],[-128,9],[-21,-36],[-111,-4],[-52,31],[-124,-14],[-146,133],[-27,32],[-14,91],[-23,46],[39,45],[19,62],[-25,42],[-48,17],[-45,-24],[-25,33],[-51,11],[-38,-25],[-43,49],[-35,6],[-35,77],[-91,-16],[-68,-52],[8,-58],[-41,-40],[-33,1],[-50,-45],[-33,50],[-49,-38],[-13,-72],[-80,99],[-37,-74],[-54,71],[-43,-88],[-33,-38],[-50,63],[-89,56],[-64,-127],[-53,13],[-50,-14],[-43,14],[-23,-96],[12,-74],[38,-56],[-13,-239],[-53,39],[-58,-25],[-27,81],[2,74],[-25,55],[-72,-49],[-46,-57],[-66,23],[-45,-37],[-27,44],[10,43],[-45,17],[4,86],[-25,33],[-109,25],[-70,2],[21,93],[28,36],[-12,79],[58,82],[-48,60],[-33,-23],[-49,38],[-44,6],[9,81],[-25,125],[-35,13],[0,61],[-48,57],[-95,-10],[-55,-28],[-69,-56],[-26,28],[49,64],[2,54],[-20,58],[-31,-3],[4,111],[56,30],[-13,47],[48,87],[57,67],[7,76],[53,-12],[42,93],[41,24],[-27,80],[39,91],[11,83],[-11,78],[-18,272],[-60,27],[-35,-42],[-42,140],[4,57],[-59,82],[-91,66],[-23,-79],[-33,-35],[-54,52],[-55,-4],[-15,44],[-64,82],[-4,35],[-111,198],[-104,-9],[-55,-72],[-85,-15],[-107,25],[-19,42],[-78,-27],[-33,-39],[-7,-59],[-158,-92],[-48,0],[-74,-63],[-15,-46],[-107,-83],[-13,-76],[-49,-34],[-81,-2],[-43,-33],[-82,14],[4,55],[-118,55],[-25,-35],[-109,41],[-21,51],[-93,45],[-91,-21],[-39,-47],[-41,-12],[-87,-116],[-25,-63],[-39,-39],[0,-74],[-52,35],[-8,48],[29,106],[-8,54],[-58,39],[-56,-43],[-142,-28],[-25,-35],[-146,6],[-34,41],[-121,59],[-33,-70],[-91,60],[-29,-36],[-33,68],[-48,45],[-103,-10],[-41,19],[23,94],[-29,19],[-60,-35],[-56,56],[-41,12],[-62,74],[-29,112],[-37,13],[-83,-49],[-58,67],[-57,98],[-87,13],[-76,94],[-108,71],[-8,74],[-87,11],[-35,20],[-64,-36],[-8,-62],[-62,-44],[-31,84],[-49,23],[-48,50],[-107,35],[-2,36],[-42,67],[-64,45],[-43,-13],[-76,66],[-25,75],[-35,34],[-52,-51],[-31,17],[-10,61],[31,35],[-39,58],[20,68],[-72,113],[-23,87],[93,36],[8,-59],[44,-42],[43,45],[48,8],[47,53],[6,37],[-43,74],[12,74],[-105,51],[-49,86],[4,68],[-17,120],[66,56],[-16,47],[-66,55],[-75,18],[-27,29],[-37,140],[-62,133],[-121,13],[-128,41],[-133,88],[-59,-9],[-13,48],[-58,56],[31,53],[-35,132],[-78,52],[-41,-8],[-15,61],[-60,27],[-53,-11],[-64,33],[-38,-9],[-20,50],[47,21],[68,0],[62,67],[-64,76],[4,128],[-22,21],[-9,162],[-113,55],[-50,2],[-53,-50],[-35,25],[-29,90],[35,50],[-56,86],[8,75],[48,6],[27,41],[-27,80],[37,80],[103,26],[87,80],[33,63],[93,-24],[84,69],[17,-9],[25,-113],[55,2],[89,51],[60,-2],[39,104],[58,100],[206,-4],[133,37],[41,85],[78,64],[170,93],[113,32],[25,45],[87,6],[22,77],[-33,136],[29,69],[79,29],[-37,54],[99,35],[-40,63],[17,47],[-81,215],[-16,125],[12,90],[-41,52],[-58,-9],[-35,39],[54,41],[103,31],[99,7],[227,75],[54,-69],[89,30],[47,-40],[35,48],[0,66],[-74,20],[12,85],[27,50],[23,114],[27,48],[43,142],[37,75],[8,89],[29,9],[101,-54],[100,-33],[194,4],[18,-60],[46,12],[74,65],[76,7],[42,55],[2,63],[-40,189],[19,79],[50,94],[105,4],[91,35],[51,67],[-4,102],[27,36],[72,12],[73,-20],[107,33]],[[3650,10976],[14,-69],[-35,-35],[85,-67],[-12,-51],[74,-24],[66,-46],[2,-40],[122,-83],[128,13],[49,-69],[79,16],[10,-45],[68,-34],[31,-124],[62,-104],[31,-12],[45,-86],[11,-62],[-40,-94],[27,-99],[-78,-103],[-10,-84],[37,-71],[115,-58],[71,-19],[134,0],[111,-28],[70,15],[199,-31],[49,-27],[54,-72],[70,-7],[35,-49],[93,-61],[87,-31],[89,11],[-15,-99],[48,-9],[82,-203],[21,-69],[99,-100],[14,-68],[217,16],[376,-51],[208,-28],[141,40],[307,-52],[50,5],[84,-29],[77,-98],[266,-64],[167,-89],[201,42],[-2,-73],[101,-8],[31,-17],[68,56],[152,85],[232,104],[361,59],[159,-19],[41,18],[136,0],[46,35],[190,77],[136,185],[169,83],[42,50],[45,12],[-31,95],[-74,79],[-33,71],[89,205],[55,42],[110,-4],[51,-52],[134,-47],[129,-19],[72,60],[43,11],[93,92],[27,64],[56,16],[51,-18],[180,24],[89,77],[47,17],[10,71],[95,138],[64,32],[122,-13],[23,79],[105,-19],[25,31],[103,41],[107,-17],[25,30],[130,-53],[104,-2],[47,37],[-2,48],[-43,101],[-157,146],[-15,47],[-76,29],[-74,84],[-91,13],[-97,-17],[-99,-117],[-131,79],[-90,-13],[-66,9],[-99,-55],[-77,80],[-6,77],[70,44],[-2,91],[64,95],[-2,26],[165,338]],[[11063,11210],[95,-54],[108,-20],[74,-36],[105,56],[128,103],[134,16],[29,26],[13,93],[-15,90],[54,54],[4,55],[41,39],[19,65],[51,70],[33,89],[124,92],[54,75],[-39,82],[27,68],[-71,35],[-72,-20],[-35,63],[60,35],[155,149],[97,2],[274,75],[39,-12],[261,19],[101,-10],[130,-87],[107,-32],[83,19],[101,-58],[27,7],[91,-106],[-2,-47],[61,-34],[83,-136],[-23,-60],[52,-86],[39,-114],[48,-39],[-13,-87],[54,-56],[58,-125],[-4,-90],[57,-28],[-18,-56],[8,-97],[76,-69],[67,-19],[148,26],[21,-39],[144,-57],[44,29],[57,-53],[56,-88],[83,-58],[37,12],[60,-36],[-25,-63],[48,-42],[29,-73],[-38,-86],[58,-59],[31,-72],[101,21],[46,-28],[84,3],[168,25],[22,73],[40,-2],[94,66],[71,-14],[70,58],[122,39],[84,-2],[42,-33],[-29,-71],[2,-54],[45,-60],[-23,-55],[-53,-56],[-37,0],[-46,-60],[-35,-156],[-2,-62],[-41,-59],[14,-77],[-56,-42],[-8,-74],[-31,-16],[-29,-109],[-60,-27],[-22,-77],[6,-55],[-43,-38],[-259,76],[-20,31],[-66,-50],[-50,-80],[-97,-19],[-29,-28],[35,-51],[52,-223],[-25,-91],[0,-98],[29,-51],[-74,-187],[-58,5],[-93,-45],[31,-74]],[[10434,1541],[22,-26],[-20,-71],[-79,49],[37,39]],[[15361,5756],[-39,-8],[-45,-60],[-66,21],[-46,-40],[-41,59],[-70,-44],[-2,-89],[-35,-36],[-87,59],[-46,-24],[-47,16],[-27,-37],[-62,42],[-37,105],[101,15],[81,98],[68,20],[51,68],