{"type":"Topology","transform":{"scale":[0.005817106823952857,0.006355613027453564],"translate":[21.979877563000088,-26.846732942739767]},"arcs":[[[1474,3846],[-24,-70],[54,-23],[8,-47],[-53,-35],[-80,-119],[-46,-30],[-57,2]],[[1276,3524],[-30,82],[-3,143],[-33,47]],[[1210,3796],[19,20],[64,-37],[67,21],[7,57],[38,-14],[45,17],[24,-14]],[[3163,712],[-2,-7],[-6,3],[0,4],[8,0]],[[3693,2347],[-42,29],[28,22],[14,-51]],[[3655,6032],[-54,-77]],[[3601,5955],[-54,14],[-38,-13],[-102,-6],[-8,90],[108,146]],[[3507,6186],[51,-17],[30,39],[46,15]],[[3634,6223],[50,-73],[-10,-40],[-102,-43],[83,-35]],[[3507,6186],[-33,42],[-42,22],[-40,59],[-90,58],[-72,84],[-115,49],[-38,-5],[-63,21],[-42,-12],[-33,24],[-36,-24],[-78,-10],[-32,40],[-64,16],[-50,-105],[-47,53],[-50,-30],[-81,0]],[[2501,6468],[-18,134],[42,96],[49,87],[-13,40],[18,37],[0,48],[72,-6],[16,44],[146,54],[44,55],[56,-95],[41,-122],[12,-82],[52,-89],[64,-13],[43,-75],[80,-6],[26,-38],[68,-10],[78,-90],[114,-77],[16,-56],[27,2],[40,-58],[60,-25]],[[3601,5955],[-48,-58],[32,-67],[64,-56],[37,-69],[35,-12],[68,-55],[329,-99],[179,-57],[172,0],[-267,-236],[-84,-78],[-170,-171],[-168,6],[-76,-17],[-70,-31],[-57,-57],[-118,-14],[-37,-34]],[[3422,4850],[-132,-3],[-61,51],[-157,-66],[-14,-28],[-57,-35],[-93,8],[-69,17],[-68,-2],[-21,19],[-195,110],[-138,2],[-20,28]],[[2397,4951],[-30,37],[10,73],[-58,18],[-26,-14],[-58,78],[-42,126],[-75,51],[-46,45],[-4,25],[-50,39],[-120,28],[29,51],[8,47],[79,-14],[47,12],[25,28],[-8,130]],[[2078,5711],[5,36],[40,86],[-9,53],[54,50],[59,-6],[2,68],[22,43],[-6,31],[30,24],[70,107],[18,15],[67,5],[20,103],[26,34],[25,108]],[[3422,4850],[-93,-122],[-65,-61],[1,-345],[1,-235],[94,-110],[2,-20]],[[3362,3957],[-40,-41],[-65,-16],[-17,-50],[-36,-28],[-39,-1],[-38,-34],[-8,-77],[-27,-21],[-31,-81],[-42,-81],[-61,-39]],[[2958,3488],[-244,161],[-30,40],[9,56],[-199,101],[-184,95],[-234,119],[-26,7]],[[2050,4067],[8,139],[-10,36],[32,35],[12,42],[41,33],[20,46],[50,20],[-3,25],[35,45],[-2,67],[-39,115],[-53,54],[-27,84],[-51,80]],[[2063,4888],[69,63],[148,57],[57,-12],[6,-45],[54,0]],[[4706,2322],[100,-147],[28,-93],[23,-177],[42,-72],[1,-39],[-25,-58],[-52,-7],[-23,64],[-45,-15],[36,-109],[0,-49],[-72,-116],[14,-69],[-26,-110],[-49,-101],[-75,-201],[-75,-228],[-52,-108],[-12,-66],[-45,-150],[-82,-175],[-75,-34],[-106,-15],[-94,-46],[-61,-3],[-63,44],[-44,4],[-83,45],[-33,78],[-29,26],[-5,110],[20,27],[-28,55],[-40,43],[-24,96],[43,130],[58,29],[16,53],[98,141],[-17,31],[18,42],[-40,64],[2,50],[-36,59],[-3,103],[-15,50],[85,125],[2,74],[75,0],[65,41],[64,-3],[28,20],[74,17],[98,66],[35,0],[49,70],[37,0],[43,39],[-6,41],[51,24],[-24,63],[47,27],[102,32],[34,76],[-9,57],[-20,18],[100,57]],[[1600,700],[25,15],[168,159],[-12,25],[27,37],[3,52],[57,44],[32,79],[-37,21],[-8,46],[16,38],[14,202],[13,74],[-33,67],[14,37],[-107,40],[-68,4],[-31,33],[-74,29],[-151,4],[-1,58]],[[1447,1764],[-32,103],[104,34],[103,21],[42,17],[265,80]],[[1929,2019],[68,-78],[78,3],[51,17],[29,-35],[9,-105],[-58,-97],[27,-47],[106,-98],[13,-49],[39,5],[-16,95],[31,57],[69,19],[7,92],[-8,43],[10,78],[-67,81],[-97,95],[-44,6],[-16,26],[-9,101],[-23,76],[50,100],[54,-1]],[[2232,2403],[120,0],[28,26],[59,-27],[6,-19],[224,5],[55,24],[8,30],[58,9],[48,-22],[76,39],[61,1],[34,25],[90,29],[74,53]],[[3173,2576],[33,-30],[-40,-102],[31,-220],[-25,-31],[22,-30],[2,-97],[48,-156],[-49,-127],[-69,-63],[-10,-24],[-86,-83],[-69,-35],[-23,-28],[-60,-10],[-140,-47],[-119,-61],[-56,-69],[-58,-48],[-53,-62],[-22,13],[-78,-52],[-92,-90],[-63,-26],[-3,-108],[65,-64],[-13,-46],[39,-61],[11,-71],[28,-7],[3,-121],[-27,-147],[18,-51],[-61,-68],[-79,-34],[-158,-46],[-147,-69],[-51,-67],[17,-31],[43,-16],[-6,-91],[-134,1],[-10,126],[-25,40],[14,26],[-1,188],[-80,159],[4,36],[-44,124]],[[6143,1063],[-7,-61],[-51,-5],[-1,39],[28,37],[31,-10]],[[1929,2019],[-26,3],[-56,66],[26,21],[24,82],[1,48],[60,15],[-20,60],[10,38],[-14,76],[27,39],[-14,53],[64,40],[-25,54],[-37,24],[3,41],[-71,65]],[[1881,2744],[65,-13],[20,-20],[102,22],[89,-83],[11,-89],[15,-29],[-15,-41],[64,-88]],[[5812,904],[1,-39],[-75,12],[-22,32],[30,33],[50,-12],[16,-26]],[[1460,4057],[14,-41],[49,-46],[9,-74],[-10,-41],[-48,-9]],[[1210,3796],[-27,47],[51,49],[-5,42],[36,51],[41,21]],[[1306,4006],[96,5],[35,46],[23,0]],[[2063,4888],[-77,-70],[-67,0],[-22,16],[-44,-17],[-66,-6],[-48,-32],[-55,45],[-47,-24],[-58,21],[-56,-48]],[[1523,4773],[-51,55],[-61,19],[-64,61],[-7,28],[-48,23],[-33,-45],[-54,17],[-60,-10],[-44,-24],[-64,43],[-41,7],[-23,46],[-35,20],[-35,51],[5,33],[-24,35],[-100,41],[-43,56],[15,37],[-51,35],[-9,24],[-115,53],[-29,26],[8,53],[-70,52],[-122,32],[11,55],[64,26],[40,144],[31,24],[21,54],[129,19],[10,-35],[48,-37],[65,-69],[24,-7],[66,20],[140,-1],[26,-42],[137,-1],[28,44],[82,25],[22,47],[69,33],[81,-47],[45,-37],[84,9],[74,66],[48,70],[81,62],[-12,104],[-45,45],[114,0],[-3,34],[83,0],[-22,-99],[17,-117],[124,-102],[11,-27],[-12,-89],[29,-1]],[[3655,6032],[38,-22],[34,-57],[45,-42],[80,-51],[98,3],[63,39],[84,32],[109,-28],[36,10],[129,68],[130,-6],[85,29],[42,-13],[92,16],[143,37],[53,53],[38,10],[85,-24],[-29,-51],[-7,-50],[9,-81],[-8,-42],[-28,-13],[-18,-107],[3,-33],[-68,-87],[-60,-114],[-46,-35],[0,-29],[-79,-115],[-50,-96],[-7,-42],[-71,-110],[-72,-85],[-44,-70],[-79,-82],[-148,-144],[-100,-90],[-179,-92],[-115,-75],[-149,-121],[-238,-234],[-94,-131]],[[5758,3506],[-1,-17],[-14,8],[15,9]],[[2958,3488],[-7,-65],[-63,-148],[13,-50],[42,-27],[33,-47],[29,-6],[-4,-51],[-28,-65],[31,-65],[-30,-48],[36,-120],[27,-18],[23,-116],[33,-32],[44,-11],[36,-43]],[[1881,2744],[-92,43],[-122,35],[-56,51],[-47,-5],[-56,67]],[[1508,2935],[-53,94],[-25,70],[-35,41],[-70,48],[-36,86],[20,66],[-47,123],[14,61]],[[1460,4057],[61,10],[231,0],[298,0]],[[2988,3294],[19,-85],[-47,36],[28,49]],[[1306,4006],[-4,72],[27,161],[37,58],[0,50],[38,19],[16,37],[41,16],[35,41],[59,44],[42,62],[-58,36],[-36,6],[23,71],[-19,23],[28,56],[-12,15]],[[1447,1764],[-96,3],[-112,-31],[-53,-33],[-4,-57],[-21,-27],[-78,-23],[-87,-47],[-34,-57],[-91,-91],[-60,-20],[-84,30],[-40,-19],[-50,30],[-73,3]],[[564,1425],[-52,38],[-127,11],[-144,-25],[-108,76],[-72,75],[-32,12],[-29,72],[0,329],[0,166],[347,0],[-22,28],[28,68],[-13,30],[0,88],[18,38],[-11,67],[66,-24],[-2,-45],[140,26],[29,-63],[108,-41],[74,-1],[52,-16],[40,16],[11,45],[70,-47],[38,-58],[33,5],[102,-41],[25,-59],[24,1],[48,-80],[31,-6],[62,32],[46,-30],[0,200],[-94,-34],[-38,-1],[-36,47],[-63,47],[-17,52],[20,35],[28,111],[7,112],[-28,67],[-24,23],[67,47],[29,41],[-3,32],[316,44]],[[1600,700],[-77,18],[-87,-10],[-95,33],[-72,-9],[-59,33],[6,28],[-73,24],[-107,14],[-58,80],[0,89],[-57,3],[-21,57],[-86,29],[-96,61],[-68,143],[-45,39],[-42,59],[1,34]]],"objects":{"easternafrica.geo":{"type":"GeometryCollection","geometries":[{"arcs":[[0,1,2]],"type":"Polygon","properties":{"name":"Burundi","iso_a2":"BI","iso_a3":"BDI"},"id":"BDI"},{"arcs":[[3]],"type":"Polygon","properties":{"name":"French Southern and Antarctic Lands","iso_a2":"TF","iso_a3":"ATF"},"id":"ATF"},{"arcs":[[4]],"type":"Polygon","properties":{"name":"Comoros","iso_a2":"KM","iso_a3":"COM"},"id":"COM"},{"arcs":[[5,6,7,8]],"type":"Polygon","properties":{"name":"Djibouti","iso_a2":"DJ","iso_a3":"DJI"},"id":"DJI"},{"arcs":[[-8,9,10]],"type":"Polygon","properties":{"name":"Eritrea","iso_a2":"ER","iso_a3":"ERI"},"id":"ERI"},{"arcs":[[-7,11,12,13,14,-10]],"type":"Polygon","properties":{"name":"Ethiopia","iso_a2":"ET","iso_a3":"ETH"},"id":"ETH"},{"arcs":[[-13,15,16,17,18,19]],"type":"Polygon","properties":{"name":"Kenya","iso_a2":"KE","iso_a3":"KEN"},"id":"KEN"},{"arcs":[[20]],"type":"Polygon","properties":{"name":"Madagascar","iso_a2":"MG","iso_a3":"MDG"},"id":"MDG"},{"arcs":[[21,22,23,24,25]],"type":"Polygon","properties":{"name":"Mozambique","iso_a2":"MZ","iso_a3":"MOZ"},"id":"MOZ"},{"arcs":[[26]],"type":"Polygon","properties":{"name":"Mauritius","iso_a2":"MU","iso_a3":"MUS"},"id":"MUS"},{"arcs":[[-24,27,28]],"type":"Polygon","properties":{"name":"Malawi","iso_a2":"MW","iso_a3":"MWI"},