{"type":"Topology","transform":{"scale":[0.0065433726218938745,0.004237547004410696],"translate":[12.246148677098786,41.23810414700006]},"arcs":[[[2496,591],[4,-48],[-22,-37],[-57,-4],[-31,-79],[1,-76],[-24,2],[-34,-38],[27,-30],[13,-46],[36,-47],[-70,-26],[-42,39],[-53,-23],[-50,-6],[-9,-30],[-74,-31],[18,-62],[-45,-33],[-51,2],[-40,-18],[-61,39],[-47,8],[-22,21],[-59,0],[-67,-37],[-50,7],[-53,-12],[11,87],[-25,70],[-48,27],[-29,44],[25,21],[-13,40],[13,70],[36,6],[36,58],[-37,57],[-33,22],[-26,78],[10,48],[27,13],[15,39]],[[1596,706],[30,-56],[5,-38],[62,13],[128,-32],[52,11],[71,-11],[60,-23],[64,19],[52,63],[139,42],[55,-39],[84,-11],[43,-49],[55,-4]],[[2430,3517],[22,-23],[49,10],[14,-30],[50,16],[53,-17],[13,-63],[62,33],[54,7],[106,-68],[-18,-67],[32,-57],[-37,-57],[62,-42],[24,-93],[65,-34],[1,-63],[50,-2],[60,-35],[-4,-28],[40,-49],[-91,-60],[-113,24],[-20,-40],[49,-68],[5,-91],[25,-57]],[[2983,2563],[-45,4],[-84,-13],[-62,-109],[19,-62],[-48,-1],[-27,36],[-49,-13],[-32,13],[-45,-28],[-31,61],[-39,-15],[-77,-8],[-74,19],[-95,-3],[-12,36],[-49,0],[-69,24],[-98,19],[-89,5],[-124,-18],[-60,-68],[-38,14],[-19,-30]],[[1736,2426],[-7,56],[12,78],[-72,48],[34,52],[73,38],[4,113],[-46,109],[-16,77]],[[1718,2997],[24,-9],[85,13],[27,-16],[68,58],[108,51],[39,123],[54,23],[26,42],[41,-7],[30,44],[-49,6],[22,80],[59,38],[93,-8],[49,72],[36,10]],[[392,2270],[32,36],[32,-8],[18,-45],[77,-26],[73,-8],[1,-63],[56,-66],[72,68],[107,-98],[33,12],[60,-29],[54,-91]],[[1007,1952],[-43,-5],[-56,-50],[-14,-48],[-86,-61],[-49,12],[-41,-62]],[[718,1738],[-7,22],[-58,26],[-22,-18],[-53,7],[-103,50],[-57,9],[-10,-59],[-34,-40],[-58,-8],[-42,10],[-48,63],[-52,30],[-71,80],[-42,23],[-29,83],[11,29],[-43,33],[23,64],[94,42],[77,47],[127,45],[71,-6]],[[1511,1691],[114,-108]],[[1625,1583],[-37,-41],[-56,-12],[-43,-54],[-26,-76],[-28,-35],[-20,-70],[-29,-26],[-40,-90],[-33,9],[-26,-32],[-65,-7]],[[1222,1149],[-91,16],[-63,-47],[-86,-15],[-41,-40],[-114,24],[-48,27],[-20,37],[-36,22],[-21,41],[-50,28],[-28,76],[24,135],[22,54],[65,18],[14,72]],[[749,1597],[104,-60],[128,6],[27,62],[98,17],[21,27],[43,-24],[72,50],[17,45],[46,10],[50,-19],[48,17],[51,-54],[57,17]],[[2438,997],[-17,127],[25,103],[-2,53],[-31,84],[-35,30],[-37,76],[-43,53],[-39,104],[-63,30]],[[2196,1657],[35,31],[51,-7],[50,27],[38,-6],[68,-56],[92,-24],[23,-41],[36,-28],[-11,-67],[39,-54],[32,-5],[-3,-80],[60,-48],[-6,-53],[-109,-38],[-41,-86],[-70,-79],[-9,-37],[-33,-9]],[[1125,3119],[11,-4],[312,-15],[160,-4]],[[1608,3096],[32,4],[74,-57],[4,-46]],[[1736,2426],[3,-45],[38,-45],[32,-100],[-16,-73],[-43,-7],[-91,-99],[-70,-101],[14,-59],[-30,-48]],[[1573,1849],[-76,29],[-17,32],[-50,23],[-81,-2],[-24,-31],[-35,26],[-58,-3],[-40,-51],[-33,4],[-61,96],[-39,-46],[-52,26]],[[392,2270],[32,98],[-14,45],[-30,13],[-21,76],[25,56],[-33,81],[16,37],[-76,59],[30,52],[9,53],[-22,101],[43,1],[37,78],[164,50],[55,7],[43,61],[67,17],[61,33],[84,18],[86,-8],[21,-84],[63,-21],[93,26]],[[2438,997],[20,-33],[58,-23],[94,52],[50,-23],[1,-31]],[[2661,939],[-6,-84],[-65,-16],[-23,17],[-36,-33],[-2,-61],[-23,-32],[4,-78],[-14,-61]],[[1596,706],[-32,58],[22,38],[-47,12],[-20,-41],[-28,33],[-46,6],[-47,45],[15,65],[-78,44],[-33,35],[-30,96],[-50,52]],[[1625,1583],[34,30],[41,-19],[93,-7],[38,-16],[48,12],[54,-56],[56,45],[132,19],[27,55],[48,11]],[[3969,1384],[-2,55],[23,64],[60,20],[20,40],[135,-7],[10,63],[26,41],[-29,73],[3,55],[-22,48],[34,6],[39,68],[-28,64],[-27,-14],[-37,42],[-35,1],[-22,31],[-38,-13],[-42,38],[-72,23],[-30,-33],[-41,38],[-44,81],[-80,-20],[-43,-30],[-55,16],[-26,33],[-62,-18],[-42,36],[3,45],[-20,85],[-34,35],[-52,-7],[-58,22],[-27,29],[-10,70],[40,33],[-45,31],[-4,47],[-40,49],[-93,3],[-41,-29],[-82,19],[-13,-44],[-33,-24],[-50,14]],[[2430,3517],[10,33],[-13,63],[-73,78],[29,97],[-74,56],[8,38],[41,53],[-27,73],[9,41],[-23,85],[44,52],[50,119],[-2,65],[61,-17],[14,42],[53,-17],[48,50],[98,-15],[7,54],[-122,4],[-68,49],[18,78],[-77,-41],[-57,2],[146,127],[62,36],[118,114],[100,107],[93,75],[50,96],[-52,68],[-113,63],[-78,65],[81,59],[7,54],[-80,42],[-10,43],[-58,97],[36,25],[-15,55],[16,53],[43,37],[-36,100],[-120,166],[2,36],[124,122],[15,42],[-55,33],[-54,61],[-97,28],[-31,80],[52,70],[-53,15],[120,50],[14,39],[87,19],[93,42],[60,2],[-9,62],[131,-15],[54,52],[163,-72],[-66,-37],[128,-18],[174,-42],[199,-17],[262,-109],[115,-85],[35,6],[131,-72],[74,-13],[155,-76],[14,-104],[39,-57],[-28,-49],[-112,-95],[-169,-64],[-120,-19],[-138,16],[-117,39],[-74,2],[-157,29],[-75,43],[-69,-12],[-23,29],[-122,14],[-98,58],[29,-91],[99,-42],[133,-75],[46,-46],[-12,-69],[-48,-58],[72,-123],[-15,-73],[88,-58],[61,13],[74,-78],[151,-45],[110,32],[0,86],[-134,18],[-85,119],[37,14],[30,51],[102,-33],[57,-43],[48,0],[184,-73],[44,31],[50,-27],[53,4],[-23,81],[-101,113],[17,49],[69,28],[79,62],[84,17],[79,55],[52,56],[122,-26],[0,-5504],[-88,31],[-53,-10],[-71,6],[-36,29],[-56,9],[-55,39],[-26,-7],[-59,13],[-17,-41],[-41,42],[-112,137],[-59,43],[-64,17],[-19,37],[-90,30],[-27,57],[-69,42],[-30,5],[39,71],[40,-24],[42,-1],[24,29],[3,51],[34,21],[17,63],[55,47],[-27,38],[-46,23],[90,84],[60,15],[43,33],[-24,36],[-109,-20]],[[1125,3119],[34,33],[31,83],[183,-2],[-7,61],[49,0],[88,-40],[77,7],[34,-39],[-19,-103],[13,-23]],[[1573,1849],[-62,-158]],[[749,1597],[-46,85],[15,56]],[[3969,1384],[-97,-3],[-38,-49],[-47,-2],[-125,-50],[-47,-2],[-93,-85],[-73,-25],[9,-62],[26,-60],[44,-71],[23,-17],[100,39],[71,-10],[-27,-40],[3,-43],[-91,-18],[-39,30],[-90,-67],[-82,-25],[-21,-43],[-57,-39],[-36,4],[-37,49],[21,76],[-8,39],[-46,14],[-56,47],[-59,-3],[2,28],[63,48],[118,59],[-34,34],[-48,23],[-102,-18],[-38,13],[-44,51],[25,53],[-19,16],[-186,-20],[-1,-30],[-44,-82],[-44,-53],[-37,-4],[-15,-40],[-42,-26],[25,-56],[-15,-25]]],"objects":{"easterneurope.geo":{"type":"GeometryCollection","geometries":[{"arcs":[[0,1]],"type":"Polygon","properties":{"name":"Bulgaria","iso_a2":"BG","iso_a3":"BGR"},"id":"BGR"},{"arcs":[[2,3,4,5]],"type":"Polygon","properties":{"name":"Belarus","iso_a2":"BY","iso_a3":"BLR"},"id":"BLR"},{"arcs":[[6,7,8]],"type":"Polygon","properties":{"name":"Czech Republic","iso_a2":"CZ","iso_a3":"CZE"},"id":"CZE"},{"arcs":[[9,10,11,12]],"type":"Polygon","properties":{"name":"Hungary","iso_a2":"HU","iso_a3":"HUN"},"id":"HUN"},{"arcs":[[13,14]],"type":"Polygon","properties":{"name":"Moldova","iso_a2":"MD","iso_a3":"MDA"},"id":"MDA"},{"arcs":[[15,16,-5,17,18,-7,19]],"type":"Polygon","properties":{"name":"Poland","iso_a2":"PL","iso_a3":"POL"},"id":"POL"},{"arcs":[[20,21,-2,22,-11,23,-14]],"type":"Polygon","properties":{"name":"Romania","iso_a2":"RO","iso_a3":"ROU"},"id":"ROU"},{"arcs":[[[24,-3,25]],[[-16,26]]],"type":"MultiPolygon","properties":{"name":"Russia","iso_a2":"RU","iso_a3":"RUS"},"id":"RUS"},{"arcs":[[27,-13,28,-8,-19]],"type":"Polygon","properties":{"name":"Slovakia","iso_a2":"SK","iso_a3":"SVK"},"id":"SVK"},{"arcs":[[29,-21,-15,-24,-10,-28,-18,-4,-25]],"type":"Polygon","properties":{"name":"Ukraine","iso_a2":"UA","iso_a3":"UKR"},"id":"UKR"}]}}}