{"type":"Topology","transform":{"scale":[0.0027536950017921164,0.00234269126814885],"translate":[140.8640864086409,-22.596535125138285]},"arcs":[[[9845,521],[53,-64],[-39,-55],[-40,26],[-26,73],[52,20]],[[9598,804],[0,-84],[39,-13],[12,-94],[-105,37],[-26,49],[80,105]],[[8408,1074],[77,-86],[93,-8],[117,-101],[51,-62],[105,-37],[65,-127],[66,-44],[14,-45],[105,-44],[207,-173],[94,-94],[51,-16],[51,-105],[-25,-33],[-143,37],[-158,82],[-117,122],[-54,16],[-142,79],[0,28],[-119,95],[-37,75],[-171,140],[-25,90],[-54,47],[0,68],[-40,17],[-11,79]],[[5060,7305],[105,-29],[40,-81],[0,-48],[77,-58],[14,-63],[65,-35],[105,-115],[12,-122],[-77,-38],[-66,4],[-93,71],[-37,57],[11,101],[-91,46],[-79,112],[-12,165],[26,33]],[[4498,4800],[105,-57],[65,-18],[0,-39],[-131,26],[-39,88]],[[3700,5405],[65,6],[26,-29],[-26,-61],[-105,11],[0,64],[40,9]],[[3555,5620],[40,13],[40,-46],[0,-73],[-117,24],[-40,58],[26,64],[51,-40]],[[3453,5648],[0,-46],[-80,20],[-14,66],[80,6],[14,-46]],[[4211,5826],[26,-20],[105,-6],[65,-79],[-65,-20],[-40,44],[-79,42],[-12,39]],[[2524,7303],[91,-51],[-14,-81],[-51,11],[-40,61],[14,60]],[[2314,7331],[-39,-9],[-40,40],[0,50],[65,-8],[14,-73]],[[1857,7615],[-40,22],[26,72],[40,-20],[-26,-74]],[[4132,7858],[-26,-52],[91,-22],[-26,-48],[26,-89],[-51,-109],[-40,-27],[-79,-2],[25,-85],[40,-36],[0,-57],[-105,-66],[-51,22],[-91,-4],[-14,-110],[-131,-101],[-65,-7],[-26,-35],[-65,-13],[-54,-50],[-77,-9],[-79,17],[-40,-17],[-131,11],[-25,64],[-80,26],[-77,-7],[-105,86],[-130,35],[-40,46],[14,81],[77,-17],[40,22],[53,-22],[52,29],[91,-57],[170,37],[79,0],[12,96],[28,11],[51,-122],[66,6],[51,37],[93,-37],[26,39],[77,7],[0,72],[79,102],[54,37],[91,-15],[12,72],[-12,139],[-40,61],[14,62],[91,-11],[52,-51],[25,59],[80,2]],[[91,8533],[250,-125],[77,-24],[14,-45],[130,-35],[26,-22],[196,-68],[170,-28],[184,-160],[91,-31],[40,30],[65,-15],[0,-59],[117,-49],[54,-63],[11,-47],[91,-13],[80,-76],[65,-93],[40,-24],[0,-176],[-26,-92],[91,-13],[170,-50],[77,-64],[105,-40],[66,-48],[119,-2],[65,-62],[77,-121],[0,-129],[-131,-27],[-196,4],[0,-89],[66,-99],[14,-102],[116,-81],[80,-96],[156,-90],[39,-157],[0,-68],[80,-41],[37,-167],[105,-9],[105,35],[65,-6],[0,-66],[-51,-73],[12,-61],[91,-46],[198,-16],[-14,-53],[-91,-22],[77,-109],[93,-13],[66,-45],[0,-87],[102,-31],[14,-38],[-91,-52],[-65,0],[-119,52],[0,58],[-77,41],[-93,-4],[-131,46],[-51,-18],[-91,38],[-119,-5],[-52,40],[-104,-4],[-131,57],[-40,92],[-65,103],[-91,22],[-51,149],[-119,51],[-26,128],[-91,114],[0,55],[-93,110],[-77,19],[0,40],[-145,-9],[-26,31],[-170,35],[-14,61],[-91,-6],[-51,-38],[-54,40],[-26,-61],[-105,41],[-25,-57],[25,-77],[-130,-33],[14,-68],[-91,-2],[-131,-37],[-14,-40],[66,-24],[53,-46],[37,-70],[-11,-112],[-119,-36],[-26,-33],[-105,-65],[-170,67],[-208,-23],[-93,37],[-91,-33],[-51,48],[0,488],[0,455],[-40,46],[0,79],[40,83],[0,337],[0,437],[0,340],[0,514],[51,-4]],[[3700,8489],[65,-68],[80,-16],[11,-30],[80,-38],[51,-54],[79,-44],[131,-154],[40,-9],[11,-62],[105,-32],[79,-132],[26,-73],[-40,-46],[14,-53],[-51,-79],[-39,20],[-54,84],[14,158],[-65,142],[-131,152],[-79,20],[-52,35],[-65,85],[-184,135],[-26,59]],[[3399,8628],[79,-36],[0,-83],[-91,-7],[-53,70],[65,56]],[[2184,8812],[79,-4],[65,-51],[-14,-39],[-91,-9],[-130,35],[0,59],[91,9]],[[3163,9069],[54,-27],[0,-69],[-65,39],[11,57]],[[6968,4739],[54,-26],[142,-102],[-65,-6],[-12,39],[-79,29],[-40,66]],[[7440,5288],[51,-18],[79,-63],[171,-48],[39,-73],[0,-66],[-184,44],[-91,70],[0,46],[-65,108]],[[7465,5628],[54,-90],[0,-72],[-65,51],[11,111]],[[6929,5618],[170,0],[91,-75],[54,-68],[0,-49],[-66,-22],[-119,51],[-77,-4],[-105,21],[-65,95],[0,114],[26,16],[91,-79]],[[6224,5998],[40,-62],[-54,-31],[-26,86],[40,7]],[[7244,6077],[39,-77],[12,-128],[65,-37],[54,-134],[12,-85],[-77,39],[-80,84],[-105,322],[80,16]],[[6094,6151],[51,-26],[39,-86],[0,-57],[-118,60],[-12,76],[-119,18],[79,103],[66,-11],[14,-77]],[[5923,6185],[-39,-9],[-40,43],[14,66],[40,9],[37,-65],[-12,-44]],[[5713,6415],[80,-85],[-54,-49],[-65,88],[39,46]],[[6446,6408],[79,-33],[51,-76],[157,-75],[158,-132],[-14,-88],[-65,73],[-105,42],[-275,217],[14,72]],[[5713,6808],[196,-142],[0,-62],[80,-74],[-80,-14],[-77,53],[-105,149],[-65,53],[51,37]],[[10381,1259],[-79,48],[40,35],[53,-37],[-14,-46]],[[10290,1648],[40,-55],[-14,-51],[-105,46],[0,88],[65,15],[14,-43]],[[9975,2155],[40,5],[51,-71],[-11,-41],[-66,-11],[-25,50],[11,68]],[[9924,2570],[65,-83],[-53,-22],[-38,79],[26,26]],[[9975,2680],[-77,-17],[-65,35],[77,79],[65,-97]],[[9649,2768],[130,-105],[14,-53],[-144,-27],[-12,117],[-28,66],[-65,7],[26,99],[39,-18],[40,-86]],[[9427,3173],[117,15],[14,-123],[-26,-73],[-65,5],[-40,-35],[-53,68],[-26,202],[-26,42],[0,81],[40,26],[40,-61],[25,-147]]],"objects":{"melanesia.geo":{"type":"GeometryCollection","geometries":[{"arcs":[[[0]],[[1]],[[2]]],"type":"MultiPolygon","properties":{"name":"New Caledonia","iso_a2":"NC","iso_a3":"NCL"},"id":"NCL"},{"arcs":[[[3]],[[4]],[[5]],[[6]],[[7]],[[8]],[[9]],[[10]],[[11]],[[12]],[[13]],[[14]],[[15]],[[16]],[[17]]],"type":"MultiPolygon","properties":{"name":"Papua New Guinea","iso_a2":"PG","iso_a3":"PNG"},"id":"PNG"},{"arcs":[[[18]],[[19]],[[20]],[[21]],[[22]],[[23]],[[24]],[[25]],[[26]],[[27]],[[28]]],"type":"MultiPolygon","properties":{"name":"Solomon Islands","iso_a2":"SB","iso_a3":"SLB"},"id":"SLB"},{"arcs":[[[29]],[[30]],[[31]],[[32]],[[33]],[[34]],[[35]]],"type":"MultiPolygon","properties":{"name":"Vanuatu","iso_a2":"VU","iso_a3":"VUT"},"id":"VUT"}]}}}