{"type":"Topology","transform":{"scale":[0.01010706789047409,0.008838593638606241],"translate":[-17.015421518432937,8.68164174400006]},"arcs":[[[2535,3197],[-19,-18],[-17,-108],[18,-68],[-19,-65],[-39,-26],[-35,-60],[26,-77],[34,-13],[22,-60],[73,-56],[47,-208]],[[2626,2438],[-24,-13],[38,-57],[16,-55],[-5,-97],[15,-45],[-21,-65],[19,-51],[-8,-39],[-43,-44],[57,-81],[6,-61],[36,-43],[32,8],[82,-28],[42,-89]],[[2868,1678],[-148,-100],[-121,-81],[-175,-118],[-163,-158],[-159,-38],[-91,-18],[-9,92],[-81,30],[-12,18],[-50,10],[-15,28],[-47,28],[0,34],[-158,118],[-188,141],[-214,160],[-237,162],[-175,119]],[[825,2105],[0,42]],[[825,2147],[0,117],[104,79],[47,14],[138,11],[137,101],[72,23],[9,28],[-26,33],[15,46],[83,16],[30,38],[126,-5],[3,35],[-45,95],[0,97],[-20,57],[-34,56]],[[1464,2988],[47,5],[47,29],[44,43],[94,31],[81,46],[40,10],[127,7],[30,23],[52,-4],[36,16],[95,-2],[51,-28],[88,29],[23,21],[48,-22],[30,22],[55,-14],[83,-3]],[[5333,1506],[-208,0],[-201,0],[-297,0],[-202,0],[-270,0]],[[4155,1506],[0,133],[0,230],[0,279],[0,178],[-29,106],[30,65],[-13,71],[29,32]],[[4172,2600],[25,-18],[56,13],[98,-19],[69,-31],[115,-25],[20,-15],[48,15],[85,63],[37,-14],[35,25],[65,-14],[15,-32],[86,-18],[86,8],[55,23],[62,-178],[-20,-114],[-21,-47],[2,-38],[-35,-21],[-84,87],[-5,48],[-46,52],[-8,-54],[57,-89],[30,-26],[5,-48],[28,-33],[16,-70],[54,-102],[68,-150],[25,-32],[1,-73],[34,-80],[38,-14],[65,-73]],[[4155,1506],[0,-226],[-99,0],[0,-56]],[[4056,1224],[-256,144],[-269,152],[-266,150],[-173,-93],[-74,63],[-150,38]],[[2626,2438],[34,14],[38,55],[-15,65],[77,82],[66,33],[-4,85]],[[2822,2772],[79,-39],[42,-4],[62,12],[81,-21],[29,-23],[72,-15],[29,-82],[55,-44],[68,-5],[111,-35],[79,-56],[58,-17],[51,27],[28,35],[11,45],[-19,38],[12,70],[48,43],[104,43],[48,-1],[101,-34],[12,-46],[84,-24],[88,-4],[17,-35]],[[1149,3082],[6,-9]],[[1155,3073],[9,-29],[48,-39],[42,-10],[38,11],[63,-6],[37,15]],[[1392,3015],[3,-6]],[[1395,3009],[69,-21]],[[825,2147],[-11,-61],[-62,-3],[-32,-26],[-51,0],[-66,17],[-47,-15],[6,-28],[-38,-60],[-31,-8],[-39,-136],[-63,-49],[-21,-43],[-56,-30],[-26,-74],[-11,-89],[-41,-51],[-20,-46],[-91,4],[-125,-8]],[[0,1441],[8,55],[41,47],[23,66],[51,103],[56,74],[30,27],[12,84],[38,92],[77,48],[44,113],[20,26],[90,20],[57,27],[43,49],[47,26],[43,49],[48,79],[5,29],[-28,30],[4,86],[57,89],[1,44],[72,78],[103,43],[67,44],[52,95],[36,102],[52,16]],[[825,2105],[0,-144],[-81,-2],[-250,0],[0,-287],[-59,-22],[-53,-50],[14,-169],[-197,0],[-193,0],[-6,10]],[[5333,1506],[10,-59],[32,-45],[-16,-15],[10,-155],[18,-80],[49,-31],[22,-38],[39,-15],[-17,-48],[-86,-43],[-10,-33],[-40,5],[-12,-61],[8,-29],[-53,-131],[10,-96],[-14,-79],[-14,-23],[-11,-73],[-50,-17],[-58,-96],[-7,-93],[-37,-2],[-31,-36],[5,-33],[-23,-67],[-18,56],[-72,76],[-10,83],[12,71],[-45,-23],[-67,0],[27,-33],[7,-75],[-47,-45],[-27,-49],[-43,-49],[-48,-6],[-73,61],[-39,-24],[-13,-34],[-47,-18],[-17,-31],[-79,1],[-14,29],[-81,2],[-52,-10],[-65,75],[-5,27],[-72,-13],[-32,-58],[-24,-103],[-44,-23],[-62,6],[-3,47],[18,15],[-1,71],[-33,60],[-42,51],[3,58],[-30,16],[0,50],[-38,86],[-39,4],[45,67],[-19,46],[46,41],[-8,55],[49,65],[13,57],[89,2],[0,137],[-1,290]],[[1149,3082],[11,-3],[-5,-6]],[[1392,3015],[3,-6]],[[2535,3197],[113,46],[43,-15],[25,-55],[17,-99],[40,-22],[10,-51],[-51,-75],[-46,-25],[-8,-38],[27,-32],[78,-17],[7,-39],[32,-3]]],"objects":{"northernafrica.geo":{"type":"GeometryCollection","geometries":[{"arcs":[[0,1,2,3,4,5]],"type":"Polygon","properties":{"name":"Algeria","iso_a2":"DZ","iso_a3":"DZA"},"id":"DZA"},{"arcs":[[6,7,8]],"type":"Polygon","properties":{"name":"Egypt","iso_a2":"EG","iso_a3":"EGY"},"id":"EGY"},{"arcs":[[-8,9,10,-2,11,12]],"type":"Polygon","properties":{"name":"Libya","iso_a2":"LY","iso_a3":"LBY"},"id":"LBY"},{"arcs":[[13,14,15,16,-5,17,18]],"type":"Polygon","properties":{"name":"Morocco","iso_a2":"MA","iso_a3":"MAR"},"id":"MAR"},{"arcs":[[-4,19,-18]],"type":"Polygon","properties":{"name":"Western Sahara","iso_a2":"EH","iso_a3":"ESH"},"id":"ESH"},{"arcs":[[20,-10,-7]],"type":"Polygon","properties":{"name":"Sudan","iso_a2":"SD","iso_a3":"SDN"},"id":"SDN"},{"arcs":[[-14,21]],"type":"Polygon","properties":{"name":"","iso_a2":"","iso_a3":""},"id":"ESP"},{"arcs":[[-12,-1,23]],"type":"Polygon","properties":{"name":"Tunisia","iso_a2":"TN","iso_a3":"TUN"},"id":"TUN"}]}}}