{"type":"Topology","transform":{"scale":[0.0035636121857272377,0.003322137052516947],"translate":[112.92742393982988,-54.750420830999936]},"arcs":[[[8930,4221],[213,-36],[92,-57],[140,-40],[263,70],[50,-21],[51,54],[51,-17],[80,31],[61,-54],[-10,-147],[10,-182],[-71,-18],[-31,-131],[11,-96],[-141,5],[-132,-138],[-20,-86],[-70,-5],[-122,38],[-50,-15],[-70,70],[-42,77],[-50,27],[-81,147],[11,127],[-61,66],[-101,182],[-11,97],[30,52]],[[9829,4527],[92,-81],[10,-78],[-51,-8],[-71,101],[20,66]],[[8739,4425],[-51,-22],[-10,126],[71,16],[9,-104],[-19,-16]],[[6930,5770],[20,-52],[-60,-96],[-70,27],[-143,-22],[-40,29],[0,57],[141,29],[71,28],[81,0]],[[10,8810],[50,-121],[-31,-18],[-29,93],[10,46]],[[11325,9034],[20,-104],[-80,-175],[-21,73],[10,72],[51,39],[20,95]],[[7516,11530],[-71,-66],[-70,-13],[30,74],[71,21],[40,-16]],[[6677,12360],[10,-77],[-19,-102],[-81,27],[10,100],[80,52]],[[4900,13029],[29,-111],[-80,54],[-10,63],[61,-6]],[[4929,13085],[41,-29],[111,18],[51,32],[60,-9],[11,-46],[-52,-102],[-89,-59],[-81,41],[-52,43],[-29,91],[29,20]],[[8314,13258],[71,-123],[10,-54],[0,-159],[101,-48],[-30,-93],[51,-34],[39,-56],[-20,-89],[41,-11],[11,-129],[19,-16],[-19,-100],[50,-102],[30,-116],[50,-9],[121,73],[41,-5],[10,-68],[91,-74],[111,-70],[-30,-60],[20,-27],[-9,-74],[29,-66],[0,-59],[31,-43],[-21,-125],[81,-93],[71,-52],[-20,-30],[61,-102],[19,-66],[-40,-194],[91,-79],[-20,-91],[50,-75],[192,-102],[82,0],[40,-32],[10,-70],[100,-48],[92,-16],[40,-63],[30,27],[41,-57],[0,-106],[152,-127],[29,-120],[41,-75],[0,-77],[30,-100],[122,-82],[-20,87],[30,36],[40,-70],[182,-95],[-20,-78],[10,-138],[131,-125],[72,-52],[70,-7],[50,-63],[51,-116],[81,-38],[20,-77],[50,-73],[72,-13],[0,-141],[49,-54],[-9,-105],[20,-192],[-20,-120],[60,-53],[40,-97],[11,-89],[29,-18],[10,-208],[-70,-114],[0,-88],[-20,-118],[-40,-120],[-31,-45],[-10,-109],[30,-21],[-81,-249],[-80,-93],[0,-120],[-91,-57],[0,-39],[-92,-24],[-60,-64],[-10,-47],[-50,-27],[0,-57],[-42,-25],[0,-96],[-39,-70],[-60,-54],[-31,-145],[-40,-102],[-62,-55],[-70,-163],[-20,-14],[0,-131],[-71,-174],[31,-73],[-10,-109],[-50,-13],[-82,-69],[-333,-11],[-162,-50],[-102,-70],[-130,-125],[-92,-20],[-90,0],[-21,-50],[-50,-9],[-49,55],[-112,49],[10,93],[-60,3],[-31,-51],[-71,10],[61,63],[-41,84],[-121,-54],[50,-48],[-90,-25],[-91,-54],[-61,-64],[-90,-48],[-112,58],[-91,25],[-111,63],[-71,-10],[-60,37],[-61,4],[-61,-34],[-100,75],[-61,23],[-101,7],[-60,41],[-31,68],[-131,120],[-11,74],[30,53],[0,68],[-80,165],[-51,73],[-101,68],[61,18],[-31,50],[-90,-30],[-102,-54],[-70,-5],[-20,41],[90,59],[20,86],[-29,136],[-41,37],[-50,101],[-61,-115],[0,-77],[-61,-120],[-70,20],[-152,-54],[-10,25],[70,86],[92,-5],[30,98],[-10,129],[40,100],[91,99],[-40,71],[40,86],[-81,16],[-60,-57],[-21,-86],[-60,-84],[-162,-61],[-151,-172],[-31,-16],[-40,-98],[-51,-7],[-100,96],[30,42],[-30,134],[-112,103],[-10,90],[-29,52],[-102,5],[-41,41],[-19,63],[50,43],[-50,61],[-51,25],[-102,84],[-29,-32],[-102,7],[-91,68],[-70,7],[-92,-32],[-120,93],[-182,77],[-101,-41],[-182,9],[-323,-34],[-213,-99],[-131,-32],[-132,-45],[-171,-12],[-121,23],[-92,-20],[-110,-73],[-152,-57],[-20,-29],[-171,-41],[-61,-56],[-31,-118],[-131,-116],[-71,-16],[-71,37],[-252,-30],[-212,45],[-173,-23],[-89,-24],[-112,13],[-111,-52],[-51,-83],[-60,-39],[-81,18],[-122,-77],[-110,-89],[-122,-15],[-101,9],[-121,-12],[-121,18],[-101,48],[-132,118],[-101,45],[-71,9],[-9,154],[9,37],[121,11],[62,93],[0,104],[20,59],[0,292],[-82,141],[-100,202],[-40,181],[0,213],[-32,71],[-70,88],[-10,84],[-111,125],[0,125],[-61,156],[-110,165],[-72,68],[51,70],[30,-122],[71,-9],[20,77],[-91,77],[0,43],[-40,66],[20,55],[71,-103],[-10,-95],[50,25],[50,-97],[41,20],[10,164],[-60,58],[-61,136],[-41,23],[-20,113],[-60,82],[10,136],[50,113],[41,32],[0,125],[20,54],[-51,84],[101,238],[32,-18],[0,-175],[70,21],[19,59],[72,129],[121,43],[101,50],[30,47],[61,32],[40,55],[60,25],[10,38],[72,9],[71,48],[50,-16],[50,27],[81,-34],[111,25],[111,86],[132,16],[71,23],[60,81],[141,-31],[62,31],[120,16],[203,84],[71,48],[90,122],[30,100],[81,82],[122,104],[-41,52],[-20,104],[0,77],[40,77],[71,82],[61,25],[0,45],[61,0],[50,-65],[60,-145],[41,-46],[71,104],[10,59],[-51,66],[31,102],[-41,54],[232,-56],[-10,50],[61,18],[0,54],[-61,50],[10,70],[121,66],[101,109],[-20,59],[102,81],[60,28],[91,-37],[11,89],[181,32],[10,99],[61,9],[162,-102],[60,-56],[30,-57],[71,-54],[20,-55],[101,23],[141,-36],[52,11],[110,-54],[0,138],[-81,47],[51,98],[60,27],[11,95],[111,73],[20,45],[-30,34],[0,75],[61,11],[0,64],[60,32],[10,54],[51,-11],[70,18],[-10,63],[90,-9],[31,-32],[131,12],[51,-14],[81,25],[71,43],[10,132],[-70,58],[-72,-22],[-90,59],[0,34],[151,18],[91,-109],[71,34],[71,-100],[60,0],[132,-49],[50,4],[101,-54],[121,4],[61,-65],[141,47],[41,-50],[60,23],[20,-75],[82,7],[20,61],[-20,46],[50,31],[61,-97],[29,25],[41,-48],[-91,-104],[11,-93],[-51,-48],[-162,-34],[-10,-111],[40,-43],[-30,-118],[-81,-75],[-20,-65],[-41,-48],[41,-63],[31,-7],[171,-114],[0,-40],[122,-73],[19,-32],[61,12],[111,-77],[101,-37],[61,-81],[60,-50],[91,-34],[152,-37],[30,-76],[41,-55],[50,-9],[41,-41],[90,-32],[21,-25],[141,21],[91,54],[71,198],[41,34],[30,138],[30,43],[-20,43],[30,138],[50,118],[-40,195],[30,84],[-40,66],[10,113],[50,81],[-20,41],[10,80],[51,72],[-30,55],[21,127],[60,104],[40,156],[0,77],[51,14],[60,55]],[[12709,18578],[30,-13],[0,-34],[-30,-7],[0,54]],[[8971,20587],[20,-16],[-91,-93],[0,48],[71,61]],[[16315,18630],[42,-20],[50,11],[-10,-4],[-20,-5],[-10,-4],[-10,2],[-42,18],[0,2]],[[9223,21047],[-20,-9],[-10,23],[30,16],[0,-30]],[[15255,10244],[41,-133],[-92,32],[51,101]],[[14335,10435],[61,-61],[71,-5],[91,-70],[31,-41],[91,-29],[50,-89],[49,-54],[92,-41],[162,-122],[70,-66],[41,-11],[40,-73],[-20,-25],[-212,64],[-21,61],[-60,9],[-181,104],[-41,55],[-121,90],[-10,46],[-61,27],[-10,38],[-61,59],[-10,66],[-41,68]],[[15447,7746],[11,-9],[-11,-4],[-10,9],[10,4]],[[15154,16334],[10,-2],[0,-14],[-20,4],[10,12]],[[15447,2423],[71,-88],[-10,-34],[-82,-23],[-80,37],[101,108]],[[16832,4287],[-52,-5],[-9,-65],[101,-39],[10,-132],[51,10],[121,86],[140,-48],[-39,-111],[60,-70],[-81,-84],[-10,-41],[-111,-109],[-71,-129],[-142,-63],[-20,-71],[20,-67],[72,-12],[20,-50],[-71,-23],[-111,55],[-61,-43],[-262,-123],[-30,-68],[0,-122],[-71,-75],[-21,-75],[-50,-83],[0,-68],[-61,-5],[-71,-70],[-101,-57],[-71,-70],[-171,-30],[-51,30],[-70,-12],[-121,84],[-82,-18],[-40,61],[-80,12],[-31,-34],[-162,16],[-80,65],[0,55],[91,27],[-11,95],[143,152],[151,93],[40,57],[61,34],[50,63],[61,27],[91,7],[141,93],[102,30],[39,52],[101,47],[61,64],[91,32],[80,79],[52,77],[30,104],[41,68],[99,48],[72,122],[0,116],[152,111],[71,0]],[[16882,6123],[-10,-75],[70,-77],[51,-25],[71,12],[161,-86],[51,-64],[30,-95],[-30,-68],[91,-82],[-31,-97],[31,-68],[141,-55],[0,-52],[61,-9],[9,52],[-19,120],[80,-36],[30,-50],[0,-97],[31,-120],[141,-37],[60,-36],[122,-43],[122,39],[40,65],[81,39],[70,-2],[71,-30],[-50,-102],[0,-136],[-71,-79],[-40,2],[-30,-118],[-132,4],[-91,-35],[-40,-57],[30,-141],[-61,-111],[-30,-16],[-91,-127],[-81,-133],[-81,-71],[-90,-54],[-71,36],[-81,0],[-91,59],[101,82],[41,63],[41,127],[-21,68],[-91,75],[-91,14],[-71,68],[-81,13],[-60,45],[0,57],[120,70],[61,3],[51,43],[30,215],[41,102],[-31,123],[-50,81],[71,0],[-11,48],[-80,-25],[-21,77],[11,115],[-41,-4],[-50,66],[-31,-30],[-262,315],[30,21],[-10,68],[-122,149],[102,7]],[[6103,18766],[-22,-68],[-30,37],[52,31]],[[11315,13063],[132,-53],[0,-27],[-102,18],[-30,62]],[[10698,13491],[70,-12],[-19,-49],[-80,9],[29,52]],[[10588,13641],[60,-23],[0,-52],[-91,18],[31,57]],[[10507,13661],[-61,-18],[-10,45],[50,12],[21,-39]],[[11092,13786],[101,-19],[51,-38],[-30,-34],[-111,66],[-11,25]],[[9790,14829],[70,-37],[-20,-56],[-61,49],[11,44]],[[11749,14831],[60,-18],[51,-59],[0,-37],[61,-40],[11,-43],[50,-25],[80,-82],[10,-86],[-60,-30],[-50,7],[-61,39],[-41,50],[11,72],[-71,32],[-61,79],[-10,116],[20,25]],[[11032,15218],[51,-49],[-20,-34],[20,-64],[-51,-90],[-71,4],[0,-59],[41,-38],[0,-41],[-81,-46],[-111,14],[-10,-77],[-102,-73],[-162,-72],[-60,-7],