{"type":"Topology","transform":{"scale":[0.004828971448897101,0.004137602391923537],"translate":[44.02564548244052,3.236589065178622]},"arcs":[[[6320,8165],[-93,-46],[-94,17],[-223,-19],[-73,-23],[-70,-55],[-50,-9],[-97,-101],[37,-23],[52,-96],[-14,-61],[22,-23],[-34,-62],[-80,-66],[-19,-56],[27,-21],[-12,-73],[-42,-21],[-110,-2],[-67,20],[-34,-24],[58,-54],[6,-51],[30,-46],[-59,-45],[-95,-14],[-26,-101],[-36,-37],[10,-136],[-67,-72],[-42,-6],[-21,38],[-113,9],[-158,-145],[-109,16],[-64,-75],[-34,-11],[-21,-88],[12,-29],[-26,-146],[-240,-70],[-116,7],[-81,-44],[-107,26],[-226,-22],[-339,109]],[[3482,6434],[196,236],[8,53],[-29,78],[-179,29],[-5,124],[7,58],[-53,180],[-3,34],[56,68],[4,34],[-70,19],[-4,122],[32,40],[48,8],[-12,53],[51,62],[16,69],[-7,43],[33,83]],[[3571,7827],[56,-41],[102,-6],[44,-36],[73,-14],[97,50],[58,103],[193,74],[62,55],[9,74],[33,59],[5,48],[53,24],[91,2],[35,67],[39,-3],[91,-43],[147,13],[53,-48],[49,24],[106,-85],[136,84],[62,11],[74,-50],[11,77],[31,36],[76,8],[49,-21],[30,58],[-23,36],[66,52],[23,49],[81,32],[73,-46],[-17,-80],[71,-13],[-21,-80],[-13,-123],[36,-85],[48,-1],[87,64],[83,15],[27,47],[100,57],[99,-7],[7,-49],[90,43],[91,-3],[-24,-90]],[[10054,4530],[6,-135],[-59,10],[-57,-71],[-19,66],[0,62],[-43,173],[-41,69],[-33,18],[-38,-56],[-52,8],[-33,40],[-34,84],[-37,-15],[-5,-59],[37,-77],[1,-36],[-58,-67],[-30,-57],[-48,43],[-59,-55],[-117,16],[-9,75]],[[9326,4566],[-46,204],[24,56],[-55,16],[6,48],[-37,44],[41,153],[-55,7],[-69,44],[-24,36],[19,66],[44,-10],[22,72],[97,-2],[-18,71],[-61,12],[-21,35],[-71,61],[16,53],[91,81],[45,-55],[51,34],[15,-58],[73,-33],[26,52],[45,-60],[-6,-136],[24,-25],[101,-36],[82,-1],[92,13],[39,-14],[119,10],[78,-39],[-26,-28],[-39,-129],[-34,-8],[-37,-46],[-74,-12],[-31,-46],[-15,-72],[56,-87],[26,-65],[54,26],[-11,45],[41,54],[-6,37],[49,19],[43,-106],[0,-88],[29,-56],[16,-173]],[[9859,5926],[-8,-50],[32,-32],[51,8],[0,-70],[16,-66],[-158,-26],[-150,0],[-42,27],[-53,-34],[-63,-12],[-100,37],[-44,-9],[-57,31],[-26,50],[34,40]],[[9291,5820],[33,70],[109,130],[59,37],[83,9],[67,-24],[-2,-41],[107,-23],[41,29],[68,-34],[3,-47]],[[7655,6516],[-129,-106],[4,-38],[-36,-45],[15,-30],[-31,-44],[-20,-65],[89,-65],[10,26],[158,-118],[119,-82],[36,15],[85,-60],[44,10],[21,-51],[78,-12],[145,-3],[51,19],[44,-33],[60,-11],[12,-73],[34,-3],[101,-67],[64,28],[51,-69],[34,20],[57,-9],[89,-48],[65,40],[11,-36],[51,-19],[113,26],[36,-13],[25,77],[-41,93],[30,181]],[[9130,5951],[103,60],[40,-23],[10,-41],[-22,-69],[30,-58]],[[9859,5926],[70,-7],[32,21],[64,2],[52,35],[-2,40],[86,56],[13,31],[60,43],[58,6],[37,32],[72,25],[4,40],[74,54],[29,-26],[90,-29],[66,11],[46,49],[82,7],[91,-135],[4,-25],[60,-67],[90,-51],[7,-47],[-98,-94],[4,-55],[-30,-16],[-128,-21],[-151,-134],[-60,-21],[-17,-37],[10,-87],[-15,-78],[-96,-129],[34,-43],[-30,-85],[-32,-37],[-65,-174],[-102,41],[-32,-13],[-16,-200],[-62,-86],[19,-128],[-42,-44],[-53,21],[-28,-41]],[[9326,4566],[-11,-54],[16,-65],[-67,-20],[-29,54],[-35,-9],[-99,24],[-56,-44],[-105,-26],[-58,-54],[-17,-37],[34,-125],[-47,-35],[-14,-55],[-40,-20],[-29,-57],[-170,-67],[-23,50],[-46,-38],[34,-29],[-105,-96],[-91,-139],[-74,-90],[-96,-55],[-34,-33],[-43,-76],[-158,-94],[-47,-67],[23,-28],[-12,-56],[-121,-65],[-95,6],[-22,-85],[-32,-34],[-70,14],[-63,-30],[-55,-114],[-8,-52],[11,-90],[19,-37],[-16,-101],[26,-94],[-24,-63],[45,-43],[-25,-155],[-15,-49],[-54,-98],[-30,-119],[22,-101],[1,-189],[-21,-29],[-77,15],[-31,-34],[0,-41],[-53,-83],[-14,-52],[26,-33],[-123,-48],[-43,-36],[-26,-75],[-10,-69],[-115,-71],[-42,13],[-72,66],[-83,117],[-52,146],[31,1],[-21,102],[-29,26],[-23,87],[-44,111],[-12,61],[-63,144],[-83,124],[-65,159],[-23,144],[-24,107],[-19,31],[-29,124],[-54,60],[-43,156],[-26,14],[-36,98],[-29,38],[-37,198],[2,43],[-32,164],[-22,53],[-27,127],[-21,209],[-29,121],[23,109],[30,86],[-11,96],[-48,49],[0,57],[-24,118],[8,44],[-42,35],[-36,-123],[28,-33],[-40,-109],[-133,-77],[-99,-43],[-92,23],[-100,83],[-62,83],[-116,118],[-42,54],[37,25],[89,14],[76,43],[43,5],[41,82],[-22,14],[-86,-23],[-26,-26],[-102,20],[-77,43],[-65,58],[-31,82],[-45,-1],[0,60]],[[5003,4980],[30,28],[81,2],[1,78],[52,-9],[122,6],[31,-26],[53,-1],[24,28],[98,35],[40,-46],[33,31],[31,77],[-42,111],[-43,61],[-4,75],[-80,1],[-34,53],[16,146],[-71,12],[-73,55],[23,91],[92,100],[14,47],[72,59],[39,-23],[28,-56],[114,37],[114,21],[7,36],[59,72],[42,94],[111,59],[65,123],[29,94],[76,29],[43,34],[-17,48],[37,31],[57,91],[42,17],[-3,52],[23,68],[-26,61],[12,28],[154,77],[14,28],[-70,50],[-62,-2],[-14,69],[-60,4],[-9,51],[-66,49],[29,90],[-34,24],[-7,87],[11,45],[-45,49],[37,66],[68,24],[219,-52],[93,-11],[55,43],[102,9],[76,47],[27,46]],[[6839,7703],[155,93],[53,-10],[-11,-45],[60,-155],[66,-19],[65,-42],[11,-38],[-51,-33],[10,-127],[40,-59],[77,-31],[-2,-54],[34,-51],[-46,-61],[-69,-36],[-65,56],[-52,-12],[18,-59],[57,-81],[-14,-39],[30,-44],[-25,-23],[20,-54],[83,12],[18,-48],[62,-48],[37,10],[84,-47],[18,-53],[72,-25],[81,-64]],[[3482,6434],[91,-109],[77,-157],[53,-54],[94,-28],[45,-46],[39,-4],[-6,-52],[16,-121],[-3,-66],[76,9],[20,-89],[-32,-61],[-74,1],[-92,-31],[-13,-40],[-81,-25],[-20,-99],[-21,-16],[-14,-138]],[[3637,5308],[-36,-34],[-80,36],[-82,16],[-17,42],[-81,-27],[-53,-1],[-93,32],[-89,-15],[-43,39],[-95,10],[-64,-7],[-26,31],[-127,19],[-30,73],[-29,185],[-45,70],[-88,15],[-55,-11],[-37,-32],[-56,-6],[-38,-56],[-44,6],[-99,-72],[-83,27],[-18,26],[-123,-1],[-63,69],[-99,40],[-41,34],[-34,58],[-106,67],[-116,18],[-48,65],[-38,90],[-2,38],[-54,54],[25,34],[-60,21],[3,74],[-54,50],[-53,70],[-13,61],[-33,2],[-65,-42],[-26,30],[-50,2],[-75,50],[9,-79],[-94,-14],[-33,78],[-61,38],[1,123],[-70,5],[1,99],[32,96],[-87,143],[-61,16],[-84,71],[-92,50],[-36,-2],[14,70],[-57,93],[-48,13],[-42,94],[22,47],[-30,43],[17,36],[69,73],[6,34],[56,23],[-2,46],[-33,42],[20,88],[-64,-11],[-57,48],[-24,-8],[-25,103],[-27,-1],[-23,82],[-35,17],[13,50],[-29,23],[6,49],[-40,27],[2,70],[-78,38],[32,91],[-16,31],[-4,113],[-29,36],[-23,95],[78,12],[34,80],[69,-44],[58,-88],[54,-53],[142,-34],[84,5],[63,63],[41,15],[168,116],[43,-8],[59,-66],[-48,-35],[41,-45],[-61,-55],[84,-49],[33,-48],[62,3],[25,-158],[28,-37],[64,-32],[102,-4],[61,-27],[20,-51],[159,-101],[170,-37],[318,73],[92,-22],[30,13],[-26,120],[58,-5],[122,47],[9,53],[68,54],[116,39],[122,-10],[20,40],[71,6],[118,-32],[9,-41],[171,-46],[40,-35],[33,16],[106,-19],[64,-31],[3,-42],[59,-41],[69,-26],[74,-98],[152,3],[31,-126],[9,-122]],[[7547,1533],[73,-75],[23,-57],[90,-134],[16,-85],[39,-95],[51,-98],[1,-84],[-42,-126],[-66,-56],[-115,-46],[-44,-28],[-72,21],[-32,31],[-48,162],[0,49],[-34,263],[22,32],[29,100],[1,74],[35,68],[-11,41],[27,44],[-51,27],[9,31],[48,1],[51,-60]],[[6104,222],[-6,5],[6,12],[4,-13],[-4,-4]],[[7655,6516],[42,-47],[36,73],[46,27],[95,-19],[17,-52],[85,-48],[55,-55],[76,-18],[72,-106],[81,26],[33,-8],[34,-87],[122,-87],[70,11],[-16,-68],[127,-8],[34,-31],[20,-60],[50,27],[50,-22],[26,47],[114,-64],[132,-6],[74,10]],[[6783,7832],[56,-129]],[[5003,4980],[-21,-32],[-46,38],[-46,-16],[-62,69],[-40,173],[-95,7],[5,99],[-38,68],[-139,-25],[-39,-17],[-90,5],[-14,-17],[-88,7],[-63,-23],[-40,21],[-105,16],[-89,-40],[-172,10],[-83,-39],[-101,24]],[[6320,8165],[74,-17],[41,11],[51,-19],[18,-46],[74,-9],[39,-55],[8,-56],[-26,-32],[57,-70],[82,14],[45,-54]]],"objects":{"southernasia.geo":{"type":"GeometryCollection","geometries":[{"arcs":[[0,1,2]],"type":"Polygon","properties":{"name":"Afghanistan","iso_a2":"AF","iso_a3":"AFG"},"id":"AFG"},{"arcs":[[3,4]],"type":"Polygon","properties":{"name":"Bangladesh","iso_a2":"BD","iso_a3":"BGD"},"id":"BGD"},{"arcs":[[5,6]],"type":"Polygon","properties":{"name":"Bhutan","iso_a2":"BT","iso_a3":"BTN"},"id":"BTN"},{"arcs":[[7,8,-6,9,-5,10,11,12]],"type":"Polygon","properties":{"name":"India","iso_a2":"IN","iso_a3":"IND"},"id":"IND"},{"arcs":[[-2,13,14]],"type":"Polygon","properties":{"name":"Iran","iso_a2":"IR","iso_a3":"IRN"},"id":"IRN"},{"arcs":[[15]],"type":"Polygon","properties":{"name":"Sri Lanka",