{"type":"Topology","transform":{"scale":[0.003422702659620209,0.0024101306931630906],"translate":[-17.997533521809288,27.762761788835444]},"arcs":[[[11121,6134],[50,-94],[65,-29],[42,-120],[-11,-36]],[[11267,5855],[-19,-54],[10,-62],[-26,-36],[9,-78],[30,-93],[36,-66],[77,-36]],[[11384,5430],[15,-120],[-73,-58],[-35,-135],[-69,-16],[-28,-58],[-5,-83],[-33,-33],[-54,24]],[[11102,4951],[3,71],[-45,76],[-103,60],[-36,42],[28,66],[-51,82],[32,90],[31,160],[-31,57],[57,100],[-7,77],[-64,14]],[[10916,5846],[3,101],[-28,28],[39,85],[54,73],[66,-32],[71,33]],[[5757,6116],[-57,-31],[-25,69]],[[5675,6154],[87,6],[-5,-44]],[[10658,7180],[40,13],[47,-37],[32,-62],[38,3]],[[10815,7097],[45,24],[59,-18],[-14,-61],[-59,-96],[9,-87],[135,-107],[-19,-22],[-95,-10],[68,-82],[-34,-63],[-43,-32]],[[10867,6543],[-151,-118],[-13,-95],[-59,-34],[34,-124],[-34,-33]],[[10644,6139],[-52,23],[-175,115]],[[10417,6277],[-23,21]],[[10394,6298],[16,44],[-89,88],[-26,91],[-45,14],[-113,114],[-63,89],[-78,85],[-28,131],[-68,84],[-51,32],[20,152],[73,15],[61,-78],[102,84],[58,-17],[40,44],[76,-56],[89,-14],[66,15],[24,-29],[56,26],[73,6],[71,-38]],[[755,157],[10,-120],[-22,-25],[-68,-12],[-28,34],[-10,63],[33,71],[85,-11]],[[231,110],[-40,29],[39,45],[33,-44],[-32,-30]],[[550,336],[-74,-88],[-17,-87],[-73,-64],[-70,149],[119,28],[61,59],[54,3]],[[1096,152],[29,122],[45,126],[51,-38],[-7,-92],[-26,-70],[-92,-48]],[[38,447],[42,-45],[-31,-115],[-49,135],[38,25]],[[1325,574],[-5,-61],[-111,-58],[31,92],[85,27]],[[5719,4706],[14,-31],[-82,-70],[-37,38],[40,52],[65,11]],[[6187,5064],[-25,-36],[30,-52],[82,-2],[-21,-66],[-54,-96],[-66,-5],[-68,22],[-23,65],[-56,-36],[-39,59],[100,84],[140,63]],[[6461,5102],[56,-62],[-17,-39],[-68,46],[-54,4],[-4,46],[87,5]],[[5757,6116],[104,-60],[63,29],[54,-36],[137,54],[73,-16],[-14,-127],[30,-67],[-26,-50],[-63,-55],[-195,-110],[-71,-76],[-141,-32],[-160,-61],[-81,-93],[47,-45],[-96,-56],[-58,-119],[-83,-105],[-113,-215],[28,-168],[34,-72],[101,-74],[-90,-91],[-80,-32],[-83,-131],[-65,-175],[44,-43],[-65,-27],[-92,10],[-111,-78],[-49,-65],[-35,-102],[-59,-101],[-73,38],[-64,-11],[-23,-48],[-75,23],[-92,2],[-54,-24],[-55,19],[-133,2],[-109,-15],[-66,-85],[-72,0],[-83,-39],[-45,-113]],[[3698,3476],[-6,0]],[[3692,3476],[-73,-56],[-83,70],[-42,7],[-59,106],[17,28],[-62,51],[10,62],[-42,72],[-71,59],[-83,43],[-112,-5]],[[3092,3913],[-19,127],[-15,28],[26,68],[40,50],[12,55],[70,16],[20,60],[-50,10],[-56,97],[11,122],[90,126],[-57,37],[-44,90],[-2,57],[-67,89],[151,3],[47,133],[-49,72],[73,73],[-10,215],[-33,53],[36,21],[51,88],[94,63],[35,63],[-110,70],[-2,89],[-97,-6],[-80,12],[-7,-37],[-118,-19],[-30,27],[-96,-34],[-54,29],[40,57],[-73,32],[-87,-25],[-31,-30]],[[2701,5894],[-43,55],[31,66],[-24,77],[0,69],[-56,-7],[-19,134],[-44,8],[19,91],[49,17],[64,60],[40,-20],[126,56],[1,56],[103,84],[118,-15],[101,-71],[148,9],[42,-13],[83,20],[233,-15],[72,-30],[233,-44],[162,48],[80,8],[31,-36],[97,-32],[61,35],[124,-28],[34,-23],[79,-4],[83,37],[19,-43],[101,-20],[-10,-86],[47,5],[85,-38],[66,-4],[56,-72],[76,24],[78,-61],[61,17],[35,-22],[108,7],[0,62],[193,-51],[31,-50]],[[8020,6191],[22,-50],[6,-191],[-42,-62],[0,-102],[-33,-33],[-4,-57],[-50,-19],[-92,48],[-21,70],[19,40],[-12,91],[-52,54],[36,40],[-35,45],[72,91],[85,52],[101,-17]],[[3698,3476],[0,-12],[-6,12]],[[12241,3222],[40,-2],[89,-73],[111,33],[73,-1],[31,-33],[87,-1],[103,-20],[0,-67],[99,42],[68,-20],[-43,-76],[-79,10],[-156,-14],[-68,-22],[-110,-3],[5,49],[-104,58],[-120,18],[-118,2],[-19,23],[38,87],[73,10]],[[13509,3597],[-64,-150],[-70,-75],[-24,113],[59,74],[99,38]],[[12737,3874],[-44,-75],[-24,68],[49,49],[19,-42]],[[13133,4147],[-28,-48],[-41,29],[36,41],[33,-22]],[[11321,4187],[49,-37],[-30,-47],[-33,36],[14,48]],[[11269,4444],[69,-155],[-92,11],[-45,31],[17,55],[39,1],[12,57]],[[12874,4490],[26,-11],[2,-106],[-45,-61],[-35,27],[30,66],[-44,57],[66,28]],[[12107,4621],[52,-56],[56,-30],[96,-13],[28,-58],[-14,-51],[22,-76],[63,-32],[26,-62],[-105,45],[0,34],[-50,90],[-113,4],[-3,51],[-127,125],[-70,4],[50,71],[72,-4],[17,-42]],[[12975,4796],[59,-113],[-55,-34],[-82,27],[-91,61],[5,30],[143,55],[21,-26]],[[11081,4991],[-52,-71],[-33,56],[85,15]],[[12690,5087],[-52,-70],[-61,5],[5,54],[64,-15],[44,26]],[[12499,5335],[-41,-21],[-38,40],[38,57],[41,-76]],[[11384,5430],[95,5],[33,20],[53,-18],[60,44],[32,49],[95,29],[101,-17],[49,35],[12,55],[40,0]],[[11954,5632],[57,-10],[32,27],[115,-3],[127,65],[69,-4],[66,18],[19,-50],[99,-23],[94,-60],[91,31],[97,-4],[70,22],[17,34],[-35,111],[49,17],[108,-73],[12,-72],[-90,-60],[8,-121],[-71,-90],[-57,44],[-112,8],[-146,56],[-68,-64],[-48,3],[-38,43],[-49,-55],[-68,-42],[-87,21],[-35,-35],[54,-120],[-54,-41],[21,-38],[66,-40],[-49,-43],[-43,83],[-80,26],[-24,-28],[-122,79],[-21,35],[-49,-48],[-33,-94],[16,-53],[73,-93],[30,-92],[43,-30],[49,-73],[-126,-14],[35,-70],[11,-66],[-77,-37],[54,-39],[118,-55],[9,-59],[49,-5],[45,-56],[82,-27],[38,-223],[-54,11],[-64,69],[-68,32],[-103,-46],[25,-42],[3,-84],[54,-22],[21,-58],[-110,-25],[-3,41],[-44,36],[-54,11],[9,-70],[59,-114],[40,-132],[-21,-38],[16,-56],[-31,-24],[-54,113],[-49,4],[-26,-40],[-17,-105],[-30,14],[0,78],[-63,143],[-64,-17],[-2,-65],[-48,-11],[-18,66],[-36,51],[3,59],[32,40],[-44,101],[-125,115],[61,77],[17,78],[63,-24],[47,59],[55,17],[61,-51],[152,-61],[55,-52],[21,60],[80,8],[-31,44],[-59,-7],[-77,81],[-30,-35],[-161,44],[-132,-40],[-60,34],[-52,-38],[-15,67],[-84,189],[101,22],[-96,56],[-38,-25],[-120,117],[-36,84],[-49,67]],[[10644,6139],[18,-59]],[[10662,6080],[-193,162],[-52,35]],[[10084,7775],[98,-53],[10,-34],[134,-140],[49,0],[42,-46],[67,-21],[153,-20],[77,69],[66,9]],[[10780,7539],[-16,-51],[51,-101],[-7,-39],[49,-78],[-30,-57],[21,-80],[-33,-36]],[[10394,6298],[-77,77],[-71,46],[-56,70],[-74,17],[-49,41],[-122,-24],[-26,70],[-142,109],[-94,114],[43,70],[-85,89],[-35,60],[12,98],[-22,61],[-98,81],[-59,18],[-23,-81],[-76,-125],[-24,-13],[-67,101],[-34,119],[14,59]],[[9229,7355],[87,-27],[97,30],[45,-8],[61,79],[24,-56],[70,-8],[68,-34],[52,8],[-19,107],[59,44],[51,2],[36,162],[146,81],[26,58],[52,-18]],[[7957,5596],[91,-53],[22,-92],[59,-154],[-59,-110],[32,-81],[-11,-31],[-17,-225],[-16,-110],[-17,-26],[-91,43],[-55,-26],[-2,-70],[-45,-48],[-77,8],[-16,63],[-50,77],[0,59],[26,82],[-21,139],[28,86],[-7,81],[-43,110],[-51,19],[-2,43],[51,51],[63,-10],[71,35],[75,90],[62,50]],[[9262,7782],[-82,-72],[-11,-42],[74,-26],[-39,-48],[35,-41],[-17,-56],[62,-36],[-19,-63]],[[9265,7398],[-19,71],[-42,-21],[-113,25],[-17,-57],[-186,-82],[-33,21],[-42,-95],[38,-14],[23,-78],[47,-33],[-26,-58],[-49,0],[-11,-45],[37,-191],[99,-111],[70,-35],[90,-81],[106,-72],[68,-182],[28,-122],[38,-82],[193,-214],[113,-62],[94,-11],[171,15],[43,-21],[4,-43],[-87,-88],[19,-49],[186,-105],[136,-51],[121,-105],[152,-74],[12,-39],[78,-66],[63,-122],[-25,-34],[-17,-93],[-49,17],[-59,61],[-3,55],[-44,70],[-97,6],[-87,43],[-18,44],[-71,-28],[-92,-165],[10,-34],[-36,-53],[3,-61],[68,-29],[99,-82],[25,-173],[-131,-53],[-55,-64],[10,-122],[-78,-64],[-40,-55],[-30,-87],[-89,-4],[-34,27],[1,105],[40,15],[35,81],[-17,77],[104,49],[4,59],[-39,65],[-14,112],[-67,145],[-9,81],[-49,76],[-76,-29],[-65,69],[-54,24],[18,71],[-40,87],[-33,28],[-61,-26],[-73,94],[-70,-1],[-76,152],[-73,1],[-63,37],[-76,-30],[-51,73],[-80,25],[-80,101],[-31,14],[-26,69],[-91,56],[-52,100],[-76,51],[-51,8],[-43,88],[-54,55],[-47,16],[-14,60],[-54,-4],[5,136],[-59,93],[-16,132],[-45,86],[-97,26],[-158,114],[-145,31],[-80,-52],[-57,-68],[-37,-78],[-54,-41],[-76,-26],[-65,31],[63,94],[-19,37],[-71,-24],[-98,49],[-52,51],[-7,76],[61,58],[-21,67],[-75,33],[35,84],[64,37],[28,75],[-52,46],[-5,54],[-52,64],[54,31],[114,16],[53,32],[88,-28],[78,86],[-12,53],[105,81],[-2,-71],[52,-64],[68,-24],[43,-39],[72,108],[5,95],[57,13],[35,-83],[118,27],[39,104],[62,-25],[52,124],[150,-32],[45,78],[92,21],[79,-15],[111,44],[7,-66],[76,-95],[254,-58],[126,-13]],[[8881,6697],[17,-4],[11,26],[-30,-3],[2,-19]],[[9829,4357],[-126,-208],[-36,-118],[3,-62],[60,-94],[-61,-126],[0,