{"type":"Topology","transform":{"scale":[0.003956595330081551,0.002433340908619766],"translate":[-5.045924664729851,42.325660503000066]},"arcs":[[[3918,1865],[-18,53],[-64,-60],[-68,38],[-1,31],[-70,17]],[[3697,1944],[-15,85]],[[3682,2029],[32,60],[-26,51]],[[3688,2140],[102,-4],[90,-91],[76,107],[120,-71],[45,4],[91,79],[138,5],[65,36],[19,-26],[63,15],[8,-45],[58,-35],[17,68],[-46,37],[25,50],[-62,112],[72,59],[94,47],[29,85],[50,-26],[25,101]],[[4767,2647],[57,-68],[70,-18],[32,32],[63,-19],[27,77],[30,-6],[15,100],[42,-28],[54,14],[82,-47],[34,6],[68,-53],[69,-6],[41,32],[89,-36],[20,-66],[-27,-81],[59,-108],[-6,-162],[-65,-11],[-80,-117],[-17,-84],[18,-77],[-53,2],[-101,-117],[-56,-4],[-48,-40],[-102,15],[-58,-27],[-39,-52],[-44,-16],[-90,9],[-65,30],[-104,21],[-63,-5],[-209,57],[-73,124],[-43,19],[-50,-27],[-72,13],[-77,-20],[-37,-73],[-64,5],[-76,30]],[[2724,3466],[67,-4]],[[2791,3462],[46,-55],[5,-52],[35,-50],[-55,-102]],[[2822,3203],[-58,-5],[-44,-93],[43,-97],[-24,-44]],[[2739,2964],[-79,-18],[-19,44],[-115,80],[-41,73],[-89,-17],[-74,17],[18,36],[-29,96],[-90,20],[-28,50],[-91,25],[-36,104],[-86,-23],[-51,50],[-16,100]],[[1913,3601],[152,99],[57,19]],[[2122,3719],[10,-53],[62,17],[74,-33],[74,66]],[[2342,3716],[10,0]],[[2352,3716],[56,44],[134,0],[52,-89],[70,12],[87,-61],[-54,-117],[27,-39]],[[3682,2029],[-6,-84],[21,-1]],[[3918,1865],[-35,-131],[-32,34],[-40,-42],[15,-81],[-97,6],[-38,-20],[-30,81],[-45,-2],[4,-64],[-75,-150],[-37,41],[-58,23],[-46,63],[5,66],[-94,-75],[10,-52],[-68,-85],[-75,26],[-91,-42],[-41,18]],[[3050,1479],[-42,81],[-24,127],[-70,7],[-68,-55],[-38,65],[17,51],[76,68],[3,75],[56,32],[73,92],[14,104],[58,-34],[35,6],[53,63]],[[3193,2161],[126,-7],[141,92],[18,-40],[141,-18],[69,-48]],[[4810,4827],[54,-79],[-82,-15],[28,94]],[[4660,5065],[49,-67],[-60,-103],[-46,128],[57,42]],[[3193,2161],[-15,82],[23,90],[-12,38],[45,101],[15,113],[74,84],[22,60],[-65,28],[-72,1],[-65,55],[-31,-27],[-107,43],[-33,-21],[-55,114],[-38,8]],[[2879,2930],[1,46],[38,93],[-70,39],[-26,95]],[[2791,3462],[15,61],[-19,72],[54,112],[0,67],[-62,129],[78,18],[22,-19],[72,32],[11,56],[89,81],[2,65],[-86,35],[2,59],[87,26],[35,117],[3,114]],[[3094,4487],[-43,92],[50,82],[184,23],[54,-77],[81,54],[26,83],[69,-16],[40,110],[-93,73],[-6,46],[59,11],[38,38],[-81,94],[-8,66],[41,4],[159,-39],[26,15],[105,-35],[15,-83],[24,-27],[165,-74],[76,11],[3,-55],[-85,-68],[34,-32],[73,22],[30,-32],[50,26],[42,57],[114,17],[59,49],[40,70],[155,-79],[92,-64],[52,18],[19,-57],[33,-48],[-18,-14],[42,-43],[71,-9],[8,-92],[27,-103],[-16,-94],[-50,-37],[-5,-45],[132,-112],[-27,-64],[37,-124],[19,-18],[-41,-96],[31,-68],[3,-66],[53,-28],[20,-73],[-17,-85],[-49,-104],[-72,88],[-54,-1],[-8,-59],[-100,-64],[-70,-7],[-28,-45],[-54,-6],[-56,-37],[-116,-40],[-71,-91],[-7,-52],[71,-58],[-27,-84],[87,-147],[60,-20],[45,-73],[56,-57],[35,-4],[70,-83]],[[2739,2964],[43,-40],[44,22],[53,-16]],[[3050,1479],[-56,-40],[-1,-45],[44,-38],[3,-47],[45,-41],[-25,-79],[-55,-37],[-29,-82],[64,-34],[-36,-141],[7,-54],[42,-53],[88,-49],[61,23],[17,-39],[-54,-90],[-10,-50]],[[3155,583],[-8,8],[-10,-17]],[[3137,574],[-99,-72],[-20,-49],[-42,-8],[-12,-85],[-165,-51],[-124,53],[-48,4],[-2,49],[-195,15],[3,24],[-106,17],[-53,28],[-111,-106],[-32,1],[-69,-73],[-19,-68],[4,-159],[-30,-35],[-103,-59],[-63,42],[-57,-31],[-87,62],[3,44],[-77,0],[-25,42],[-167,51],[0,-61],[-92,-8],[-31,24],[-53,-17],[-67,59],[-64,-23],[-50,71],[-47,1],[-84,40],[-27,-7],[-5,88],[-87,20],[68,119],[49,296],[7,105],[21,91],[-7,141],[15,152],[57,-17],[19,27],[-89,80],[-10,34],[40,46],[4,45],[-31,88],[-82,78],[-76,35],[-13,54],[-66,76],[29,103],[-140,129],[14,58],[-88,41],[-73,-11],[-97,71],[-83,12],[-21,36],[-74,-35],[-78,92],[59,70],[-75,63],[-47,11],[5,59],[51,45],[81,11],[68,31],[91,-21],[55,52],[77,12],[119,-121],[74,57],[23,-27],[99,40],[12,-40],[75,8],[-18,98],[-10,141],[-49,66],[-20,63],[15,73],[58,-23],[82,19],[-9,-58],[31,-52],[91,-28],[104,-8],[49,-26],[74,32],[46,44],[-45,32],[40,77],[111,60],[126,35],[55,46],[38,84],[10,243],[99,57],[139,33]],[[624,2946],[11,-23],[-34,-3],[23,26]],[[3155,583],[-18,-9]],[[2122,3719],[49,17],[80,-29],[31,26],[60,-17]],[[2352,3716],[-77,36],[-32,-27],[-74,29],[6,55],[68,8],[58,-43],[15,50],[-34,89],[107,154],[48,117],[38,190],[42,-26],[118,79],[54,84],[98,43],[92,2],[97,20],[118,-89]]],"objects":{"westerneurope.geo":{"type":"GeometryCollection","geometries":[{"arcs":[[0,1,2,3,4]],"type":"Polygon","properties":{"name":"Austria","iso_a2":"AT","iso_a3":"AUT"},"id":"AUT"},{"arcs":[[5,6,7,8,9,10,11,12]],"type":"Polygon","properties":{"name":"Belgium","iso_a2":"BE","iso_a3":"BEL"},"id":"BEL"},{"arcs":[[-3,13,-1,14,15,16]],"type":"Polygon","properties":{"name":"Switzerland","iso_a2":"CH","iso_a3":"CHE"},"id":"CHE"},{"arcs":[[[17]],[[18]],[[-4,-17,19,20,-7,21,22]]],"type":"MultiPolygon","properties":{"name":"Germany","iso_a2":"DE","iso_a3":"DEU"},"id":"DEU"},{"arcs":[[-9,23,-20,-16,24,25,26]],"type":"Polygon","properties":{"name":"France","iso_a2":"FR","iso_a3":"FRA"},"id":"FRA"},{"arcs":[[27]],"type":"Polygon","properties":{"name":"Guernsey","iso_a2":"GG","iso_a3":"GGY"},"id":"GGY"},{"arcs":[[-14,-2]],"type":"Polygon","properties":{"name":"Liechtenstein","iso_a2":"LI","iso_a3":"LIE"},"id":"LIE"},{"arcs":[[-21,-24,-8]],"type":"Polygon","properties":{"name":"Luxembourg","iso_a2":"LU","iso_a3":"LUX"},"id":"LUX"},{"arcs":[[28,-26]],"type":"Polygon","properties":{"name":"Monaco","iso_a2":"MC","iso_a3":"MCO"},"id":"MCO"},{"arcs":[[[-11,29]],[[-22,-6,-13,30]]],"type":"MultiPolygon","properties":{"name":"Netherlands","iso_a2":"NL","iso_a3":"NLD"},"id":"NLD"}]}}}