{"type":"Topology","transform":{"scale":[0.005081973775360106,0.004651961506771782],"translate":[-25.35628884222824,4.272162177000112]},"arcs":[[[5697,1596],[-25,-60],[38,-59],[14,-68],[21,-49],[-16,-41],[-36,-26],[16,-24],[-24,-67],[-38,-11],[-1,-29],[-41,-53],[-10,-72],[-61,-8],[-9,-62],[3,-120],[-13,-69],[22,-183],[-13,-13],[13,-61],[-16,-70]],[[5521,451],[-161,-21],[-52,-12]],[[5308,418],[33,13],[-9,32],[-35,54],[13,69],[0,273],[-5,168],[-35,51],[-14,68],[-5,84],[-111,80],[3,70],[24,65]],[[5167,1445],[75,61],[31,42],[32,-18],[80,8],[55,51],[20,50]],[[5460,1639],[13,18],[-17,55],[93,35],[81,-82],[10,-25],[39,-15],[18,-29]],[[5032,2287],[-13,-78],[47,-64],[-9,-29],[55,-93],[64,-21],[4,-112],[29,-14],[83,-76],[57,-9],[28,26],[46,-28],[7,-39],[-33,-23],[63,-88]],[[5167,1445],[-82,2],[-128,28]],[[4957,1475],[-26,-1],[-44,-30],[-212,2],[-227,-3],[-22,-26],[-13,-50],[38,-174],[-12,-22],[22,-49]],[[4461,1122],[-15,-22],[-48,72],[-26,23],[-103,25],[-93,-27],[-37,-46],[-127,63],[-1,33],[-27,48],[-58,5],[-24,27]],[[3902,1323],[18,90],[-14,43],[36,19],[19,60],[-21,81],[48,41],[67,7],[67,63],[4,48],[33,84],[-25,43],[72,59],[36,-10],[39,-32],[69,20],[-7,54],[17,28],[44,-11],[26,90],[75,52],[61,-27],[25,9],[11,61],[54,3],[76,51],[52,18],[64,56],[95,-3],[89,-33]],[[4377,180],[-1,-4]],[[4376,176],[1,4]],[[4461,1122],[5,-102],[30,-173],[-20,-37],[-36,-22],[-29,-78],[-20,-107],[-36,-49],[-8,-50],[58,-214],[37,-9],[10,-45],[-22,-47]],[[4430,189],[-26,-8],[-45,22],[-21,-21],[-133,27],[-175,-24],[-122,-8],[-70,-14],[-177,-74],[-32,-6],[-103,-66],[-20,0]],[[3506,17],[-8,34],[0,117],[38,57],[-12,113],[-22,-1],[-48,29],[-22,64],[-73,8],[-55,52],[42,44],[13,56],[-39,117]],[[3320,707],[51,-4],[26,56],[15,61],[-49,34],[12,53],[104,3],[-26,53],[-30,6],[6,87],[13,48],[-41,-2],[-17,40],[-3,77],[36,47]],[[3417,1266],[30,9],[25,43],[46,10],[26,-44],[50,-10],[23,29],[54,29],[6,39],[82,16],[13,-78],[34,-37],[27,40],[69,11]],[[318,2374],[59,-65],[-47,-17],[-18,22],[6,60]],[[52,2777],[24,-20],[-43,-36],[-33,30],[52,26]],[[4957,1475],[33,-10],[-18,-98],[52,-51],[37,-19],[-8,-117],[-20,-48],[51,-15],[8,-39],[-17,-56],[14,-34],[-20,-44],[41,-38],[20,-41],[-28,-20],[7,-108],[-21,-53],[29,-28],[-26,-104],[22,-24],[18,-52],[92,-83]],[[5223,393],[-27,-23],[-12,-37],[-52,-14],[-71,6],[-65,-34],[-80,-29],[-26,-26],[-58,-33],[-39,0],[-46,-25],[-73,-16],[-29,-32],[-67,-30],[-52,39],[-150,37]],[[4377,180],[27,-5],[26,14]],[[2748,1748],[-23,-46],[31,-32],[31,-6],[28,41],[28,-1],[47,-66],[57,62],[26,4],[103,-37],[19,31],[62,38],[-3,32],[66,-24],[3,-43],[35,-58],[-9,-55],[84,-72],[-27,-24],[10,-34],[38,-11],[3,-100],[14,-25],[45,-20],[1,-36]],[[3320,707],[-40,29],[-10,-44],[-37,-52],[-38,-2],[-62,47],[16,35],[-17,53],[4,32],[-31,80],[-35,31],[-61,-24],[-43,13]],[[2966,905],[-26,-3],[-33,-35],[-10,49],[30,30],[-23,31],[1,48],[-30,9],[14,48],[-25,17],[-41,77],[-52,54],[-125,-1],[-46,-25],[-22,12],[-50,-15],[-37,-94],[-51,-32],[-32,-49],[-36,-1]],[[2372,1025],[-4,58],[-34,25],[-25,51],[-63,65],[-37,18],[-66,60],[-28,81],[-30,-1],[-9,51],[-43,6]],[[2033,1439],[66,117],[33,1],[48,32],[52,-6],[56,16],[-1,66],[-45,28],[49,26],[10,44],[-13,43]],[[2288,1806],[128,-8],[60,-43],[56,-10],[25,-18],[51,22],[68,-6],[72,5]],[[1693,1890],[-15,59],[53,53]],[[1731,2002],[205,0],[24,40],[59,10],[36,-6],[36,-37],[29,9],[50,-44],[67,27],[27,-53],[-74,-23],[-142,51],[-37,27],[-22,-41],[-113,-17],[-1,-34],[-166,1],[-16,-22]],[[2033,1439],[-36,34],[-40,14],[-15,46],[8,34],[-27,62],[-48,-22],[-28,4],[-71,51],[-5,21],[-74,50]],[[1697,1733],[69,9],[29,16],[103,-4],[101,53],[289,-1]],[[3506,17],[-35,2],[-48,32],[-58,15],[-201,122],[-151,152],[-2,12],[-79,58],[-66,24],[-6,32],[-46,31],[-58,25],[-25,47]],[[2731,569],[21,47],[48,49],[100,87],[0,54],[50,27],[16,72]],[[5821,3197],[1,-213],[1,-249],[-11,-40],[-1,-90],[-22,-20],[-37,-124],[-68,-48],[-4,-31],[-86,16],[-14,-19],[-329,-12],[-70,-63],[-60,-11],[-30,12],[-59,-18]],[[2748,1748],[-12,143],[-39,68],[-68,34],[-20,35],[23,17],[-3,82],[-44,48],[10,48],[-19,35]],[[2576,2258],[54,-2],[31,27],[-3,57],[24,82],[57,18],[27,-37],[50,-39],[26,-36],[35,69],[84,3],[35,-14],[58,0],[96,26],[394,0],[361,0],[31,179],[-53,44],[-22,222],[-20,196],[-36,354],[-25,236],[-23,208],[-33,311],[-32,292],[349,1]],[[4041,4455],[175,-124],[174,-125],[223,-158],[306,-219],[296,-211],[-1,-66],[95,-53],[5,-29],[48,-39],[61,9],[57,-55],[89,-17],[54,-31],[-4,-52],[12,-31],[-31,-55],[50,-38],[171,36]],[[2576,2258],[-43,52],[-59,28],[-36,77],[-53,25],[-16,66],[-35,49],[-64,-8],[-30,45],[-85,71],[-94,-3],[-159,-36],[-87,17],[-39,-18],[-26,-65],[-16,-78]],[[1734,2480],[1,99],[15,80],[57,133],[25,87],[5,63],[-9,113],[-27,107],[-49,58],[19,35],[-6,34],[30,48],[7,94],[-38,72],[-55,24],[-20,55],[-31,46],[-5,40],[385,0],[391,0],[-16,249],[-14,56],[30,57],[77,54],[53,11],[67,37],[0,229],[0,308],[376,0],[274,0],[5,4],[0,274],[195,-125],[272,-175],[293,-192]],[[7667,2028],[-49,2],[-25,-36],[-40,-2],[-85,-57],[-24,-45],[-82,11],[-40,28],[-81,25],[-157,2],[-95,-22],[-45,-26],[-67,-75],[-128,10],[-52,17],[-52,30],[-66,53],[-63,3],[-72,-46],[-38,1],[-51,-26],[-32,29],[-20,41],[-60,66],[-49,6],[-112,47],[-36,-4],[-28,-25],[-79,7],[-63,-17],[-51,-43],[-24,-4],[-7,-102],[-31,-53],[-56,-48],[4,-166],[-14,-13]],[[5821,3197],[300,62],[17,10],[233,218],[91,82],[267,171],[147,95],[201,129],[268,173],[297,-73],[23,-12],[125,-108],[147,81],[38,-215],[2,-105],[17,-14],[67,-106],[-14,-23],[85,-109],[-46,-93],[-17,-205],[-19,-245],[-17,-197],[-216,-246],[-105,-156],[-14,-65],[-62,-73],[31,-145]],[[7667,2028],[90,-135],[22,-114],[1,-35],[48,-7],[41,-49],[-9,-74],[4,-57],[-92,-61],[-31,10],[-45,-56],[-37,-73],[-26,-113],[-37,-16],[3,-59],[-13,-56],[-66,-34],[-13,-128],[-112,-86],[-6,-92],[-36,-56],[3,-23],[-49,-76],[21,-29],[-67,-55],[-7,-51],[-32,-37],[-49,2],[-8,54],[-35,25],[-9,27],[-46,25],[-20,-39],[-51,-1],[-23,26],[-49,-44],[-20,-3],[-15,-52],[-70,-47],[-13,-24],[-84,-80],[10,-45],[-19,-99],[-50,-78],[-49,-53],[-145,-6],[-73,19],[-8,-30],[-36,-21],[-168,-22],[-32,13],[-70,65],[-45,113],[-5,39],[-28,34],[-37,75],[-57,68],[-62,42],[-105,15],[-230,-13]],[[1697,1733],[-14,33],[10,124]],[[1731,2002],[-35,50],[-18,73],[-23,46],[-51,66],[-33,26],[46,28],[51,65],[66,124]],[[2731,569],[-71,50],[-131,51],[15,31],[-101,76],[4,50],[-34,22],[-29,97],[16,54],[-28,25]],[[5308,418],[-85,-25]]],"objects":{"westernafrica.geo":{"type":"GeometryCollection","geometries":[{"arcs":[[0,1,2,3,4]],"type":"Polygon","properties":{"name":"Benin","iso_a2":"BJ","iso_a3":"BEN"},"id":"BEN"},{"arcs":[[5,-4,6,7,8,9]],"type":"Polygon","properties":{"name":"Burkina Faso","iso_a2":"BF","iso_a3":"BFA"},"id":"BFA"},{"arcs":[[-9,12,13,14,15,16]],"type":"Polygon","properties":{"name":"Ivory Coast","iso_a2":"CI","iso_a3":"CIV"},"id":"CIV"},{"arcs":[[[17]],[[18]]],"type":"MultiPolygon","properties":{"name":"Cape Verde","iso_a2":"CV","iso_a3":"CPV"},"id":"CPV"},{"arcs":[[19,20,-11,21,-13,-8]],"type":"Polygon","properties":{"name":"Ghana","iso_a2":"GH","iso_a3":"GHA"},"id":"GHA"},{"arcs":[[22,-16,23,24,25,26,27]],"type":"Polygon","properties":{"name":"Guinea","iso_a2":"GN","iso_a3":"GIN"},"id":"GIN"},{"arcs":[[28,29]],"type":"Polygon","properties":{"name":"Gambia","iso_a2":"GM","iso_a3":"GMB"},"id":"GMB"},{"arcs":[[30,31,-27]],"type":"Polygon","properties":{"name":"Guinea Bissau","iso_a2":"GW","iso_a3":"GNB"},"id":"GNB"},{"arcs":[[-15,32,33,-24]],"type":"Polygon","properties":{"name":"Liberia","iso_a2":"LR","iso_a3":"LBR"},"id":"LBR"},{"arcs":[[34,-10,-17,-23,35,36,37]],"type":"Polygon","properties":{"name":"Mali","iso_a2":"ML","iso_a3":"MLI"},"id":"MLI"},{"arcs":[[38,39,-37]],"type":"Polygon","properties":{"name":"Mauritania","iso_a2":"MR","iso_a3":"MRT"},"id":"MRT"},{"arcs":[[40,-5,-6,-35,41]],"type":"Polygon","properties":{"name":"Niger","iso_a2":"NE","iso_a3":"NER"},"id":"NER"},{"arcs":[[42,-1,-41]],"type":"Polygon","properties":{"name":"Nigeria","iso_a2":"NG","iso_a3":"NGA"},"id":"NGA"},{"arcs":[[-36,-28,-32,43,-30,44,-39]],"type":"Polygon",