{"type":"Topology","transform":{"scale":[0.0004571805018698267,0.00037970890639562075],"translate":[131.1399110776584,-0.5518526967195996]},"arcs":[[[51809,3879],[-77,-8],[0,24],[77,0],[0,-16]],[[51964,11367],[0,-34],[-78,43],[78,32],[0,-41]],[[51732,11401],[0,-25],[-77,32],[77,35],[0,-42]],[[49335,15381],[-77,-9],[0,34],[77,33],[0,-58]],[[69749,15439],[0,-101],[-77,-8],[0,26],[-77,0],[-77,8],[0,101],[77,109],[77,35],[77,16],[0,-134],[78,-17],[-78,-35]],[[59155,19808],[78,-9],[154,0],[0,-109],[78,0],[0,-152],[-78,0],[0,-34],[78,-41],[0,-77],[-78,-26],[0,-7],[-77,-25],[-77,8],[0,24],[-78,-15],[0,66],[-77,26],[0,168],[-77,43],[77,84],[0,26],[77,17],[0,33]],[[44850,20904],[0,-152],[-77,42],[0,-17],[-77,9],[0,34],[77,18],[0,32],[-77,26],[77,25],[77,-17]],[[45314,21106],[77,-8],[77,0],[-77,-34],[0,-33],[-77,-17],[0,92]],[[40521,24058],[0,84],[77,0],[0,-59],[-77,-25]],[[15388,26588],[78,-9],[0,-50],[-78,-42],[-77,51],[0,-35],[-155,-227],[0,118],[78,84],[0,136],[77,33],[0,-17],[77,26],[0,50],[78,0],[-78,-33],[0,-85]],[[30080,37373],[0,-59],[77,-33],[0,-8],[78,-9],[0,-26],[-78,-75],[-77,-110],[-77,-84],[-78,-102],[-77,-67],[0,-110],[-77,-245],[0,-101],[-77,-16],[-78,8],[0,51],[-77,42],[0,160],[-77,9],[77,25],[0,185],[-77,17],[77,18],[0,8],[155,84],[0,34],[154,84],[0,58],[77,35],[0,211],[78,25],[0,25],[77,9],[0,-43]],[[82199,13501],[-77,0],[77,41],[78,26],[0,-34],[-78,-33]],[[84209,16806],[-77,-84],[0,50],[77,26],[0,304],[78,50],[77,42],[0,42],[77,51],[-77,-93],[-155,-203],[0,-185]],[[89391,17414],[0,-9],[-77,-17],[-78,42],[155,-16]],[[88850,17472],[-77,-8],[0,33],[77,-25]],[[88463,19952],[77,-9],[155,9],[0,-9],[78,-93],[0,-25],[-78,83],[-78,18],[-77,-25],[-77,25],[0,26]],[[88850,19960],[0,8],[77,67],[0,-50],[-77,-25]],[[89159,20128],[0,34],[77,17],[0,-17],[-77,-34]],[[87303,20264],[386,-177],[155,33],[232,59],[-77,-42],[-155,-26],[-78,-41],[-77,0],[-77,8],[-309,168],[0,18]],[[82277,20702],[155,0],[0,-43],[-77,0],[-78,35],[-155,17],[0,25],[155,-34]],[[81890,20988],[0,-17],[-78,52],[0,50],[78,42],[0,-127]],[[78178,30830],[0,-25],[-78,0],[0,41],[78,0],[0,-16]],[[30854,38664],[0,-25],[-77,-18],[-79,26],[-77,0],[-77,17],[77,50],[77,43],[0,32],[79,9],[77,51],[77,8],[0,-126],[-77,0],[0,-67]],[[31705,40773],[0,-35],[-77,35],[0,142],[-78,43],[0,42],[78,67],[0,67],[77,43],[0,-26],[77,-34],[-77,-32],[0,-102],[77,-43],[0,-93],[-77,-74]],[[32014,41404],[0,-42],[-77,17],[0,-169],[-155,17],[0,76],[77,101],[0,118],[78,25],[0,68],[77,18],[0,24],[77,17],[0,-76],[-77,-25],[0,-169]],[[31859,44491],[-77,0],[-77,9],[0,92],[154,-17],[0,-84]],[[32091,45419],[-77,-51],[0,67],[77,-16]],[[32246,47021],[-77,-43],[0,60],[77,-17]],[[32246,47737],[-77,-17],[0,25],[-78,44],[78,32],[0,-17],[77,-33],[0,-34]],[[32014,49019],[-77,-17],[-78,0],[0,59],[78,34],[0,185],[77,43],[77,-9],[0,-17],[78,-24],[0,-77],[-78,-26],[0,-41],[-77,-110]],[[31859,50773],[-77,-9],[-77,60],[0,168],[154,-9],[0,-210]],[[31240,53235],[0,-26],[-77,26],[0,68],[77,-8],[0,-60]],[[30854,54222],[77,0],[0,-51],[-77,-16],[0,25],[-77,25],[77,17]],[[30157,55512],[0,-25],[-77,25],[0,67],[77,9],[0,-76]],[[78332,159],[0,-159],[-77,8],[0,127],[77,24]],[[1469,9250],[0,-33],[-78,16],[0,59],[78,-8],[0,-34]],[[77,9410],[-77,-8],[0,76],[77,34],[0,-102]],[[2398,15424],[0,-35],[-78,43],[78,7],[0,-15]],[[6650,19605],[-77,-25],[0,136],[77,-26],[0,-85]],[[6804,19867],[0,-17],[-77,9],[77,49],[78,179],[0,-153],[-78,0],[0,-67]],[[7191,20541],[-77,-58],[0,-18],[-78,9],[0,127],[78,-84],[0,24],[77,77],[0,101],[77,0],[0,-161],[-77,0],[0,-17]],[[7345,20803],[78,-42],[0,-50],[-78,-9],[0,92],[-77,9],[0,42],[77,-16],[0,-26]],[[7733,21444],[-77,-84],[0,-228],[-78,-75],[0,-195],[-77,0],[-78,-24],[0,15],[-78,68],[0,236],[78,-8],[0,101],[-78,24],[78,26],[0,118],[78,51],[0,51],[77,8],[78,17],[0,236],[-78,25],[78,18],[0,-43],[77,-84],[0,-253]]],"objects":{"micronesia.geo":{"type":"GeometryCollection","geometries":[{"arcs":[[[0]],[[1]],[[2]],[[3]],[[4]],[[5]],[[6]],[[7]],[[8]],[[9]]],"type":"MultiPolygon","properties":{"name":"Federated States of Micronesia","iso_a2":"FM","iso_a3":"FSM"},"id":"FSM"},{"arcs":[[10]],"type":"Polygon","properties":{"name":"Guam","iso_a2":"GU","iso_a3":"GUM"},"id":"GUM"},{"arcs":[[[11]],[[12]],[[13]],[[14]],[[15]],[[16]],[[17]],[[18]],[[19]],[[20]],[[21]]],"type":"MultiPolygon","properties":{"name":"Marshall Islands","iso_a2":"MH","iso_a3":"MHL"},"id":"MHL"},{"arcs":[[[22]],[[23]],[[24]],[[25]],[[26]],[[27]],[[28]],[[29]],[[30]],[[31]],[[32]],[[33]]],"type":"MultiPolygon","properties":{"name":"Northern Mariana Islands","iso_a2":"MP","iso_a3":"MNP"},"id":"MNP"},{"arcs":[[34]],"type":"Polygon","properties":{"name":"Nauru","iso_a2":"NR","iso_a3":"NRU"},"id":"NRU"},{"arcs":[[[35]],[[36]],[[37]],[[38]],[[39]],[[40]],[[41]],[[42]]],"type":"MultiPolygon","properties":{"name":"Palau","iso_a2":"PW","iso_a3":"PLW"},"id":"PLW"}]}}}