{"type":"Topology","transform":{"scale":[0.0005331223116757512,0.00042796077983062506],"translate":[-178.1968920810746,-27.641208591999867]},"arcs":[[[14246,31275],[67,13],[0,-66],[-135,0],[-66,-13],[0,-39],[-67,-118],[-68,-39],[-67,66],[-67,39],[0,12],[67,53],[0,14],[135,0],[0,65],[67,26],[134,-13]],[[16396,31301],[0,-26],[-67,-27],[-67,-12],[0,118],[134,0],[0,-53]],[[16060,31458],[-67,-26],[0,52],[67,-26]],[[129289,1270],[67,14],[0,-92],[-67,-14],[-68,-26],[-67,0],[0,-39],[-134,-26],[0,-52],[-67,-14],[0,79],[67,170],[0,65],[68,14],[201,-79]],[[38034,13332],[-68,0],[0,131],[68,0],[0,-25],[67,-53],[0,-53],[-67,0]],[[34607,14969],[0,-39],[-67,0],[0,26],[-68,-13],[-67,26],[0,26],[67,39],[0,40],[68,13],[67,-13],[0,-105]],[[39177,17458],[0,-27],[-68,14],[0,92],[68,-14],[0,-65]],[[37698,17824],[-67,27],[0,65],[67,-13],[67,-40],[-67,-39]],[[38437,18230],[-67,14],[0,92],[67,51],[0,-157]],[[36152,19593],[-66,0],[0,39],[66,-14],[0,-25]],[[34540,20588],[0,-118],[-68,39],[68,40],[0,39]],[[32322,40338],[68,-105],[-135,91],[0,27],[67,-13]],[[37966,43598],[-66,14],[0,65],[66,-65],[0,-14]],[[15657,20274],[67,-14],[68,-183],[0,-52],[-68,0],[0,-79],[-67,-53],[-135,0],[0,79],[-66,13],[0,40],[66,78],[0,79],[68,92],[67,0]],[[90247,5998],[-68,0],[0,27],[68,0],[0,-27]],[[93607,7583],[0,-39],[-67,26],[0,65],[-68,79],[68,39],[67,-26],[0,-144]],[[89037,8683],[-67,-26],[0,26],[67,0]],[[63569,0],[-67,13],[0,183],[67,14],[0,-39],[67,-27],[-67,-40],[0,-104]],[[57253,8814],[-67,-26],[0,52],[67,14],[66,0],[0,-27],[-66,-13]],[[53893,9914],[-68,14],[-67,25],[0,40],[67,13],[68,0],[0,-92]],[[81107,10621],[-66,-91],[0,39],[66,52]],[[50331,11983],[0,53],[-67,65],[0,92],[67,0],[0,-210]],[[70491,13870],[0,-40],[-68,26],[-67,53],[0,65],[67,26],[68,-26],[0,-104]],[[80167,14327],[0,-39],[-134,92],[67,0],[0,-26],[67,-27]],[[74388,16030],[67,-79],[0,-78],[-67,131],[0,26]],[[70894,18650],[0,104],[67,-26],[0,-52],[-67,-26]],[[73178,19370],[-67,-13],[0,53],[67,-14],[0,-26]],[[69349,19736],[-68,-12],[0,26],[68,-14]],[[70356,19907],[67,-26],[0,-27],[-67,27],[0,26]],[[70356,21583],[0,39],[-134,53],[0,26],[134,-92],[0,-26]],[[77278,21740],[67,-52],[-202,223],[67,-27],[68,-65],[0,-79]],[[70155,22853],[-68,0],[0,132],[68,39],[0,79],[67,52],[201,118],[68,-13],[0,-92],[-68,-40],[-67,-91],[-67,-52],[-134,-132]],[[66862,23469],[-68,66],[-67,52],[0,40],[135,-158]],[[54228,23207],[68,-26],[134,-26],[68,-52],[0,-210],[-68,-53],[-67,0],[-67,39],[-68,14],[-67,92],[0,104],[-66,53],[-68,-14],[-134,-39],[-68,0],[0,27],[-134,26],[0,13],[-67,144],[0,39],[-67,40],[0,196],[67,65],[67,39],[134,27],[68,0],[67,-13],[67,-40],[68,-52],[0,-26],[66,-26],[0,-275],[67,-66]],[[53288,23744],[0,-105],[-68,-65],[-66,-39],[-67,25],[-68,53],[0,144],[68,0],[0,-39],[67,0],[0,26],[66,-13],[0,53],[68,0],[0,-40]],[[61150,24111],[68,-144],[-68,27],[0,117]],[[65921,24844],[-67,0],[0,39],[67,-12],[0,-27]],[[45561,25264],[-68,26],[0,25],[68,-25],[0,-26]],[[51070,25329],[-67,-14],[0,-25],[-67,25],[0,67],[67,12],[0,27],[67,-14],[0,-78]],[[50331,25172],[-67,-39],[-67,13],[0,-53],[-68,0],[0,105],[-66,223],[0,26],[66,26],[68,0],[0,-40],[67,-51],[67,-184],[0,-26]],[[63973,25525],[66,-26],[0,-52],[-66,52],[0,26]],[[50936,25421],[0,130],[67,-78],[0,-26],[-67,-26]],[[63838,25669],[-67,-12],[0,39],[67,-27]],[[65182,25748],[67,-26],[68,-92],[-135,118],[-135,-13],[-67,13],[202,13],[0,-13]],[[50129,25826],[68,-12],[0,-66],[-68,-13],[0,-92],[-133,65],[0,106],[67,26],[66,-14]],[[49592,26023],[0,-52],[-67,39],[0,79],[67,13],[0,-79]],[[64510,25997],[0,-52],[-68,91],[68,-39]],[[63703,26128],[-67,-39],[0,65],[-67,78],[67,-26],[0,-39],[67,-39]],[[63368,26442],[67,0],[0,-39],[-67,39]],[[59806,26874],[-67,-52],[-67,13],[0,118],[67,13],[0,-26],[67,-66]],[[61351,26416],[-66,130],[-67,67],[0,117],[-68,118],[68,-26],[0,-170],[67,-106],[66,-130]],[[61150,27084],[-202,-26],[68,39],[67,13],[67,-26]],[[66996,27162],[-67,-209],[0,105],[67,65],[0,39]],[[61889,27437],[67,-117],[-134,143],[67,-26]],[[70020,27620],[0,-39],[-67,0],[0,39],[67,0]],[[56178,27516],[-68,26],[0,105],[68,13],[0,-144]],[[62965,27791],[-68,0],[0,39],[68,0],[0,-39]],[[61486,28393],[-67,-13],[0,27],[-134,26],[-67,52],[201,-78],[67,-14]],[[56513,29638],[68,-92],[-68,26],[0,66]],[[55505,29821],[-66,-39],[0,78],[66,-39]],[[61822,30306],[0,-40],[67,65],[0,-39],[-67,-26],[0,-26],[-68,0],[0,26],[68,40]],[[62494,30908],[0,-26],[-67,-39],[-67,-39],[0,-14],[67,53],[67,52],[-67,-26],[-67,0],[-68,-26],[0,26],[68,13],[67,0],[67,26]],[[74187,39958],[-68,-27],[0,289],[68,0],[0,-26],[67,-79],[0,-92],[-67,-65]],[[73313,41215],[-67,-26],[0,197],[67,65],[0,27],[134,-53],[0,-39],[-67,-14],[0,-26],[-67,-39],[0,-92]],[[73784,41792],[67,12],[-67,-91],[-68,-27],[-134,-25],[-135,25],[0,-78],[-67,-39],[-134,52],[0,65],[-68,27],[0,65],[68,26],[201,118],[67,13],[68,-13],[0,-79],[67,-25],[135,-26]],[[71566,42748],[0,-145],[-67,-65],[0,-26],[-68,26],[-67,157],[0,26],[67,39],[0,40],[68,0],[67,-52]],[[72440,43861],[67,12],[66,-39],[0,-91],[-201,-39],[0,183],[68,0],[0,-26]],[[71229,44070],[270,-52],[67,0],[0,-53],[66,-52],[0,-118],[-66,0],[-67,-39],[-68,26],[0,-26],[-134,-40],[0,-39],[-68,27],[0,52],[-66,117],[0,184],[66,13]],[[70289,45799],[0,118],[67,65],[0,27],[67,-14],[0,-39],[-67,-13],[0,-118],[-67,-26]],[[13171,42709],[-67,25],[0,40],[67,-14],[0,-51]],[[10752,44555],[-68,-26],[0,78],[68,-26],[0,-26]],[[3763,12390],[-67,0],[0,39],[67,-14],[0,-25]],[[6182,14485],[-67,-26],[0,78],[-67,53],[0,118],[67,12],[0,106],[67,26],[0,-367]],[[5376,15232],[67,0],[67,26],[68,0],[0,-132],[66,14],[68,-14],[0,27],[67,26],[0,39],[67,14],[68,-27],[0,-65],[-135,-92],[0,-144],[-67,-13],[-68,13],[0,91],[-134,53],[-67,39],[-67,27],[-68,79],[0,117],[68,40],[0,-118]],[[7258,18283],[-68,0],[0,53],[68,12],[0,66],[67,-13],[-67,-39],[0,-79]],[[5914,18362],[0,-26],[-68,-14],[0,40],[-67,78],[0,26],[67,39],[0,27],[68,-27],[0,-143]],[[7392,18440],[-67,0],[0,92],[67,26],[0,-118]],[[7392,18676],[-67,26],[0,92],[67,-14],[0,-104]],[[6652,20614],[0,78],[68,-26],[0,-25],[-68,-27]],[[8064,21112],[0,-53],[-68,-12],[0,39],[-67,-13],[0,-118],[-67,-39],[0,117],[-67,-26],[0,-26],[-67,0],[0,66],[67,39],[0,26],[67,65],[0,27],[67,0],[67,-14],[0,-39],[68,-13],[0,-26]],[[4838,28132],[-67,-39],[-67,39],[0,52],[134,52],[0,-104]],[[42402,111649],[0,-40],[67,14],[67,0],[67,-40],[135,-52],[135,-105],[268,-157],[67,-65],[68,-118],[66,-92],[0,-314],[68,13],[67,40],[67,-53],[0,-210],[68,-53],[67,-104],[134,-53],[0,-39],[67,-52],[0,-66],[-67,-39],[-67,-118],[-67,-39],[-135,-130],[-67,-27],[0,-26],[-67,-14],[-68,-52],[-134,-40],[-67,-39],[-67,27],[-68,0],[-67,-13],[0,-40],[-66,-39],[-68,-53],[-67,-26],[0,-25],[-67,-27],[-68,-65],[-67,-14],[-67,-91],[0,-170],[-67,-65],[-67,-92],[0,-40],[-67,-39],[0,-39],[-68,13],[0,91],[-67,39],[-135,67],[0,39],[-66,26],[-67,13],[0,79],[-68,12],[0,275],[68,341],[0,65],[-68,53],[0,183],[-67,39],[0,184],[-68,52],[0,118],[-67,27],[0,65],[-66,144],[0,65],[66,53],[0,52],[67,27],[0,91],[135,39],[0,79],[68,26],[0,79],[67,65],[0,65],[66,39],[-66,40],[0,39],[-67,118],[-68,105],[0,157],[68,79],[0,26],[67,0],[134,-40],[67,0],[0,-51],[67,-66],[68,-40],[0,-25],[67,-53],[67,-13]],[[40654,112565],[-66,-39],[-135,0],[-67,-26],[-67,53],[0,26],[67,52],[67,40],[68,25],[0,27],[67,0],[66,-66],[-66,-65],[66,-27]],[[39915,113037],[-67,0],[-67,52],[0,210],[-134,53],[0,104],[67,26],[67,0],[202,-26],[67,-92],[0,-26],[67,-52],[0,-105],[-67,-78],[-67,-40],[-68,-26]],[[40521,113719],[67,-27],[0,-26],[66,-26],[0,-92],[68,-39],[0,-79],[67,13],[0,27],[135,0],[0,12],[67,53],[0,13],[134,0],[0,-39],[67,12],[0,-51],[67,-14],[0,-39],[68,-26],[0,-53],[67,14],[0,-79],[67,-13],[68,-26],[133,-39],[0,-275],[-67,-14],[-66,-65],[-68,0],[-67,-66],[-67,13],[-68,0],[-67,-52],[-67,-40],[-67,-12],[-67,12],[-135,0],[-67,53],[0,406],[-67,13],[-68,0],[0,-40],[-133,53],[0,26],[-68,0],[0,39],[-67,53],[-67,79],[0,196],[67,53],[0,39],[67,26],[0,27],[68,0]],[[39310,114176],[68,0],[0,-39],[67,0],[269,-52],[67,0],[0,66],[67,0],[0,-79],[135,-27],[67,0],[135,27],[66,-13],[0,-26],[68,-14],[-68,-78],[0,-65],[-134,